pred,label,confidence,utility,decision,label_name
8,8,0.9991825222969055,0.5448155586675115,APPROVE,Colorectal Adenocarcinoma
4,4,0.9998677968978882,0.5452952508881994,APPROVE,Mucus
4,4,0.9998881816864014,0.5453095202401587,APPROVE,Mucus
3,8,0.9627776741981506,0.5193321649983831,APPROVE,Colorectal Adenocarcinoma
4,4,0.9354814291000366,0.5002247934297033,APPROVE,Mucus
4,4,0.9997625946998596,0.5452216093495794,APPROVE,Mucus
8,8,0.9945683479309082,0.5415856366113134,APPROVE,Colorectal Adenocarcinoma
0,0,0.9999573230743408,0.5453579192117163,APPROVE,Adipose
6,6,0.9999982118606567,0.5453865413621374,APPROVE,Normal Colon Mucosa
8,8,0.9991474151611328,0.5447909836724706,APPROVE,Colorectal Adenocarcinoma
8,8,0.8189706206321716,0.41866722750219776,BLOCK,Colorectal Adenocarcinoma
6,6,0.999988317489624,0.5453796153024145,APPROVE,Normal Colon Mucosa
8,8,0.9999706745147705,0.545367265220017,APPROVE,Colorectal Adenocarcinoma
6,6,0.9999662637710571,0.5453641776994177,APPROVE,Normal Colon Mucosa
0,0,0.9799984097480774,0.5313866798833319,APPROVE,Adipose
5,5,0.8907667398452759,0.4689245109513708,BLOCK,Smooth Muscle
0,0,0.9930846691131592,0.5405470614388891,APPROVE,Adipose
2,2,0.9996058344841003,0.5451118771985479,APPROVE,Debris
0,0,0.9997560381889343,0.5452170197919317,APPROVE,Adipose
5,5,0.9936588406562805,0.540948981519074,APPROVE,Smooth Muscle
2,2,0.9996325969696045,0.5451306109384008,APPROVE,Debris
0,0,0.9302648305892944,0.49657317447218374,BLOCK,Adipose
1,1,0.999948263168335,0.5453515772775122,APPROVE,Background
8,8,0.9997499585151672,0.5452127640202947,APPROVE,Colorectal Adenocarcinoma
8,8,0.6211560368537903,0.2801970188573309,BLOCK,Colorectal Adenocarcinoma
0,0,0.9936224818229675,0.5409235303357549,APPROVE,Adipose
1,1,0.9999942779541016,0.5453837876275488,APPROVE,Background
6,6,0.9995104074478149,0.5450450782731481,APPROVE,Normal Colon Mucosa
6,6,1.0,0.5453877930596777,APPROVE,Normal Colon Mucosa
5,0,0.5300558805465698,0.21642690944227655,BLOCK,Adipose
0,0,0.9999905824661255,0.5453812007859655,APPROVE,Adipose
8,8,0.9992570281028748,0.54486771273169,APPROVE,Colorectal Adenocarcinoma
0,0,0.9997555613517761,0.5452478397415307,APPROVE,Adipose
0,0,0.9996780157089233,0.5451935577915337,APPROVE,Adipose
1,1,0.9999849796295166,0.545408432535949,APPROVE,Background
2,7,0.7739319801330566,0.387171332888427,BLOCK,Cancer-Assoc. Stroma
5,5,0.9998145699501038,0.54528914576036,APPROVE,Smooth Muscle
3,3,0.9982026815414429,0.5441608238742973,APPROVE,Lymphocytes
4,4,0.9927054047584534,0.5403127301262047,APPROVE,Mucus
6,6,0.9981252551078796,0.5441066253708031,APPROVE,Normal Colon Mucosa
5,5,0.9989109039306641,0.5446565795467522,APPROVE,Smooth Muscle
6,6,0.9996860027313232,0.5451991487072136,APPROVE,Normal Colon Mucosa
4,4,0.9999932050704956,0.5454141903446342,APPROVE,Mucus
8,8,0.9935897588729858,0.5409317780063775,APPROVE,Colorectal Adenocarcinoma
0,0,0.5732904076576233,0.24672223215562364,BLOCK,Adipose
3,3,0.9999390840530396,0.545376305632415,APPROVE,Lymphocytes
6,6,0.9998681545257568,0.5453266549633171,APPROVE,Normal Colon Mucosa
2,2,0.998842179775238,0.544608472637954,APPROVE,Debris
6,6,0.9541385769844055,0.5133159506843712,APPROVE,Normal Colon Mucosa
7,7,0.9867275357246399,0.5361282218025353,APPROVE,Cancer-Assoc. Stroma
3,3,0.9998509883880615,0.5453146386669304,APPROVE,Lymphocytes
1,1,0.999943733215332,0.5453795600460197,APPROVE,Background
3,3,0.9999995231628418,0.5454186130092766,APPROVE,Lymphocytes
3,3,0.9986191987991333,0.5444523859546807,APPROVE,Lymphocytes
0,0,0.6460025310516357,0.2976207185314324,BLOCK,Adipose
1,1,0.9999101161956787,0.5453560281322625,APPROVE,Background
7,7,0.593536913394928,0.26089478617173695,BLOCK,Cancer-Assoc. Stroma
0,0,0.9864535927772522,0.5359364617393639,APPROVE,Adipose
0,0,0.9993528723716736,0.5449659574554588,APPROVE,Adipose
0,0,0.9925536513328552,0.540206502728286,APPROVE,Adipose
0,4,0.9984530210494995,0.544336061529937,APPROVE,Mucus
4,4,0.9999815225601196,0.5454060125873711,APPROVE,Mucus
4,4,0.9990307092666626,0.5447404432819511,APPROVE,Mucus
0,0,0.6569033861160278,0.3052513170765068,BLOCK,Adipose
8,8,0.9996079802513123,0.5451113580193637,APPROVE,Colorectal Adenocarcinoma
3,3,0.9999512434005737,0.5453516422238468,APPROVE,Lymphocytes
0,4,0.8173140287399292,0.41750559196139553,BLOCK,Mucus
0,0,0.9999572038650513,0.5453558145489811,APPROVE,Adipose
7,7,0.42373016476631165,0.1419968871798633,BLOCK,Cancer-Assoc. Stroma
4,4,0.9894042015075684,0.537968712898743,APPROVE,Mucus
0,0,0.9953721165657043,0.5421462534394382,APPROVE,Adipose
8,8,0.9978708028793335,0.5438953338589786,APPROVE,Colorectal Adenocarcinoma
0,0,0.999614953994751,0.5451162396397708,APPROVE,Adipose
8,6,0.5752325654029846,0.24804856762553434,BLOCK,Normal Colon Mucosa
2,2,0.9998018145561218,0.5452470420327304,APPROVE,Debris
8,6,0.626099705696106,0.28365556583071927,BLOCK,Normal Colon Mucosa
5,7,0.9998514652252197,0.545281797501099,APPROVE,Cancer-Assoc. Stroma
1,1,0.9999375343322754,0.545342045876038,APPROVE,Background
1,1,0.9999693632125854,0.5453643260922549,APPROVE,Background
5,2,0.9286189675331116,0.4954190491166232,BLOCK,Debris
3,3,0.9949924349784851,0.5418804763283848,APPROVE,Lymphocytes
0,0,0.8021213412284851,0.4068707107033847,BLOCK,Adipose
4,4,0.9991329312324524,0.5447788237061618,APPROVE,Mucus
0,0,0.999494194984436,0.5450317083325504,APPROVE,Adipose
3,3,0.9999874830245972,0.5453770099606632,APPROVE,Lymphocytes
8,8,0.999543309211731,0.5450660882916568,APPROVE,Colorectal Adenocarcinoma
4,4,0.9999734163284302,0.5453671632733463,APPROVE,Mucus
0,0,0.7713493704795837,0.3853303311791538,BLOCK,Adipose
0,0,0.4247991740703583,0.14274519369269595,BLOCK,Adipose
0,4,0.9064647555351257,0.47991110071803317,BLOCK,Mucus
8,8,0.998810887336731,0.5445533929791568,APPROVE,Colorectal Adenocarcinoma
1,5,0.8126213550567627,0.414220720383179,BLOCK,Smooth Muscle
8,8,0.9936755299568176,0.5409586428132175,APPROVE,Colorectal Adenocarcinoma
0,0,0.9847646355628967,0.5347210167374729,APPROVE,Adipose
3,3,0.9999942779541016,0.5453817664113163,APPROVE,Lymphocytes
4,4,0.9998856782913208,0.5453057466473697,APPROVE,Mucus
8,8,0.9594056010246277,0.5170226944262546,APPROVE,Colorectal Adenocarcinoma
0,0,0.9998094439506531,0.5453053844744723,APPROVE,Adipose
0,0,0.9998514652252197,0.545334799366669,APPROVE,Adipose
1,1,0.9999669790267944,0.5454156590277712,APPROVE,Background
8,8,0.9998602867126465,0.5453409744078677,APPROVE,Colorectal Adenocarcinoma
3,3,0.9999468326568604,0.5454015565688174,APPROVE,Lymphocytes
8,8,0.9994816184043884,0.545075906592087,APPROVE,Colorectal Adenocarcinoma
3,3,0.9992358684539795,0.5449038816268008,APPROVE,Lymphocytes
3,3,0.9999024868011475,0.5453705144698184,APPROVE,Lymphocytes
3,3,0.9999909400939941,0.545432431774811,APPROVE,Lymphocytes
4,4,0.9999520778656006,0.5454052282149355,APPROVE,Mucus
0,0,0.9989405274391174,0.5446971429163974,APPROVE,Adipose
1,1,0.9999536275863647,0.5454063130194705,APPROVE,Background
1,1,0.9999849796295166,0.5454282594496768,APPROVE,Background
4,4,0.9949888586997986,0.5419309747988742,APPROVE,Mucus
0,0,0.9151594638824463,0.48605039842672765,BLOCK,Adipose
1,1,0.9999768733978271,0.5454225850874942,APPROVE,Background
1,1,0.9999701976776123,0.5454179120833438,APPROVE,Background
5,2,0.9359895586967468,0.5006314647967379,APPROVE,Debris
3,3,0.9997836947441101,0.5452873600298922,APPROVE,Lymphocytes
1,1,0.9999849796295166,0.5454282594496768,APPROVE,Background
0,0,0.9999452829360962,0.5454004717642825,APPROVE,Adipose
8,8,0.9997528195381165,0.5452657473856967,APPROVE,Colorectal Adenocarcinoma
4,4,0.9999369382858276,0.5453946305090945,APPROVE,Mucus
5,0,0.6089881062507629,0.2717304480845493,BLOCK,Adipose
4,4,0.9998918771743774,0.5453630877310793,APPROVE,Mucus
6,6,0.9999935626983643,0.5454342675978702,APPROVE,Normal Colon Mucosa
8,8,0.9985999464988708,0.5444587362582247,APPROVE,Colorectal Adenocarcinoma
4,4,0.9999372959136963,0.5453948808486025,APPROVE,Mucus
0,0,0.9076547622680664,0.48079710729666175,BLOCK,Adipose
8,8,0.9590396881103516,0.5167665553862613,APPROVE,Colorectal Adenocarcinoma
1,1,0.9999523162841797,0.545405395107941,APPROVE,Background
4,4,0.9999054670333862,0.5452971330919851,APPROVE,Mucus
5,5,0.9911473393440247,0.539166443709432,APPROVE,Smooth Muscle
0,0,0.9999878406524658,0.5453547946253408,APPROVE,Adipose
6,8,0.9186003804206848,0.488383572463094,BLOCK,Colorectal Adenocarcinoma
8,8,0.8803341388702393,0.46159720337778215,BLOCK,Colorectal Adenocarcinoma
0,0,0.8469051122665405,0.4381968847551931,BLOCK,Adipose
8,8,0.9996100068092346,0.545090310935079,APPROVE,Colorectal Adenocarcinoma
4,4,0.9995484948158264,0.5450472525396932,APPROVE,Mucus
0,0,0.9999948740005493,0.5453597179689993,APPROVE,Adipose
0,0,0.9991870522499084,0.5447942427435506,APPROVE,Adipose
3,3,0.998207688331604,0.5441086880007375,APPROVE,Lymphocytes
1,1,0.999981164932251,0.5453501216211905,APPROVE,Background
8,8,0.9998801946640015,0.5452794424334158,APPROVE,Colorectal Adenocarcinoma
6,6,0.999987006187439,0.545354210499822,APPROVE,Normal Colon Mucosa
2,7,0.7303807735443115,0.35662984764963274,BLOCK,Cancer-Assoc. Stroma
8,8,0.9988942742347717,0.544589298132955,APPROVE,Colorectal Adenocarcinoma
4,4,0.9995999932289124,0.5450833014288534,APPROVE,Mucus
0,0,0.9714968204498291,0.525411080483495,APPROVE,Adipose
1,1,0.9999731779098511,0.5453445307055105,APPROVE,Background
2,2,0.9996128678321838,0.5450923136511434,APPROVE,Debris
3,3,0.9999912977218628,0.5453572145739187,APPROVE,Lymphocytes
4,4,0.9973904490470886,0.5435366205015768,APPROVE,Mucus
5,5,0.9999990463256836,0.5453626385965933,APPROVE,Smooth Muscle
5,5,0.9974416494369507,0.5435724607744802,APPROVE,Smooth Muscle
0,0,0.9999738931655884,0.5453450313845266,APPROVE,Adipose
4,4,0.9999685287475586,0.5453412762919058,APPROVE,Mucus
8,8,0.999954104423523,0.5453311792650808,APPROVE,Colorectal Adenocarcinoma
1,1,0.9998148083686829,0.5452336720266927,APPROVE,Background
7,7,0.9937076568603516,0.5409586659708608,APPROVE,Cancer-Assoc. Stroma
0,0,0.9999029636383057,0.5452953807154287,APPROVE,Adipose
1,1,0.9999866485595703,0.5453539601603139,APPROVE,Background
6,6,0.9999996423721313,0.5453630558291067,APPROVE,Normal Colon Mucosa
1,1,0.999984622001648,0.5453467619856555,APPROVE,Background
4,4,0.9999860525131226,0.5453477633436876,APPROVE,Mucus
5,5,0.9996089339256287,0.545083780332442,APPROVE,Smooth Muscle
6,6,0.9999899864196777,0.5453505170782763,APPROVE,Normal Colon Mucosa
1,1,0.9999741315841675,0.5453394186934191,APPROVE,Background
8,8,0.9930896162986755,0.5405202579935747,APPROVE,Colorectal Adenocarcinoma
2,2,0.8383403420448303,0.43219576601588305,BLOCK,Debris
0,0,0.8926742672920227,0.47022951368891774,BLOCK,Adipose
5,5,0.9996523857116699,0.5451141965826708,APPROVE,Smooth Muscle
0,0,0.9859740138053894,0.5355393362482744,APPROVE,Adipose
3,3,0.997400164604187,0.5435376418074328,APPROVE,Lymphocytes
4,4,0.9985236525535583,0.5443240833719927,APPROVE,Mucus
6,6,0.9999812841415405,0.5453444254835802,APPROVE,Normal Colon Mucosa
3,3,0.9998537302017212,0.5452551377257067,APPROVE,Lymphocytes
0,0,0.9917460680007935,0.5395797741850573,APPROVE,Adipose
5,2,0.9359338879585266,0.5005112481554705,APPROVE,Debris
7,7,0.9590967297554016,0.516725237413283,APPROVE,Cancer-Assoc. Stroma
4,4,0.9994162321090698,0.5449488890608507,APPROVE,Mucus
8,8,0.8291561603546143,0.4257668388327318,BLOCK,Colorectal Adenocarcinoma
8,8,0.9979798197746277,0.5439434004267413,APPROVE,Colorectal Adenocarcinoma
8,8,0.9635524749755859,0.519844259067412,APPROVE,Colorectal Adenocarcinoma
0,0,0.9999876022338867,0.5453488481482226,APPROVE,Adipose
5,5,0.999859094619751,0.5452588928183275,APPROVE,Smooth Muscle
7,7,0.9999483823776245,0.5453213942488391,APPROVE,Cancer-Assoc. Stroma
8,8,0.9999641180038452,0.5453324091871935,APPROVE,Colorectal Adenocarcinoma
5,4,0.594457745552063,0.26147794847094596,BLOCK,Mucus
1,1,0.999980092048645,0.5453435910185533,APPROVE,Background
0,0,0.8750743269920349,0.4579095554789263,BLOCK,Adipose
0,0,0.9998342990875244,0.545241535945769,APPROVE,Adipose
4,4,0.9999994039535522,0.5453571093519884,APPROVE,Mucus
7,7,0.6895004510879517,0.32800784234606806,BLOCK,Cancer-Assoc. Stroma
4,4,0.9999978542327881,0.5453560245474536,APPROVE,Mucus
8,8,0.9982788562774658,0.544125673353113,APPROVE,Colorectal Adenocarcinoma
0,0,0.9977589845657349,0.5437617631549013,APPROVE,Adipose
0,0,0.9999897480010986,0.5453232975596559,APPROVE,Adipose
0,0,0.9776889085769653,0.5297127099627627,APPROVE,Adipose
7,7,0.7305238842964172,0.3566971929663791,BLOCK,Cancer-Assoc. Stroma
0,0,0.686628520488739,0.32597043830100425,BLOCK,Adipose
5,0,0.601436972618103,0.2663363547915591,BLOCK,Adipose
1,1,0.9999613761901855,0.5453034372920168,APPROVE,Background
0,0,0.9652842879295349,0.5210294755095614,APPROVE,Adipose
4,4,0.9999972581863403,0.5453285546893252,APPROVE,Mucus
8,8,0.9841428399085999,0.5342304618949067,APPROVE,Colorectal Adenocarcinoma
2,7,0.5133844017982483,0.20469955521766073,BLOCK,Cancer-Assoc. Stroma
8,8,0.9999634027481079,0.5453048558825624,APPROVE,Colorectal Adenocarcinoma
0,0,0.9999619722366333,0.5453038545245302,APPROVE,Adipose
0,0,0.83097904920578,0.427015808402933,BLOCK,Adipose
3,3,0.9827268123626709,0.5332392426127566,APPROVE,Lymphocytes
8,8,0.9991689920425415,0.5447487683886659,APPROVE,Colorectal Adenocarcinoma
1,1,0.9999933242797852,0.5453258009547365,APPROVE,Background
8,8,0.9999979734420776,0.5453290553683412,APPROVE,Colorectal Adenocarcinoma
4,4,0.9979090690612793,0.5438668223017824,APPROVE,Mucus
8,8,0.9728578925132751,0.5263309987181795,APPROVE,Colorectal Adenocarcinoma
0,0,0.9900311231613159,0.538352260171808,APPROVE,Adipose
4,4,0.9995902180671692,0.5450436266059053,APPROVE,Mucus
1,1,0.9999622106552124,0.5453040214175355,APPROVE,Background
1,1,0.9997931122779846,0.5451856525534762,APPROVE,Background
0,0,0.9957072734832764,0.5423255653971804,APPROVE,Adipose
3,3,0.9999761581420898,0.5453137846583498,APPROVE,Lymphocytes
6,6,0.9999918937683105,0.5453247995967043,APPROVE,Normal Colon Mucosa
7,7,0.9918535351753235,0.5396279485816133,APPROVE,Cancer-Assoc. Stroma
0,0,0.7504332065582275,0.3706337185496463,BLOCK,Adipose
2,2,0.9996217489242554,0.5450656982058657,APPROVE,Debris
8,8,0.9997207522392273,0.545135000526346,APPROVE,Colorectal Adenocarcinoma
4,4,0.9994086027145386,0.5449665016894385,APPROVE,Mucus
4,4,0.9999736547470093,0.545362038112168,APPROVE,Mucus
2,2,0.9992238283157349,0.5448371596102759,APPROVE,Debris
1,1,0.9999749660491943,0.5453629560236976,APPROVE,Background
1,1,0.9999836683273315,0.5453690476183936,APPROVE,Background
5,5,0.9963930249214172,0.5428555972342536,APPROVE,Smooth Muscle
5,5,0.999997615814209,0.5453788108592078,APPROVE,Smooth Muscle
4,4,0.9999934434890747,0.5453758902316138,APPROVE,Mucus
0,0,0.8335768580436707,0.42888428041983095,BLOCK,Adipose
4,4,0.9999995231628418,0.5453801460032508,APPROVE,Mucus
3,3,0.9999980926513672,0.5453791446452185,APPROVE,Lymphocytes
2,7,0.5880959033966064,0.25704761216688604,BLOCK,Cancer-Assoc. Stroma
8,8,0.9863811135292053,0.5358472592597052,APPROVE,Colorectal Adenocarcinoma
8,8,0.9999929666519165,0.5453755564456031,APPROVE,Colorectal Adenocarcinoma
0,0,0.9956775307655334,0.5423547513251349,APPROVE,Adipose
6,6,0.9999990463256836,0.5453798122172401,APPROVE,Normal Colon Mucosa
0,0,0.995448887348175,0.542194700932984,APPROVE,Adipose
2,2,0.997501790523529,0.5436317331557319,APPROVE,Debris
3,3,0.9696090817451477,0.5241068370108649,APPROVE,Lymphocytes
6,6,0.9999375343322754,0.5453367538218543,APPROVE,Normal Colon Mucosa
0,0,0.9999816417694092,0.545367629027848,APPROVE,Adipose
5,5,0.9992627501487732,0.5448644048934027,APPROVE,Smooth Muscle
0,0,0.7696781158447266,0.3841551608805701,BLOCK,Adipose
4,4,0.9999872446060181,0.5453715510134741,APPROVE,Mucus
0,0,0.9997263550758362,0.5451889283423469,APPROVE,Adipose
8,8,0.9985153079032898,0.5443411953215643,APPROVE,Colorectal Adenocarcinoma
5,7,0.9983559250831604,0.5442296273474738,APPROVE,Cancer-Assoc. Stroma
3,3,0.9610150456428528,0.5180910117392584,APPROVE,Lymphocytes
4,4,0.9999773502349854,0.5453646249537513,APPROVE,Mucus
6,6,0.999833345413208,0.5452638215785072,APPROVE,Normal Colon Mucosa
3,3,0.9999963045120239,0.5453778929476782,APPROVE,Lymphocytes
0,0,0.9154194593429565,0.48617410132933114,BLOCK,Adipose
3,3,0.9998834133148193,0.5453422325372225,APPROVE,Lymphocytes
4,4,0.9999788999557495,0.5454090731858735,APPROVE,Mucus
1,1,0.9999011754989624,0.5453546660661226,APPROVE,Background
8,8,0.9998468160629272,0.545316614460898,APPROVE,Colorectal Adenocarcinoma
0,0,0.9999415874481201,0.545382954430533,APPROVE,Adipose
3,3,0.9997687935829163,0.5452619987248902,APPROVE,Lymphocytes
4,4,0.9963542222976685,0.5428717988252169,APPROVE,Mucus
7,7,0.9993950128555298,0.5450003522157197,APPROVE,Cancer-Assoc. Stroma
0,0,0.7365710139274597,0.36102355296607075,BLOCK,Adipose
3,3,0.9999955892562866,0.5454207556962495,APPROVE,Lymphocytes
0,0,0.994247317314148,0.5413969653367524,APPROVE,Adipose
8,8,0.9992923736572266,0.5449285047769075,APPROVE,Colorectal Adenocarcinoma
0,0,0.9999322891235352,0.5453764456033235,APPROVE,Adipose
0,0,0.9958393573760986,0.5425113933801179,APPROVE,Adipose
5,5,0.9999927282333374,0.545418752980185,APPROVE,Smooth Muscle
6,6,0.9998641014099121,0.5453287142037874,APPROVE,Normal Colon Mucosa
4,4,0.9979456067085266,0.5439857679128175,APPROVE,Mucus
2,2,0.989871084690094,0.5383336024999147,APPROVE,Debris
0,0,0.9998154044151306,0.5452946263074403,APPROVE,Adipose
8,8,0.9999510049819946,0.5453895467042451,APPROVE,Colorectal Adenocarcinoma
8,8,0.7028872966766357,0.337444950890494,BLOCK,Colorectal Adenocarcinoma
8,8,0.9998656511306763,0.5453297990083222,APPROVE,Colorectal Adenocarcinoma
6,6,0.9979573488235474,0.543993987393332,APPROVE,Normal Colon Mucosa
7,7,0.998364269733429,0.5442788320302492,APPROVE,Cancer-Assoc. Stroma
8,8,0.9999328851699829,0.545376862835837,APPROVE,Colorectal Adenocarcinoma
4,4,0.9999773502349854,0.5454079883813386,APPROVE,Mucus
0,0,0.9895908236503601,0.5381374197721009,APPROVE,Adipose
4,4,0.9997312426567078,0.5452357130765443,APPROVE,Mucus
1,1,0.9999582767486572,0.545394636940909,APPROVE,Background
4,5,0.8300771713256836,0.42647786314482744,BLOCK,Smooth Muscle
8,8,0.8032722473144531,0.4077144163369661,BLOCK,Colorectal Adenocarcinoma
5,0,0.7263418436050415,0.353863133740378,BLOCK,Adipose
4,4,0.9999988079071045,0.5453538520346175,APPROVE,Mucus
1,1,0.9999797344207764,0.5453405005941878,APPROVE,Background
3,3,0.9966938495635986,0.5430403811941634,APPROVE,Lymphocytes
4,4,0.999967098236084,0.5453316552649031,APPROVE,Mucus
4,4,0.9862927198410034,0.5357595903883468,APPROVE,Mucus
4,4,0.9993754029273987,0.5449174685488234,APPROVE,Mucus
3,3,0.9889310002326965,0.5376063866625319,APPROVE,Lymphocytes
0,0,0.9367852807044983,0.5011043829927931,APPROVE,Adipose
1,1,0.9999572038650513,0.5453247292051803,APPROVE,Background
5,5,0.999327540397644,0.5448839647779952,APPROVE,Smooth Muscle
6,6,0.9999172687530518,0.5452967746267806,APPROVE,Normal Colon Mucosa
8,8,0.9999731779098511,0.5453359110365401,APPROVE,Colorectal Adenocarcinoma
7,7,0.9310874342918396,0.49711589050393207,BLOCK,Cancer-Assoc. Stroma
0,0,0.982823371887207,0.5333310468206893,APPROVE,Adipose
8,8,0.9998695850372314,0.5452633960257064,APPROVE,Colorectal Adenocarcinoma
8,8,0.9986546039581299,0.5444129092703353,APPROVE,Colorectal Adenocarcinoma
4,7,0.7209644913673401,0.35002983045678243,BLOCK,Cancer-Assoc. Stroma
0,0,0.9950971007347107,0.5419226570139418,APPROVE,Adipose
8,8,0.9999910593032837,0.5453484280119429,APPROVE,Colorectal Adenocarcinoma
1,1,0.9999710321426392,0.5453344089994918,APPROVE,Background
3,3,0.9328442811965942,0.4983456833372603,BLOCK,Lymphocytes
1,1,0.999955415725708,0.54532347750764,APPROVE,Background
4,4,0.9999946355819702,0.5453509314070235,APPROVE,Mucus
4,4,0.9961295127868652,0.5426453454504501,APPROVE,Mucus
3,3,0.9998958110809326,0.5452817542562972,APPROVE,Lymphocytes
5,5,0.9979214072227478,0.5438996715555678,APPROVE,Smooth Muscle
0,0,0.9944024682044983,0.5414364142427932,APPROVE,Adipose
5,5,0.9976398944854736,0.543702612639476,APPROVE,Smooth Muscle
3,3,0.9963051080703735,0.5427682621489058,APPROVE,Lymphocytes
8,8,0.9999904632568359,0.5453480107794295,APPROVE,Colorectal Adenocarcinoma
8,8,0.9999151229858398,0.5452952725897322,APPROVE,Colorectal Adenocarcinoma
0,0,0.7448641657829285,0.3667596025476943,BLOCK,Adipose
1,1,0.9998371601104736,0.5451452181071246,APPROVE,Background
4,4,0.9999990463256836,0.5452585384577716,APPROVE,Mucus
0,0,0.9999943971633911,0.5452552840441668,APPROVE,Adipose
1,1,0.9999428987503052,0.5452192351550067,APPROVE,Background
3,3,0.9994509816169739,0.5448748931616748,APPROVE,Lymphocytes
0,0,0.9996483325958252,0.5450130388468707,APPROVE,Adipose
4,4,0.9999780654907227,0.5452438518732989,APPROVE,Mucus
1,1,0.9999760389328003,0.5452424332827532,APPROVE,Background
3,3,0.9998757839202881,0.5451722547739947,APPROVE,Lymphocytes
4,4,0.9997362494468689,0.5450745806426013,APPROVE,Mucus
7,7,0.9999711513519287,0.5452390119761431,APPROVE,Cancer-Assoc. Stroma
1,1,0.9999549388885498,0.545227663251778,APPROVE,Background
3,3,0.9999995231628418,0.5452588722437823,APPROVE,Lymphocytes
6,6,0.9999995231628418,0.5452588722437823,APPROVE,Normal Colon Mucosa
8,8,0.9997140765190125,0.5450590595931017,APPROVE,Colorectal Adenocarcinoma
0,0,0.9996364116668701,0.5450046941966021,APPROVE,Adipose
0,0,0.994293749332428,0.5412648305624926,APPROVE,Adipose
8,8,0.9958337545394897,0.5423428342074359,APPROVE,Colorectal Adenocarcinoma
0,4,0.5977265238761902,0.26366777274312625,BLOCK,Mucus
1,1,0.9999743700027466,0.5452412650317157,APPROVE,Background
4,4,0.9990766048431396,0.5446128294199908,APPROVE,Mucus
0,0,0.9999465942382812,0.54522182199659,APPROVE,Adipose
1,1,0.9999871253967285,0.5452501938075031,APPROVE,Background
5,5,0.9991711378097534,0.5446790024966205,APPROVE,Smooth Muscle
0,0,0.9775691628456116,0.5295576200217211,APPROVE,Adipose
0,0,0.9660561084747314,0.521498481962105,APPROVE,Adipose
0,4,0.9992499947547913,0.544734202358147,APPROVE,Mucus
4,4,0.9999686479568481,0.5452372595995868,APPROVE,Mucus
5,5,0.9998596906661987,0.5451609894961321,APPROVE,Smooth Muscle
8,8,0.9999428987503052,0.5452192351550067,APPROVE,Colorectal Adenocarcinoma
1,1,0.999913215637207,0.545198456975838,APPROVE,Background
1,1,0.9997729659080505,0.5451002821654284,APPROVE,Background
3,3,0.9999942779541016,0.5453204686003645,APPROVE,Lymphocytes
5,5,0.9979560375213623,0.543893700297447,APPROVE,Smooth Muscle
8,8,0.9999899864196777,0.5453174645262678,APPROVE,Colorectal Adenocarcinoma
3,3,0.9999229907989502,0.5452705675917585,APPROVE,Lymphocytes
3,3,0.9991514682769775,0.5447305018263777,APPROVE,Lymphocytes
1,1,0.9998788833618164,0.5452396923857649,APPROVE,Background
6,6,1.0,0.5453244740324934,APPROVE,Normal Colon Mucosa
8,8,0.9999908208847046,0.5453180486517866,APPROVE,Colorectal Adenocarcinoma
8,8,0.999872088432312,0.5452349359351119,APPROVE,Colorectal Adenocarcinoma
3,3,0.9999823570251465,0.545312123950096,APPROVE,Lymphocytes
0,0,0.9921112060546875,0.5398023182707746,APPROVE,Adipose
8,8,0.9940351843833923,0.5411491031008681,APPROVE,Colorectal Adenocarcinoma
7,7,0.9924807548522949,0.5400610024290998,APPROVE,Cancer-Assoc. Stroma
0,0,0.9920485615730286,0.5397584671336134,APPROVE,Adipose
6,6,0.9999988079071045,0.5453236395674665,APPROVE,Normal Colon Mucosa
4,4,0.9963106513023376,0.5427419299441297,APPROVE,Mucus
7,7,0.5234308838844299,0.21172609275159437,BLOCK,Cancer-Assoc. Stroma
1,1,0.9999381303787231,0.5452811652975996,APPROVE,Background
6,6,0.9998965263366699,0.5452520424681624,APPROVE,Normal Colon Mucosa
0,0,0.5646905303001404,0.2406078452425917,BLOCK,Adipose
6,6,0.9999970197677612,0.5453223878699263,APPROVE,Normal Colon Mucosa
5,4,0.7794021368026733,0.39090596979436476,BLOCK,Mucus
3,3,0.9999769926071167,0.5453083688574751,APPROVE,Lymphocytes
0,0,0.9998620748519897,0.5452279264288862,APPROVE,Adipose
4,4,0.9984385371208191,0.5442314500170667,APPROVE,Mucus
0,0,0.8818399906158447,0.46261246746358475,BLOCK,Adipose
8,8,0.9988386034965515,0.5445114964800795,APPROVE,Colorectal Adenocarcinoma
8,8,0.7050256729125977,0.3388424450713118,BLOCK,Colorectal Adenocarcinoma
5,7,0.9929988384246826,0.5404236609297712,APPROVE,Cancer-Assoc. Stroma
0,0,0.9992108345031738,0.5447720581847151,APPROVE,Adipose
4,4,0.4718526601791382,0.17562133615789016,BLOCK,Mucus
1,2,0.9997128844261169,0.5451234931307752,APPROVE,Debris
6,4,0.5569102168083191,0.2352737447052526,BLOCK,Mucus
0,0,0.6980292797088623,0.3340570887356329,BLOCK,Adipose
1,1,0.9999841451644897,0.5454254945545721,APPROVE,Background
1,1,0.9999655485153198,0.5454124769001532,APPROVE,Background
8,8,0.9996501207351685,0.5451916774540472,APPROVE,Colorectal Adenocarcinoma
0,0,0.9966983199119568,0.543125416877799,APPROVE,Adipose
0,0,0.999699592590332,0.5452263077526617,APPROVE,Adipose
4,4,0.9999892711639404,0.5454290827541876,APPROVE,Mucus
7,7,0.9991336464881897,0.544830145481162,APPROVE,Cancer-Assoc. Stroma
5,5,0.998397171497345,0.5443146129875708,APPROVE,Smooth Muscle
3,3,0.9938987493515015,0.5411657174854803,APPROVE,Lymphocytes
0,4,0.9878938794136047,0.5369623085289525,APPROVE,Mucus
1,1,0.9999699592590332,0.5454155644207525,APPROVE,Background
6,6,1.0,0.5454365929394293,APPROVE,Normal Colon Mucosa
3,3,0.9999620914459229,0.5454100569515753,APPROVE,Lymphocytes
2,2,0.9971590042114258,0.5434478958874273,APPROVE,Debris
4,4,0.9999749660491943,0.5454190691738653,APPROVE,Mucus
8,8,0.5598074793815613,0.23730182850652212,BLOCK,Colorectal Adenocarcinoma
3,3,0.9989780187606812,0.5447212060719061,APPROVE,Lymphocytes
3,3,0.999617338180542,0.5451687296658086,APPROVE,Lymphocytes
3,3,0.9992026686668396,0.544878461006217,APPROVE,Lymphocytes
8,8,0.9928014278411865,0.5403975924282598,APPROVE,Colorectal Adenocarcinoma
8,8,0.9999837875366211,0.545425244215064,APPROVE,Colorectal Adenocarcinoma
7,7,0.9972571730613708,0.5435166140823888,APPROVE,Cancer-Assoc. Stroma
1,1,0.9999805688858032,0.5454229911594916,APPROVE,Background
5,5,0.9955314993858337,0.5423086425095128,APPROVE,Smooth Muscle
4,4,0.9999994039535522,0.5454361757069158,APPROVE,Mucus
5,5,0.9996762275695801,0.5452099522381353,APPROVE,Smooth Muscle
4,4,0.9998486042022705,0.5453306158810186,APPROVE,Mucus
8,8,0.8312144875526428,0.4272867342262793,BLOCK,Colorectal Adenocarcinoma
6,6,0.999961256980896,0.5454094728260565,APPROVE,Normal Colon Mucosa
1,1,0.9999655485153198,0.5454124769001532,APPROVE,Background
6,6,0.9999986886978149,0.545408921865902,APPROVE,Normal Colon Mucosa
0,0,0.9938902854919434,0.5411330396217918,APPROVE,Adipose
5,4,0.919198751449585,0.488848965792141,BLOCK,Mucus
0,0,0.9911824464797974,0.5392375523132896,APPROVE,Adipose
5,7,0.8500882387161255,0.44047160687871934,BLOCK,Cancer-Assoc. Stroma
8,8,0.9999843835830688,0.5453989082855797,APPROVE,Colorectal Adenocarcinoma
0,0,0.976675808429718,0.5290829056782341,APPROVE,Adipose
1,1,0.9999892711639404,0.5454023295921898,APPROVE,Background
4,4,0.9999240636825562,0.5453566843552208,APPROVE,Mucus
8,8,0.9883646965026855,0.5372651273293114,APPROVE,Colorectal Adenocarcinoma
7,7,0.9893172383308411,0.5379319066090202,APPROVE,Cancer-Assoc. Stroma
8,8,0.9994615912437439,0.5450329536480523,APPROVE,Colorectal Adenocarcinoma
0,0,0.9646769762039185,0.5206837231201744,APPROVE,Adipose
8,8,0.9968225955963135,0.543185656694851,APPROVE,Colorectal Adenocarcinoma
8,8,0.9991568326950073,0.5448196226639367,APPROVE,Colorectal Adenocarcinoma
6,6,0.9999996423721313,0.5454095894379235,APPROVE,Normal Colon Mucosa
8,8,0.9958992600440979,0.5425393218083,APPROVE,Colorectal Adenocarcinoma
2,7,0.6542061567306519,0.30335414948888784,BLOCK,Cancer-Assoc. Stroma
2,2,0.9906567335128784,0.5388695532364464,APPROVE,Debris
1,1,0.9999730587005615,0.5453909808678246,APPROVE,Background
5,7,0.9928638339042664,0.540414523510418,APPROVE,Cancer-Assoc. Stroma
6,6,0.999920129776001,0.5453539306206322,APPROVE,Normal Colon Mucosa
8,7,0.526954174041748,0.2142777616066552,BLOCK,Cancer-Assoc. Stroma
1,1,0.9999384880065918,0.5453667813820458,APPROVE,Background
0,0,0.9999052286148071,0.5453434998077965,APPROVE,Adipose
0,0,0.8011240363121033,0.4061966651959038,BLOCK,Adipose
6,6,0.8448987603187561,0.43683897200056077,BLOCK,Normal Colon Mucosa
8,8,0.995198667049408,0.5420489067120171,APPROVE,Colorectal Adenocarcinoma
0,0,0.9996563196182251,0.5451692635101891,APPROVE,Adipose
4,4,0.9981119632720947,0.5440882140678979,APPROVE,Mucus
8,8,0.9999252557754517,0.5453575188202476,APPROVE,Colorectal Adenocarcinoma
8,8,0.6857555508613586,0.32543872538038265,BLOCK,Colorectal Adenocarcinoma
8,8,0.9937571287155151,0.5407670037184208,APPROVE,Colorectal Adenocarcinoma
5,5,0.9999579191207886,0.5451075570021122,APPROVE,Smooth Muscle
4,4,0.9972533583641052,0.5432143644724339,APPROVE,Mucus
6,6,0.9997338652610779,0.5449507193003147,APPROVE,Normal Colon Mucosa
8,8,0.900465726852417,0.47546302241425203,BLOCK,Colorectal Adenocarcinoma
0,0,0.9794963002204895,0.5307844237719028,APPROVE,Adipose
7,7,0.9993582367897034,0.5446877793703525,APPROVE,Cancer-Assoc. Stroma
8,8,0.9999626874923706,0.5451108948622196,APPROVE,Colorectal Adenocarcinoma
0,0,0.9883279204368591,0.5369665579233616,APPROVE,Adipose
3,3,0.9997718930244446,0.5449773387346714,APPROVE,Lymphocytes
8,8,0.9942333102226257,0.5411003307733981,APPROVE,Colorectal Adenocarcinoma
5,5,0.9997859597206116,0.5449871854219883,APPROVE,Smooth Muscle
1,1,0.999915599822998,0.5450779334936589,APPROVE,Background
8,8,0.9529301524162292,0.5121881203089207,APPROVE,Colorectal Adenocarcinoma
3,3,0.9998549222946167,0.5450354592237918,APPROVE,Lymphocytes
3,8,0.7564752697944641,0.374669702473685,BLOCK,Colorectal Adenocarcinoma
0,0,0.9865620732307434,0.5357304648790806,APPROVE,Adipose
7,7,0.9447042346000671,0.5064299778376071,APPROVE,Cancer-Assoc. Stroma
4,7,0.8532787561416626,0.4424321429167239,BLOCK,Cancer-Assoc. Stroma
1,1,0.99991774559021,0.5450794355307071,APPROVE,Background
0,0,0.9089388251304626,0.481394191208884,BLOCK,Adipose
0,0,0.998604953289032,0.5441604809198826,APPROVE,Adipose
3,3,0.9999507665634155,0.5451025502119511,APPROVE,Lymphocytes
5,5,0.9999240636825562,0.5450838581953494,APPROVE,Smooth Muscle
5,5,0.9999889135360718,0.5451292530928105,APPROVE,Smooth Muscle
0,0,0.9754064679145813,0.5279215411577671,APPROVE,Adipose
0,0,0.9637264013290405,0.5197454945478885,APPROVE,Adipose
4,4,0.9998830556869507,0.5450551525984256,APPROVE,Mucus
1,1,0.9999769926071167,0.5451209084425419,APPROVE,Background
5,5,0.6048426032066345,0.2685268358622043,BLOCK,Smooth Muscle
3,3,0.9996957778930664,0.5449240581427066,APPROVE,Lymphocytes
4,4,0.9999387264251709,0.5450941221151798,APPROVE,Mucus
2,2,0.9993996620178223,0.5449889766721548,APPROVE,Debris
0,0,0.9999269247055054,0.5453580605535331,APPROVE,Adipose
5,2,0.7207902073860168,0.34996235842989115,BLOCK,Debris
8,8,0.8731473088264465,0.4566123294381919,BLOCK,Colorectal Adenocarcinoma
1,1,0.9999939203262329,0.5454049574880423,APPROVE,Background
4,4,0.9775605201721191,0.5297015773801627,APPROVE,Mucus
0,0,0.9211385250091553,0.4902061807660881,BLOCK,Adipose
8,8,0.9999501705169678,0.5453743326215568,APPROVE,Colorectal Adenocarcinoma
4,4,0.9999828338623047,0.5453971969632926,APPROVE,Mucus
4,4,0.999947190284729,0.5453722464589896,APPROVE,Mucus
8,8,0.9999783039093018,0.5453940259961905,APPROVE,Colorectal Adenocarcinoma
1,5,0.7010542750358582,0.3361472057847801,BLOCK,Smooth Muscle
7,7,0.9994280934333801,0.5450088786630454,APPROVE,Cancer-Assoc. Stroma
0,0,0.9709948301315308,0.5251055943517509,APPROVE,Adipose
8,8,0.9994198083877563,0.5450030791311087,APPROVE,Colorectal Adenocarcinoma
1,1,0.9999501705169678,0.5453743326215568,APPROVE,Background
1,1,0.9999728202819824,0.545390187457067,APPROVE,Background
0,0,0.9999428987503052,0.5453692423848929,APPROVE,Adipose
0,0,0.9932158589363098,0.5406603145150961,APPROVE,Adipose
6,6,0.9945810437202454,0.541615943863851,APPROVE,Normal Colon Mucosa
1,1,0.9999613761901855,0.5453821765928092,APPROVE,Background
0,0,0.9992755055427551,0.5449020671396079,APPROVE,Adipose
3,3,0.9998297691345215,0.5452900516538444,APPROVE,Lymphocytes
0,0,0.9985747337341309,0.5444115268735709,APPROVE,Adipose
4,4,0.9999661445617676,0.5453855144529166,APPROVE,Mucus
5,5,0.999356210231781,0.544958560421926,APPROVE,Smooth Muscle
6,6,0.9994202852249146,0.5450034129171195,APPROVE,Normal Colon Mucosa
6,6,0.999998927116394,0.5454084622411551,APPROVE,Normal Colon Mucosa
0,0,0.9999786615371704,0.5453942763356986,APPROVE,Adipose
6,6,0.9885284304618835,0.5373791145829978,APPROVE,Normal Colon Mucosa
1,4,0.8878373503684998,0.46689535851762914,BLOCK,Mucus
6,6,0.9999949932098389,0.5454057085065664,APPROVE,Normal Colon Mucosa
0,0,0.8910230994224548,0.4689732350749637,BLOCK,Adipose
8,8,0.7075747847557068,0.3405594148082401,BLOCK,Colorectal Adenocarcinoma
1,1,0.9999873638153076,0.5452482201499607,APPROVE,Background
5,0,0.5989415049552917,0.2645161189479496,BLOCK,Adipose
6,6,0.9997754693031311,0.5450998939914371,APPROVE,Normal Colon Mucosa
5,5,0.9999778270721436,0.5452415444297458,APPROVE,Smooth Muscle
3,8,0.9075866937637329,0.4805677511138584,BLOCK,Colorectal Adenocarcinoma
4,4,0.9999877214431763,0.5452484704894688,APPROVE,Mucus
1,1,0.9999852180480957,0.5452467181129124,APPROVE,Background
4,4,0.9998082518577576,0.5451228417796756,APPROVE,Mucus
8,8,0.9995494484901428,0.5449416794223453,APPROVE,Colorectal Adenocarcinoma
6,6,0.9967573285102844,0.5429871954364445,APPROVE,Normal Colon Mucosa
1,1,0.9999704360961914,0.5452363707465794,APPROVE,Background
1,1,0.999946117401123,0.5452193476600314,APPROVE,Background
4,4,0.9954474568367004,0.5420702852649356,APPROVE,Mucus
8,8,0.9832949042320251,0.533563498441663,APPROVE,Colorectal Adenocarcinoma
0,0,0.8703935146331787,0.4545325257224705,BLOCK,Adipose
3,3,0.9999619722366333,0.5452304460448887,APPROVE,Lymphocytes
3,3,0.9999688863754272,0.5452352859420444,APPROVE,Lymphocytes
3,3,0.9999362230300903,0.5452124216003086,APPROVE,Lymphocytes
2,2,0.999894380569458,0.5451831318778659,APPROVE,Debris
0,0,0.9984036087989807,0.5441395916385319,APPROVE,Adipose
1,1,0.9999736547470093,0.5452386238021518,APPROVE,Background
3,3,0.9998698234558105,0.5451659418983127,APPROVE,Lymphocytes
0,0,0.9999921321868896,0.5452515580100681,APPROVE,Adipose
8,8,0.9989238381385803,0.5445037521762516,APPROVE,Colorectal Adenocarcinoma
8,8,0.9999744892120361,0.5452392079276707,APPROVE,Colorectal Adenocarcinoma
4,4,0.9999854564666748,0.5452468850059177,APPROVE,Mucus
6,0,0.4689079821109772,0.1734926529569294,BLOCK,Adipose
3,3,0.9991668462753296,0.5446738578719761,APPROVE,Lymphocytes
0,0,0.9999860525131226,0.5452473022384311,APPROVE,Adipose
0,0,0.9937788844108582,0.5409022845668461,APPROVE,Adipose
0,0,0.999966025352478,0.5454408511589831,APPROVE,Adipose
4,4,0.9992672801017761,0.5449517294834918,APPROVE,Mucus
4,5,0.7818354368209839,0.3927494391869371,BLOCK,Smooth Muscle
8,8,0.9790721535682678,0.530815140910036,APPROVE,Colorectal Adenocarcinoma
8,8,0.9914618730545044,0.5394879445504016,APPROVE,Colorectal Adenocarcinoma
0,0,0.8346832394599915,0.42974290103424245,BLOCK,Adipose
3,3,0.9999938011169434,0.5454602941941088,APPROVE,Lymphocytes
4,4,1.0,0.5454646334122485,APPROVE,Mucus
4,4,0.9980719089508057,0.5441149696778125,APPROVE,Mucus
0,0,0.9991632699966431,0.5448789224098987,APPROVE,Adipose
5,5,0.997577965259552,0.5437692090939349,APPROVE,Smooth Muscle
1,4,0.5948334336280823,0.26184803695190606,BLOCK,Mucus
1,1,0.9999881982803345,0.5454563722084826,APPROVE,Background
8,8,0.9999967813491821,0.5454623803566759,APPROVE,Colorectal Adenocarcinoma
4,4,0.9980271458625793,0.544083635516054,APPROVE,Mucus
1,1,0.9999954700469971,0.5454614624451465,APPROVE,Background
6,6,0.9999631643295288,0.5454388484429187,APPROVE,Normal Colon Mucosa
7,7,0.9977627992630005,0.5438985928963488,APPROVE,Cancer-Assoc. Stroma
4,4,0.9999686479568481,0.5454426869820422,APPROVE,Mucus
0,0,0.9999881982803345,0.5454563722084826,APPROVE,Adipose
4,4,0.999945878982544,0.5454267487000293,APPROVE,Mucus
6,4,0.7324234843254089,0.35816107244003476,BLOCK,Mucus
6,6,0.990672767162323,0.5389355704258746,APPROVE,Normal Colon Mucosa
1,1,0.9999876022338867,0.5454559549759692,APPROVE,Background
8,8,0.9999932050704956,0.5454598769615954,APPROVE,Colorectal Adenocarcinoma
3,3,0.999923586845398,0.545411144204027,APPROVE,Lymphocytes
1,1,0.9999856948852539,0.5454546198319262,APPROVE,Background
2,2,0.9997859597206116,0.5453148052166766,APPROVE,Debris
0,0,0.9994016885757446,0.5450458154152698,APPROVE,Adipose
5,5,0.9996745586395264,0.545236824459917,APPROVE,Smooth Muscle
3,3,0.9999969005584717,0.5454624638031786,APPROVE,Lymphocytes
2,2,0.998870313167572,0.5446738526295489,APPROVE,Debris
0,0,0.8810908794403076,0.4621250983627693,BLOCK,Adipose
4,4,0.5612263083457947,0.23821989859661036,BLOCK,Mucus
8,8,0.9978033900260925,0.5438238557728189,APPROVE,Colorectal Adenocarcinoma
0,0,0.9648082256317139,0.5207272406967538,APPROVE,Adipose
0,0,0.9999916553497314,0.5453556414993661,APPROVE,Adipose
0,0,0.9851763248443604,0.5349849101456063,APPROVE,Adipose
0,0,0.9999814033508301,0.5453484651001351,APPROVE,Adipose
0,0,0.9999908208847046,0.5453550573738473,APPROVE,Adipose
4,4,0.9825442433357239,0.5331424530895608,APPROVE,Mucus
8,8,0.9998971223831177,0.5452894684227365,APPROVE,Colorectal Adenocarcinoma
0,0,0.9998408555984497,0.5452500816734689,APPROVE,Adipose
1,1,0.9999731779098511,0.5453427072914498,APPROVE,Background
4,4,0.9997206330299377,0.5451659258755105,APPROVE,Mucus
8,8,0.9999850988388062,0.5453510519417184,APPROVE,Colorectal Adenocarcinoma
4,4,0.9998973608016968,0.5452896353157418,APPROVE,Mucus
8,8,0.9999262094497681,0.5453098293693918,APPROVE,Colorectal Adenocarcinoma
5,5,0.8667515516281128,0.452087568894233,BLOCK,Smooth Muscle
0,0,0.9408340454101562,0.5039453145416635,APPROVE,Adipose
8,8,0.9324777126312256,0.498095881596412,BLOCK,Colorectal Adenocarcinoma
8,8,0.9999643564224243,0.5453365322502511,APPROVE,Colorectal Adenocarcinoma
6,8,0.5194845199584961,0.20900064672550134,BLOCK,Colorectal Adenocarcinoma
8,8,0.9999560117721558,0.5453306909950631,APPROVE,Colorectal Adenocarcinoma
0,0,0.9998887777328491,0.5452836271675485,APPROVE,Adipose
1,1,0.9999496936798096,0.5453262683304207,APPROVE,Background
2,2,0.8441068530082703,0.43623627986034325,BLOCK,Debris
3,7,0.7857199907302856,0.39536547626575397,BLOCK,Cancer-Assoc. Stroma
4,4,0.9997434020042419,0.5451818641575235,APPROVE,Mucus
8,8,0.9999889135360718,0.5453537222298044,APPROVE,Colorectal Adenocarcinoma
0,0,0.9999686479568481,0.5453395363243478,APPROVE,Adipose
8,8,0.999811589717865,0.5452295955570596,APPROVE,Colorectal Adenocarcinoma
3,3,0.9999712705612183,0.5453413721474069,APPROVE,Lymphocytes
0,0,0.9554466009140015,0.5141741033943551,APPROVE,Adipose
3,3,0.9999176263809204,0.5446694434056641,APPROVE,Lymphocytes
0,0,0.9999728202819824,0.5447080791364076,APPROVE,Adipose
3,3,0.9965656399726868,0.5423230529199006,APPROVE,Lymphocytes
6,6,0.9999939203262329,0.5447228491673829,APPROVE,Normal Colon Mucosa
0,0,0.9987877011299133,0.5438784957299592,APPROVE,Adipose
0,0,0.9996070265769958,0.544452023542917,APPROVE,Adipose
6,4,0.7453717589378357,0.3664873361955049,BLOCK,Mucus
3,3,0.9997929930686951,0.5445822000871064,APPROVE,Lymphocytes
1,1,0.9999790191650391,0.5447124183545472,APPROVE,Background
4,4,0.9763364791870117,0.5281626403699281,APPROVE,Mucus
1,1,0.9999300241470337,0.5446781218419434,APPROVE,Background
0,0,0.9982307553291321,0.5434886336694124,APPROVE,Adipose
8,8,0.999467670917511,0.5443544745812776,APPROVE,Colorectal Adenocarcinoma
0,0,0.7161048054695129,0.346000468767679,BLOCK,Adipose
8,8,0.6391534805297852,0.2921345413098695,BLOCK,Colorectal Adenocarcinoma
6,6,0.9999951124191284,0.5447236836324097,APPROVE,Normal Colon Mucosa
4,4,0.9999591112136841,0.5446984827885988,APPROVE,Mucus
0,0,0.9947798252105713,0.5410729825864198,APPROVE,Adipose
8,8,0.9988793730735779,0.5439426660905244,APPROVE,Colorectal Adenocarcinoma
5,5,0.9997569918632507,0.5445569992432954,APPROVE,Smooth Muscle
1,1,0.9999845027923584,0.5447162568936708,APPROVE,Background
4,4,0.9999954700469971,0.5447239339719179,APPROVE,Mucus
7,7,0.9995917677879333,0.5444413423905732,APPROVE,Cancer-Assoc. Stroma
8,8,0.9999408721923828,0.5446857154736878,APPROVE,Colorectal Adenocarcinoma
8,8,0.9982821941375732,0.5435246408353211,APPROVE,Colorectal Adenocarcinoma
7,7,0.9994214773178101,0.544322139061487,APPROVE,Cancer-Assoc. Stroma
5,5,0.9999986886978149,0.5447261870274903,APPROVE,Smooth Muscle
5,2,0.9985378980636597,0.5437036335835816,APPROVE,Debris
1,1,0.9999954700469971,0.5447239339719179,APPROVE,Background
6,4,0.43058985471725464,0.1461400032410982,BLOCK,Mucus
8,7,0.6074578166007996,0.26994757655957957,BLOCK,Cancer-Assoc. Stroma
8,8,0.9988898634910583,0.5439500093827607,APPROVE,Colorectal Adenocarcinoma
3,3,0.974606990814209,0.527562775892197,APPROVE,Lymphocytes
3,3,0.9997562766075134,0.5451672759475101,APPROVE,Lymphocytes
0,0,0.8663488626480103,0.4517820861758579,BLOCK,Adipose
3,3,0.999972939491272,0.5453189399661411,APPROVE,Lymphocytes
6,6,0.9999935626983643,0.5453333762111058,APPROVE,Normal Colon Mucosa
7,7,0.6334398984909058,0.28874581126588483,BLOCK,Cancer-Assoc. Stroma
2,2,0.9984856247901917,0.5442778196753849,APPROVE,Debris
2,2,0.998833954334259,0.5445216503562321,APPROVE,Debris
4,4,0.9976595640182495,0.5436995771350255,APPROVE,Mucus
8,8,0.9999744892120361,0.5453200247706761,APPROVE,Colorectal Adenocarcinoma
5,5,0.9999873638153076,0.5453290369929661,APPROVE,Smooth Muscle
6,6,0.9999996423721313,0.5453376319827428,APPROVE,Normal Colon Mucosa
8,8,0.9822152256965637,0.5328885403098453,APPROVE,Colorectal Adenocarcinoma
4,4,0.9999964237213135,0.5453353789271702,APPROVE,Mucus
1,1,0.9998561143875122,0.5452371623935093,APPROVE,Background
2,2,0.9999814033508301,0.5453248646678318,APPROVE,Debris
6,6,0.9999995231628418,0.5453375485362401,APPROVE,Normal Colon Mucosa
2,2,0.9998189806938171,0.5452111688079228,APPROVE,Debris
1,1,0.999840497970581,0.5452262309016576,APPROVE,Background
8,8,0.9680666327476501,0.5229845252456059,APPROVE,Colorectal Adenocarcinoma
8,8,0.9580118060112,0.5159461465300907,APPROVE,Colorectal Adenocarcinoma
0,0,0.9975453019142151,0.5436195936622014,APPROVE,Adipose
0,0,0.9707603454589844,0.5248701241435398,APPROVE,Adipose
5,5,0.9999876022338867,0.5453292038859715,APPROVE,Smooth Muscle
1,1,0.9999356269836426,0.5452928212108006,APPROVE,Background
0,0,0.8471258878707886,0.43832600383180276,BLOCK,Adipose
1,1,0.9999653100967407,0.5453135993899693,APPROVE,Background
3,3,0.9999746084213257,0.5453201082171788,APPROVE,Lymphocytes
4,4,0.9997898936271667,0.5451908078612675,APPROVE,Mucus
8,8,0.9999700784683228,0.5453169372500767,APPROVE,Colorectal Adenocarcinoma
2,2,0.999991774559021,0.5453321245135655,APPROVE,Debris
1,1,0.9999884366989136,0.5453297880114902,APPROVE,Background
3,3,0.999804675579071,0.5452337281236486,APPROVE,Lymphocytes
0,0,0.997876763343811,0.5438841895589666,APPROVE,Adipose
1,1,0.9998316764831543,0.5452526287565068,APPROVE,Background
7,7,0.9806278347969055,0.5318099395761328,APPROVE,Cancer-Assoc. Stroma
3,3,0.9999923706054688,0.545365114642127,APPROVE,Lymphocytes
8,8,0.9985501170158386,0.5443555371293859,APPROVE,Colorectal Adenocarcinoma
8,8,0.998538613319397,0.5443474845418768,APPROVE,Colorectal Adenocarcinoma
3,3,0.998440682888031,0.5442789332399206,APPROVE,Lymphocytes
4,4,0.7485979199409485,0.3693889991769628,BLOCK,Mucus
8,8,0.9999924898147583,0.5453651980886297,APPROVE,Colorectal Adenocarcinoma
0,0,0.9999690055847168,0.5453487591276006,APPROVE,Adipose
1,1,0.9999630451202393,0.5453445868024663,APPROVE,Background
6,6,0.9999998807907104,0.5453703717717961,APPROVE,Normal Colon Mucosa
3,3,0.9998195767402649,0.5452441589364843,APPROVE,Lymphocytes
0,0,0.9885067939758301,0.5373252110013799,APPROVE,Adipose
0,0,0.9987847208976746,0.544519759846671,APPROVE,Adipose
2,2,0.9869216680526733,0.5362156228551702,APPROVE,Debris
4,4,0.9997971653938293,0.5452284709939794,APPROVE,Mucus
0,0,0.964918851852417,0.5208136515149907,APPROVE,Adipose
6,6,0.6242263913154602,0.282328929139121,BLOCK,Normal Colon Mucosa
3,3,0.9998520612716675,0.5452668981084661,APPROVE,Lymphocytes
0,0,0.9988289475440979,0.5445507184991674,APPROVE,Adipose
8,8,0.9998830556869507,0.5452885941991643,APPROVE,Colorectal Adenocarcinoma
6,4,0.5383065938949585,0.22218507094476977,BLOCK,Mucus
5,5,0.9998718500137329,0.5452807502279119,APPROVE,Smooth Muscle
1,1,0.9999480247497559,0.5453340725431279,APPROVE,Background
3,3,0.9996910095214844,0.5451541618833379,APPROVE,Lymphocytes
8,8,0.999911904335022,0.5453087882528143,APPROVE,Colorectal Adenocarcinoma
0,0,0.9988499879837036,0.5445654468068913,APPROVE,Adipose
5,0,0.9133315682411194,0.4847025529870824,BLOCK,Adipose
6,6,0.9999799728393555,0.5453564362058477,APPROVE,Normal Colon Mucosa
8,8,0.9993280172348022,0.5449000672826604,APPROVE,Colorectal Adenocarcinoma
2,2,0.9986639022827148,0.5443881741615277,APPROVE,Debris
8,8,0.6177431344985962,0.27774363671264474,BLOCK,Colorectal Adenocarcinoma
4,4,1.0,0.5453234425636273,APPROVE,Mucus
5,0,0.9036227464675903,0.47785936509094057,BLOCK,Adipose
5,5,0.9994074106216431,0.5449086299987775,APPROVE,Smooth Muscle
3,3,0.9993051290512085,0.5448370328994734,APPROVE,Lymphocytes
1,5,0.7666471600532532,0.3819764546009046,BLOCK,Smooth Muscle
0,0,0.9997760653495789,0.5451666883083326,APPROVE,Adipose
4,4,0.9999955892562866,0.5453203550430279,APPROVE,Mucus
8,8,0.9990377426147461,0.5446498623939495,APPROVE,Colorectal Adenocarcinoma
0,0,0.9993385672569275,0.5448604396434766,APPROVE,Adipose
1,1,0.9999442100524902,0.5452843896003705,APPROVE,Background
6,6,0.9999840259552002,0.5453122607322676,APPROVE,Normal Colon Mucosa
5,0,0.509199321269989,0.20176296745261968,BLOCK,Adipose
7,7,0.9896987080574036,0.5381125382038099,APPROVE,Cancer-Assoc. Stroma
0,0,0.9992076754570007,0.544768815383528,APPROVE,Adipose
2,2,0.9908628463745117,0.5389274350257856,APPROVE,Debris
5,7,0.9993096590042114,0.5448402038665754,APPROVE,Cancer-Assoc. Stroma
0,0,0.9859634041786194,0.5354978254886609,APPROVE,Adipose
8,8,0.9998223185539246,0.5451990655513745,APPROVE,Colorectal Adenocarcinoma
4,4,0.9993919134140015,0.5448977819534284,APPROVE,Mucus
3,3,0.9999995231628418,0.5453231087776167,APPROVE,Lymphocytes
8,8,0.9795060157775879,0.5309776536079389,APPROVE,Colorectal Adenocarcinoma
8,8,0.7291306257247925,0.35571488057098216,BLOCK,Colorectal Adenocarcinoma
6,4,0.9308786988258362,0.4969385317417127,BLOCK,Mucus
8,8,0.9997183680534363,0.5451263002010327,APPROVE,Colorectal Adenocarcinoma
4,5,0.8770562410354614,0.4592628112884503,BLOCK,Smooth Muscle
4,4,0.9979515671730042,0.5438895395847303,APPROVE,Mucus
5,5,0.9997912049293518,0.5451772860141737,APPROVE,Smooth Muscle
1,1,0.9998281002044678,0.5452031127067547,APPROVE,Background
0,0,0.9998670816421509,0.5452303997131329,APPROVE,Adipose
1,1,0.9999420642852783,0.5452828875633222,APPROVE,Background
1,1,0.9999872446060181,0.5454735121081428,APPROVE,Background
0,0,0.9977072477340698,0.5438775142977791,APPROVE,Adipose
8,8,0.9982284903526306,0.5442423841307716,APPROVE,Colorectal Adenocarcinoma
6,6,0.9998242259025574,0.5453593990157203,APPROVE,Normal Colon Mucosa
4,4,0.9999772310256958,0.5454665026019172,APPROVE,Mucus
6,6,0.9808871746063232,0.5321034631083564,APPROVE,Normal Colon Mucosa
4,4,0.9979323148727417,0.5440350612948494,APPROVE,Mucus
0,0,0.999568521976471,0.5451804062674598,APPROVE,Adipose
7,7,0.99921715259552,0.5449344477007941,APPROVE,Cancer-Assoc. Stroma
4,4,0.9999665021896362,0.5454589924166755,APPROVE,Mucus
7,7,0.45815083384513855,0.16618802457552717,BLOCK,Cancer-Assoc. Stroma
4,4,0.9997788071632385,0.5453276058981972,APPROVE,Mucus
1,1,0.9999864101409912,0.545472927982624,APPROVE,Background
0,0,0.9999740123748779,0.5454642495463448,APPROVE,Adipose
0,0,0.9999617338180542,0.5454556545565681,APPROVE,Adipose
1,1,0.9999831914901733,0.5454706749270515,APPROVE,Background
3,3,0.9971893429756165,0.5435149809668617,APPROVE,Lymphocytes
1,1,0.9999842643737793,0.5454714259455756,APPROVE,Background
4,4,0.9999901056289673,0.5454755148242073,APPROVE,Mucus
0,0,0.9999649524688721,0.5454579076121406,APPROVE,Adipose
4,7,0.9114544987678528,0.4835005900214271,BLOCK,Cancer-Assoc. Stroma
8,8,0.999394416809082,0.5450585326502876,APPROVE,Colorectal Adenocarcinoma
4,4,0.999992847442627,0.545477434093769,APPROVE,Mucus
1,1,0.9998606443405151,0.5453848919222908,APPROVE,Background
4,4,0.999900221824646,0.5454125961611823,APPROVE,Mucus
5,7,0.9990319013595581,0.5448047718356208,APPROVE,Cancer-Assoc. Stroma
4,4,0.9943179488182068,0.5415050050566749,APPROVE,Mucus
6,6,0.999997615814209,0.5454807719538765,APPROVE,Normal Colon Mucosa
4,4,0.9999871253967285,0.5454734286616402,APPROVE,Mucus
4,4,0.9977612495422363,0.5439153155634956,APPROVE,Mucus
0,0,0.9996709823608398,0.545252128536518,APPROVE,Adipose
8,8,0.9999651908874512,0.5454580745051459,APPROVE,Colorectal Adenocarcinoma
4,4,0.9998296499252319,0.5452824539505945,APPROVE,Mucus
1,1,0.9999382495880127,0.545358473714541,APPROVE,Background
1,1,0.9999829530715942,0.5453897661530481,APPROVE,Background
0,0,0.9910174608230591,0.5391139215790735,APPROVE,Adipose
8,8,0.9999680519104004,0.5453793353402124,APPROVE,Colorectal Adenocarcinoma
3,3,0.9981626868247986,0.5441155797802911,APPROVE,Lymphocytes
1,1,0.9999090433120728,0.5453380293213831,APPROVE,Background
1,1,0.9999392032623291,0.5453591412865625,APPROVE,Background
3,3,0.9999051094055176,0.5453352755867944,APPROVE,Lymphocytes
3,3,0.9987455606460571,0.5445235914551722,APPROVE,Lymphocytes
6,6,0.9999997615814209,0.5454015321099267,APPROVE,Normal Colon Mucosa
1,1,0.9999502897262573,0.5453669018113122,APPROVE,Background
7,7,0.9892626404762268,0.5378855473362909,APPROVE,Cancer-Assoc. Stroma
1,1,0.9999744892120361,0.5453838414513574,APPROVE,Background
8,8,0.9999489784240723,0.5453659838997827,APPROVE,Colorectal Adenocarcinoma
8,8,0.8741770386695862,0.45732562607164245,BLOCK,Colorectal Adenocarcinoma
6,6,0.9999998807907104,0.5454016155564294,APPROVE,Normal Colon Mucosa
3,3,0.9946145415306091,0.5416318780743585,APPROVE,Lymphocytes
3,3,0.9999618530273438,0.5453749961220727,APPROVE,Lymphocytes
1,1,0.9999828338623047,0.5453896827065454,APPROVE,Background
4,4,0.9994871616363525,0.5450427121483788,APPROVE,Mucus
6,6,0.9999972581863403,0.5453997797333704,APPROVE,Normal Colon Mucosa
8,8,0.9999130964279175,0.5453408665024744,APPROVE,Colorectal Adenocarcinoma
5,5,0.9979571104049683,0.5439716762864099,APPROVE,Smooth Muscle
3,3,0.9988805651664734,0.5446180946194635,APPROVE,Lymphocytes
4,4,0.9980502128601074,0.5440368480050073,APPROVE,Mucus
3,3,0.9996063113212585,0.5451261169278131,APPROVE,Lymphocytes
0,0,0.999996542930603,0.5453992790543543,APPROVE,Adipose
0,0,0.9858719706535339,0.5355120784604058,APPROVE,Adipose
4,4,0.9997074007987976,0.5451968795620904,APPROVE,Mucus
5,7,0.7596352100372314,0.37714634602899416,BLOCK,Cancer-Assoc. Stroma
3,3,0.9999954700469971,0.5453985280358301,APPROVE,Lymphocytes
8,8,0.9999995231628418,0.5453932205146333,APPROVE,Colorectal Adenocarcinoma
5,0,0.5444868803024292,0.2265343705123445,BLOCK,Adipose
4,5,0.6322221755981445,0.28794907721934526,BLOCK,Smooth Muscle
1,1,0.999991774559021,0.5453877964919588,APPROVE,Background
8,8,0.9886964559555054,0.5374810734694978,APPROVE,Colorectal Adenocarcinoma
4,4,0.9999995231628418,0.5453932205146333,APPROVE,Mucus
3,3,0.9998936653137207,0.5453191200202485,APPROVE,Lymphocytes
4,4,0.9999946355819702,0.5453897992080232,APPROVE,Mucus
0,0,0.9997467398643494,0.5452162722056886,APPROVE,Adipose
0,0,0.99981290102005,0.5452625850146791,APPROVE,Adipose
8,8,0.9525169134140015,0.512155393690445,APPROVE,Colorectal Adenocarcinoma
0,0,0.9410224556922913,0.5041092732852479,APPROVE,Adipose
8,8,0.998023509979248,0.5440100112861177,APPROVE,Colorectal Adenocarcinoma
5,5,0.9999827146530151,0.5453814545577547,APPROVE,Smooth Muscle
2,2,0.9995666146278381,0.5450901845401308,APPROVE,Debris
4,4,0.999875545501709,0.5453064361518404,APPROVE,Mucus
5,0,0.5224267840385437,0.21109230312762464,BLOCK,Adipose
3,3,0.6372286677360535,0.2914536217158815,BLOCK,Lymphocytes
6,6,0.9996262788772583,0.5451319495147249,APPROVE,Normal Colon Mucosa
6,6,0.9999994039535522,0.5453931370681306,APPROVE,Normal Colon Mucosa
8,8,0.9999721050262451,0.5453740278190157,APPROVE,Colorectal Adenocarcinoma
8,8,0.9998070597648621,0.5452584961360475,APPROVE,Colorectal Adenocarcinoma
6,6,0.9979153275489807,0.5439342835849306,APPROVE,Normal Colon Mucosa
8,8,0.9998960494995117,0.5453207889503022,APPROVE,Colorectal Adenocarcinoma
1,1,0.9999674558639526,0.545370773405411,APPROVE,Background
3,3,0.999035120010376,0.5447181383079073,APPROVE,Lymphocytes
5,5,0.9998688697814941,0.54530176314769,APPROVE,Smooth Muscle
0,0,0.9998757839202881,0.5453066030448457,APPROVE,Adipose
5,5,0.9999017715454102,0.5453247943824312,APPROVE,Smooth Muscle
6,6,0.9999762773513794,0.5453769484466097,APPROVE,Normal Colon Mucosa
1,1,0.9999819993972778,0.5453809538787385,APPROVE,Background
6,6,0.9999803304672241,0.545379785627701,APPROVE,Normal Colon Mucosa
5,5,0.9986634254455566,0.5444773725103895,APPROVE,Smooth Muscle
4,4,0.9997215867042542,0.5452180853914779,APPROVE,Mucus
6,6,0.9999995231628418,0.5454126409124892,APPROVE,Normal Colon Mucosa
1,1,0.9999758005142212,0.5453960350584548,APPROVE,Background
8,8,0.996560275554657,0.5430051675867598,APPROVE,Colorectal Adenocarcinoma
8,8,0.9888990521430969,0.5376423111986678,APPROVE,Colorectal Adenocarcinoma
3,3,0.9999860525131226,0.5454032114576857,APPROVE,Lymphocytes
2,2,0.9943544864654541,0.5414611152243178,APPROVE,Debris
3,3,0.9999996423721313,0.5454127243589919,APPROVE,Lymphocytes
2,2,0.974714457988739,0.5277130952906173,APPROVE,Debris
2,2,0.9999504089355469,0.5453782609533827,APPROVE,Debris
8,8,0.9901588559150696,0.5385241738390486,APPROVE,Colorectal Adenocarcinoma
3,3,0.9999924898147583,0.5454077175688308,APPROVE,Lymphocytes
6,6,0.9998897314071655,0.5453357866835158,APPROVE,Normal Colon Mucosa
6,6,0.997707724571228,0.5438083818983596,APPROVE,Normal Colon Mucosa
0,0,0.9999982118606567,0.5454117230009596,APPROVE,Adipose
0,0,0.9999964237213135,0.5454104713034194,APPROVE,Adipose
5,5,0.9997634291648865,0.5452473751139204,APPROVE,Smooth Muscle
1,1,0.9999862909317017,0.5454033783506911,APPROVE,Background
0,0,0.9964612126350403,0.5429358235430282,APPROVE,Adipose
3,3,0.9999021291732788,0.5453444651197951,APPROVE,Lymphocytes
8,8,0.9999563694000244,0.545382433278517,APPROVE,Colorectal Adenocarcinoma
6,6,0.9999977350234985,0.5454113892149489,APPROVE,Normal Colon Mucosa
2,2,0.9998421669006348,0.5453024915289443,APPROVE,Debris
1,1,0.9999901056289673,0.5454060486387771,APPROVE,Background
4,5,0.5847877860069275,0.2547644249033491,BLOCK,Smooth Muscle
8,8,0.9998076558113098,0.5452783337664168,APPROVE,Colorectal Adenocarcinoma
0,0,0.946605920791626,0.5080371192526381,APPROVE,Adipose
5,5,0.9989951252937317,0.5447095624041121,APPROVE,Smooth Muscle
1,1,0.9999444484710693,0.5453740886282484,APPROVE,Background
8,8,0.9998866319656372,0.5453336170744459,APPROVE,Colorectal Adenocarcinoma
7,7,0.9993746876716614,0.5449752560686629,APPROVE,Cancer-Assoc. Stroma
4,4,0.985517680644989,0.5352272803013963,APPROVE,Mucus
8,8,0.9850093126296997,0.5348714226906938,APPROVE,Colorectal Adenocarcinoma
5,5,0.9986080527305603,0.5443905407612962,APPROVE,Smooth Muscle
7,7,0.999620795249939,0.5450994605248612,APPROVE,Cancer-Assoc. Stroma
0,0,0.7700156569480896,0.38437586371356675,BLOCK,Adipose
8,8,0.9999583959579468,0.5453357810204668,APPROVE,Colorectal Adenocarcinoma
6,6,0.999993085861206,0.5453600639527483,APPROVE,Normal Colon Mucosa
1,1,0.9999752044677734,0.5453475469773454,APPROVE,Background
8,8,0.9995037317276001,0.5450175160592241,APPROVE,Colorectal Adenocarcinoma
1,1,0.9999582767486572,0.545335697573964,APPROVE,Background
1,1,0.9998161196708679,0.5452361876195115,APPROVE,Background
6,6,0.976113498210907,0.5286443525975388,APPROVE,Normal Colon Mucosa
1,1,0.9999417066574097,0.5453240985100908,APPROVE,Background
8,8,0.7717944979667664,0.3856210524266405,BLOCK,Colorectal Adenocarcinoma
6,6,0.9999363422393799,0.5453203434174699,APPROVE,Normal Colon Mucosa
6,6,0.9999983310699463,0.5453637355988664,APPROVE,Normal Colon Mucosa
5,5,0.9998431205749512,0.5452550882523698,APPROVE,Smooth Muscle
3,3,0.9999995231628418,0.5453645700638933,APPROVE,Lymphocytes
6,6,0.9827648997306824,0.5333003336613816,APPROVE,Normal Colon Mucosa
0,0,0.9995444416999817,0.5450460130398912,APPROVE,Adipose
5,5,0.9989228844642639,0.5446109229748888,APPROVE,Smooth Muscle
8,8,0.9804043173789978,0.5316479260152025,APPROVE,Colorectal Adenocarcinoma
2,2,0.9997287392616272,0.5451750213330431,APPROVE,Debris
0,0,0.9999357461929321,0.5453199261849565,APPROVE,Adipose
0,0,0.9996546506881714,0.5451231593316239,APPROVE,Adipose
4,4,0.9998514652252197,0.5452609295075578,APPROVE,Mucus
1,1,0.9999514818191528,0.5453309411233109,APPROVE,Background
3,3,0.9998863935470581,0.5452853793328447,APPROVE,Lymphocytes
8,8,0.9999765157699585,0.5453484648888749,APPROVE,Colorectal Adenocarcinoma
1,1,0.9999349117279053,0.5453193420594377,APPROVE,Background
1,1,0.9998842477798462,0.5452838772957963,APPROVE,Background
8,8,0.999373733997345,0.5449265176480454,APPROVE,Colorectal Adenocarcinoma
7,7,0.7993873953819275,0.40502902839809024,BLOCK,Cancer-Assoc. Stroma
0,0,0.9120758771896362,0.4839109656634863,BLOCK,Adipose
5,0,0.9137120246887207,0.4850562689128454,BLOCK,Adipose
1,1,0.9999876022338867,0.5454491731944617,APPROVE,Background
3,3,0.999976634979248,0.5454414961162146,APPROVE,Lymphocytes
1,1,0.999890923500061,0.5453814980807837,APPROVE,Background
6,6,0.9999953508377075,0.5454545972171363,APPROVE,Normal Colon Mucosa
2,2,0.9954361319541931,0.5422631439986761,APPROVE,Debris
0,0,0.9998540878295898,0.5453557131114539,APPROVE,Adipose
5,0,0.9832229018211365,0.5337138829055366,APPROVE,Adipose
6,6,0.9994174242019653,0.5450500485721167,APPROVE,Normal Colon Mucosa
0,0,0.9999872446060181,0.5454489228549536,APPROVE,Adipose
5,5,0.9997476935386658,0.5452812371078071,APPROVE,Smooth Muscle
2,2,0.9995630383491516,0.5451519784751472,APPROVE,Debris
4,4,0.9849966764450073,0.5349555251422461,APPROVE,Mucus
0,0,0.9999996423721313,0.545457601291233,APPROVE,Adipose
1,1,0.9999876022338867,0.5454491731944617,APPROVE,Background
7,7,0.9674946069717407,0.5227040765109595,APPROVE,Cancer-Assoc. Stroma
5,5,0.9999566078186035,0.5454274771037635,APPROVE,Smooth Muscle
6,6,0.9999996423721313,0.545457601291233,APPROVE,Normal Colon Mucosa
0,4,0.7403563857078552,0.3637073216262396,BLOCK,Mucus
0,0,0.9999977350234985,0.54545626614719,APPROVE,Adipose
8,8,0.9999686479568481,0.5454359052005348,APPROVE,Colorectal Adenocarcinoma
8,8,0.9999830722808838,0.5454460022273596,APPROVE,Colorectal Adenocarcinoma
8,8,0.9999462366104126,0.5454202172580298,APPROVE,Colorectal Adenocarcinoma
6,6,0.9889905452728271,0.53775123332172,APPROVE,Normal Colon Mucosa
5,0,0.8554074764251709,0.4442430851283606,BLOCK,Adipose
7,7,0.9999911785125732,0.5454516765895423,APPROVE,Cancer-Assoc. Stroma
8,8,0.9999409914016724,0.5454165456119117,APPROVE,Colorectal Adenocarcinoma
0,4,0.5166624784469604,0.2071215865436133,BLOCK,Mucus
0,0,0.9997788071632385,0.545303016645008,APPROVE,Adipose
8,8,0.9941365718841553,0.5413534519496497,APPROVE,Colorectal Adenocarcinoma
6,6,0.999990701675415,0.5453834566353444,APPROVE,Normal Colon Mucosa
6,6,0.9996213912963867,0.5451249393700245,APPROVE,Normal Colon Mucosa
0,0,0.9999961853027344,0.5453872951744678,APPROVE,Adipose
5,5,0.9614217877388,0.5183852168797138,APPROVE,Smooth Muscle
7,7,0.9809093475341797,0.5320265087364796,APPROVE,Cancer-Assoc. Stroma
8,8,0.9999071359634399,0.5453249606369618,APPROVE,Colorectal Adenocarcinoma
8,8,0.9997373223304749,0.5452060910938862,APPROVE,Colorectal Adenocarcinoma
1,1,0.9999356269836426,0.5453449043511036,APPROVE,Background
4,4,0.9999884366989136,0.5453818711517933,APPROVE,Mucus
6,6,0.9495128393173218,0.510048952984679,APPROVE,Normal Colon Mucosa
6,6,0.9990873336791992,0.5447510990379932,APPROVE,Normal Colon Mucosa
4,4,0.9565636515617371,0.5149845215557698,APPROVE,Mucus
0,0,0.7669040560722351,0.3822228047131184,BLOCK,Adipose
3,3,0.9993705153465271,0.5449493262051228,APPROVE,Lymphocytes
8,8,0.9992669224739075,0.544876811194289,APPROVE,Colorectal Adenocarcinoma
3,3,0.9999338388442993,0.5453436526535633,APPROVE,Lymphocytes
4,4,0.9994408488273621,0.5449985596417073,APPROVE,Mucus
0,0,0.9943918585777283,0.5414642664669636,APPROVE,Adipose
1,1,0.999934196472168,0.5453439029930713,APPROVE,Background
3,3,0.9974625110626221,0.5436137232063892,APPROVE,Lymphocytes
0,0,0.9993972778320312,0.5449680599449757,APPROVE,Adipose
0,0,0.9922471046447754,0.5399629387138966,APPROVE,Adipose
8,8,0.9950315952301025,0.5419120821236256,APPROVE,Colorectal Adenocarcinoma
3,3,0.9999997615814209,0.5453897985695484,APPROVE,Lymphocytes
4,4,0.8527370691299438,0.4423059138535145,BLOCK,Mucus
8,8,0.9998465776443481,0.5452825698135975,APPROVE,Colorectal Adenocarcinoma
4,4,0.9998020529747009,0.5452514025448445,APPROVE,Mucus
6,6,0.999995231628418,0.5453866276024464,APPROVE,Normal Colon Mucosa
2,2,0.9981892704963684,0.5441224548100116,APPROVE,Debris
3,3,0.9999852180480957,0.5453796180962208,APPROVE,Lymphocytes
4,4,0.9986538887023926,0.5444476875542286,APPROVE,Mucus
1,1,0.999923586845398,0.5453364762543323,APPROVE,Background
5,7,0.5253583192825317,0.2131906945794128,BLOCK,Cancer-Assoc. Stroma
0,4,0.6623281240463257,0.30906955791406854,BLOCK,Mucus
6,6,1.0,0.5454398710816405,APPROVE,Normal Colon Mucosa
6,6,0.9996323585510254,0.5451825220673583,APPROVE,Normal Colon Mucosa
1,1,0.9999505281448364,0.545405240783026,APPROVE,Background
0,0,0.9999707937240601,0.5454194266884825,APPROVE,Adipose
8,8,0.9999730587005615,0.5454210121720335,APPROVE,Colorectal Adenocarcinoma
0,0,0.999993085861206,0.5454350311844848,APPROVE,Adipose
8,8,0.9994053840637207,0.545023639926245,APPROVE,Colorectal Adenocarcinoma
3,3,0.9995742440223694,0.5451418418972991,APPROVE,Lymphocytes
0,0,0.9875800013542175,0.5367458720295928,APPROVE,Adipose
3,3,0.9994028806686401,0.5450218875496886,APPROVE,Lymphocytes
4,4,0.9643561244010925,0.5204891581624053,APPROVE,Mucus
0,0,0.8680142760276794,0.4530498643010162,BLOCK,Adipose
5,0,0.9899263381958008,0.5383883078187011,APPROVE,Adipose
3,3,0.9997372031211853,0.5452559132664702,APPROVE,Lymphocytes
0,0,0.9335638284683228,0.49893455100946643,BLOCK,Adipose
5,2,0.801435112953186,0.4064444501488708,BLOCK,Debris
5,5,0.9981269240379333,0.5441287179081938,APPROVE,Smooth Muscle
8,8,0.9991737008094788,0.5448614616482756,APPROVE,Colorectal Adenocarcinoma
0,0,0.9999701976776123,0.5454190094559691,APPROVE,Adipose
6,6,0.9999929666519165,0.5454349477379821,APPROVE,Normal Colon Mucosa
4,4,0.6595683693885803,0.3071377296536468,BLOCK,Mucus
3,3,0.9997438788414001,0.5452605862706206,APPROVE,Lymphocytes
6,6,0.9999974966049194,0.5454381187050841,APPROVE,Normal Colon Mucosa
1,4,0.8036713004112244,0.40800978136949756,BLOCK,Mucus
8,7,0.4368588924407959,0.15124109579019768,BLOCK,Cancer-Assoc. Stroma
0,0,0.509269654750824,0.20192862940721734,BLOCK,Adipose
4,5,0.6517910361289978,0.30169359637193904,BLOCK,Smooth Muscle
8,8,0.9986603260040283,0.5445020992844604,APPROVE,Colorectal Adenocarcinoma
4,4,0.9986899495124817,0.5445228357403776,APPROVE,Mucus
8,8,0.9999895095825195,0.5454325277894042,APPROVE,Colorectal Adenocarcinoma
7,7,0.6564738750457764,0.30499051560275636,BLOCK,Cancer-Assoc. Stroma
0,0,0.9998171925544739,0.5453308378588446,APPROVE,Adipose
6,6,0.9988842606544495,0.5446777855288275,APPROVE,Normal Colon Mucosa
8,8,0.9980399012565613,0.5440867339503058,APPROVE,Colorectal Adenocarcinoma
0,0,0.7730499505996704,0.38659376849048216,BLOCK,Adipose
5,5,0.6846323609352112,0.3247014557253607,BLOCK,Smooth Muscle
1,1,0.9999778270721436,0.5454432820212134,APPROVE,Background
8,8,0.9963894486427307,0.5429314171206244,APPROVE,Colorectal Adenocarcinoma
0,0,0.9776526689529419,0.5298156713377723,APPROVE,Adipose
5,0,0.9829476475715637,0.5335221563708076,APPROVE,Adipose
1,1,0.9999858140945435,0.5454488729368934,APPROVE,Background
8,8,0.9757118225097656,0.5284570788275489,APPROVE,Colorectal Adenocarcinoma
4,4,0.9999992847442627,0.5454583023916968,APPROVE,Mucus
3,3,0.9998451471328735,0.5453504060637244,APPROVE,Lymphocytes
6,6,0.9998959302902222,0.5453859542738685,APPROVE,Normal Colon Mucosa
6,6,0.9935312867164612,0.5409307037722357,APPROVE,Normal Colon Mucosa
0,0,0.998314380645752,0.5442788695227393,APPROVE,Adipose
8,8,0.999945878982544,0.5454209183584937,APPROVE,Colorectal Adenocarcinoma
5,5,0.9994868040084839,0.5450995658766516,APPROVE,Smooth Muscle
8,8,0.9999749660491943,0.545441279305149,APPROVE,Colorectal Adenocarcinoma
1,1,0.9999845027923584,0.5454479550253638,APPROVE,Background
4,4,0.999861478805542,0.5453618382345923,APPROVE,Mucus
7,7,0.9912992119789124,0.5393682514559516,APPROVE,Cancer-Assoc. Stroma
2,2,0.9987369179725647,0.5445746456515083,APPROVE,Debris
8,8,0.45143604278564453,0.1614640330206641,BLOCK,Colorectal Adenocarcinoma
5,5,0.999843955039978,0.5453495715986976,APPROVE,Smooth Muscle
0,0,0.6717371940612793,0.31567483891360837,BLOCK,Adipose
3,3,0.9999827146530151,0.5454467033278235,APPROVE,Lymphocytes
0,0,0.6770760416984558,0.31941203225963194,BLOCK,Adipose
1,1,0.9999674558639526,0.5454360221754798,APPROVE,Background
6,6,0.9999159574508667,0.5453999732863196,APPROVE,Normal Colon Mucosa
5,0,0.5907224416732788,0.25896451224200806,BLOCK,Adipose
8,7,0.8745495676994324,0.45758875326232185,BLOCK,Cancer-Assoc. Stroma
4,4,0.9988631010055542,0.5446082265766071,APPROVE,Mucus
3,3,0.9993689656257629,0.5449623318107533,APPROVE,Lymphocytes
1,1,0.9998962879180908,0.5453314574153828,APPROVE,Background
0,0,0.9999167919158936,0.5453458102138448,APPROVE,Adipose
4,5,0.765959620475769,0.3815757902057576,BLOCK,Smooth Muscle
0,0,0.792322039604187,0.40002948359565016,BLOCK,Adipose
8,8,0.9990560412406921,0.5447432847412037,APPROVE,Colorectal Adenocarcinoma
4,4,0.9998931884765625,0.545329287806313,APPROVE,Mucus
7,7,0.904523491859436,0.47857050017432445,BLOCK,Cancer-Assoc. Stroma
1,1,0.9999911785125732,0.5453978808315205,APPROVE,Background
6,6,0.9870218634605408,0.5363193602950977,APPROVE,Normal Colon Mucosa
7,7,0.9241827130317688,0.4923319549949574,BLOCK,Cancer-Assoc. Stroma
8,8,0.9983758926391602,0.5442671807201314,APPROVE,Colorectal Adenocarcinoma
6,6,0.9999996423721313,0.5454038055332112,APPROVE,Normal Colon Mucosa
6,6,0.9973680377006531,0.5435616822631764,APPROVE,Normal Colon Mucosa
0,0,0.9998867511749268,0.545324781695168,APPROVE,Adipose
5,7,0.9999773502349854,0.545388201037209,APPROVE,Cancer-Assoc. Stroma
8,8,0.9999213218688965,0.5453489811809468,APPROVE,Colorectal Adenocarcinoma
0,0,0.9986711740493774,0.5444738777072834,APPROVE,Adipose
8,8,0.9993579983711243,0.5449546547325063,APPROVE,Colorectal Adenocarcinoma
0,0,0.9998422861099243,0.5452936561496663,APPROVE,Adipose
0,0,0.7657046318054199,0.38139729813651313,BLOCK,Adipose
6,6,0.9991729855537415,0.5448251457603382,APPROVE,Normal Colon Mucosa
8,8,0.9996033310890198,0.5451263876350331,APPROVE,Colorectal Adenocarcinoma
4,4,0.9998679161071777,0.5453115971477437,APPROVE,Mucus
0,0,0.9999465942382812,0.5453666718395161,APPROVE,Adipose
5,5,0.9937481880187988,0.5410277874858784,APPROVE,Smooth Muscle
4,4,0.9998626708984375,0.5453079255016254,APPROVE,Mucus
8,8,0.9995428323745728,0.5450840385349202,APPROVE,Colorectal Adenocarcinoma
5,5,0.9999439716339111,0.545364836016457,APPROVE,Smooth Muscle
8,8,0.9998816251754761,0.5453211934955525,APPROVE,Colorectal Adenocarcinoma
6,6,0.9986085295677185,0.544484224361402,APPROVE,Normal Colon Mucosa
0,0,0.980311393737793,0.5316762292804541,APPROVE,Adipose
1,1,0.9998645782470703,0.5453634584369482,APPROVE,Background
8,8,0.9999932050704956,0.5454534972133459,APPROVE,Colorectal Adenocarcinoma
4,4,0.999887228012085,0.5453793132724585,APPROVE,Mucus
0,0,0.9999927282333374,0.5454531634273352,APPROVE,Adipose
3,3,0.9999679327011108,0.5454358065547766,APPROVE,Lymphocytes
2,2,0.9997921586036682,0.5453127646865668,APPROVE,Debris
0,0,0.9969906806945801,0.5433517301502051,APPROVE,Adipose
8,8,0.949152946472168,0.5098653161945166,APPROVE,Colorectal Adenocarcinoma
8,8,0.9999773502349854,0.5454423988284888,APPROVE,Colorectal Adenocarcinoma
4,4,0.9745254516601562,0.5276260698261084,APPROVE,Mucus
0,0,0.9918956160545349,0.5397851849021734,APPROVE,Adipose
0,0,0.722854495048523,0.3514564001979651,BLOCK,Adipose
6,8,0.8554372191429138,0.44426430706403874,BLOCK,Colorectal Adenocarcinoma
1,1,0.9999067783355713,0.5453929984988989,APPROVE,Background
0,0,0.9235345125198364,0.49193241242788455,BLOCK,Adipose
0,0,0.9999963045120239,0.5454556668224158,APPROVE,Adipose
2,2,0.9994864463806152,0.5450987661304297,APPROVE,Debris
0,0,0.9999984502792358,0.5454571688594642,APPROVE,Adipose
8,8,0.9999117851257324,0.5453965032520117,APPROVE,Colorectal Adenocarcinoma
0,0,0.9857338666915894,0.5354719603481116,APPROVE,Adipose
4,4,0.9999725818634033,0.5454390609683814,APPROVE,Mucus
1,1,0.9999454021453857,0.5454200351657691,APPROVE,Background
5,5,0.9994864463806152,0.5450987661304297,APPROVE,Smooth Muscle
6,6,0.9999969005584717,0.5454560840549292,APPROVE,Normal Colon Mucosa
6,6,0.9999990463256836,0.5454575860919776,APPROVE,Normal Colon Mucosa
4,4,0.9999996423721313,0.545458003324491,APPROVE,Mucus
3,3,0.9995805621147156,0.5451646471442999,APPROVE,Lymphocytes
4,4,0.9999984502792358,0.5454571688594642,APPROVE,Mucus
1,1,0.9999799728393555,0.5454442346515479,APPROVE,Background
5,7,0.9989839196205139,0.5447469973983587,APPROVE,Cancer-Assoc. Stroma
8,8,0.9991506338119507,0.5448320016037994,APPROVE,Colorectal Adenocarcinoma
8,8,0.9998825788497925,0.5453443631302887,APPROVE,Colorectal Adenocarcinoma
3,3,0.9996747970581055,0.5451989158761078,APPROVE,Lymphocytes
4,4,0.9999504089355469,0.5453918441903167,APPROVE,Mucus
4,4,0.9920389652252197,0.5398538335930877,APPROVE,Mucus
6,6,0.78359055519104,0.3939399465691619,BLOCK,Normal Colon Mucosa
0,0,0.9989180564880371,0.5446691974770599,APPROVE,Adipose
5,5,0.9969659447669983,0.5433027192723328,APPROVE,Smooth Muscle
8,7,0.9586565494537354,0.5164861425530487,APPROVE,Cancer-Assoc. Stroma
8,8,0.9998142123222351,0.5452965065609985,APPROVE,Colorectal Adenocarcinoma
5,5,0.9999914169311523,0.5454205497872405,APPROVE,Smooth Muscle
4,4,0.6609352231025696,0.3080812141072326,BLOCK,Mucus
8,8,0.9998131394386292,0.5452957555424743,APPROVE,Colorectal Adenocarcinoma
3,3,0.9999992847442627,0.5454260572564178,APPROVE,Lymphocytes
4,4,0.9996424913406372,0.54517630187388,APPROVE,Mucus
8,8,0.9999656677246094,0.5454025253426605,APPROVE,Colorectal Adenocarcinoma
1,1,0.9999885559082031,0.5454185470711761,APPROVE,Background
1,1,0.9998276233673096,0.5453058942925506,APPROVE,Background
6,6,0.9999353885650635,0.5453813299309783,APPROVE,Normal Colon Mucosa
8,6,0.6638867855072021,0.3101473077904754,BLOCK,Normal Colon Mucosa
4,4,0.988281786441803,0.537223808444696,APPROVE,Mucus
5,5,0.9991874098777771,0.5448577448498779,APPROVE,Smooth Muscle
6,6,0.9999954700469971,0.5454233869683319,APPROVE,Normal Colon Mucosa
5,5,0.9995810389518738,0.5451332852017455,APPROVE,Smooth Muscle
8,8,0.5055428147315979,0.1993065282475524,BLOCK,Colorectal Adenocarcinoma
4,4,0.9999810457229614,0.545413289941507,APPROVE,Mucus
6,6,0.9996790885925293,0.5452019199502044,APPROVE,Normal Colon Mucosa
5,0,0.6876518130302429,0.32678282705660394,BLOCK,Adipose
4,4,0.9979439377784729,0.543987314380365,APPROVE,Mucus
6,6,0.9999938011169434,0.5454222187172942,APPROVE,Normal Colon Mucosa
8,8,0.9999891519546509,0.5454189643036895,APPROVE,Colorectal Adenocarcinoma
3,3,1.0,0.5454265579354339,APPROVE,Lymphocytes
1,1,0.999886155128479,0.5453239511152771,APPROVE,Background
8,8,0.9973005652427673,0.5435140381952789,APPROVE,Colorectal Adenocarcinoma
4,4,0.9999967813491821,0.5454013894697692,APPROVE,Mucus
1,1,0.9998685121536255,0.5453116010328797,APPROVE,Background
6,6,0.9960838556289673,0.5426623414656189,APPROVE,Normal Colon Mucosa
7,7,0.9999910593032837,0.5453973840376404,APPROVE,Cancer-Assoc. Stroma
8,8,0.9571037888526917,0.5153762947222259,APPROVE,Colorectal Adenocarcinoma
3,3,0.9999909400939941,0.5453973005911377,APPROVE,Lymphocytes
8,8,0.9996341466903687,0.5451475452085999,APPROVE,Colorectal Adenocarcinoma
3,3,0.9991199374198914,0.5447875987192657,APPROVE,Lymphocytes
5,5,0.9999855756759644,0.5453935454985168,APPROVE,Smooth Muscle
6,6,0.9996205568313599,0.5451380323072937,APPROVE,Normal Colon Mucosa
6,6,0.9998680353164673,0.5453112672468688,APPROVE,Normal Colon Mucosa
3,3,0.9916965961456299,0.5395912598272827,APPROVE,Lymphocytes
3,3,0.9971831440925598,0.5434318433901336,APPROVE,Lymphocytes
5,5,0.9964420199394226,0.5429130564829376,APPROVE,Smooth Muscle
6,6,0.9962371587753296,0.5427696536680725,APPROVE,Normal Colon Mucosa
0,0,0.8419068455696106,0.4347384344240693,BLOCK,Adipose
3,3,0.9997394680976868,0.5452212701937226,APPROVE,Lymphocytes
8,8,0.9966691136360168,0.5430720220705536,APPROVE,Colorectal Adenocarcinoma
6,6,0.9999996423721313,0.5454033921858338,APPROVE,Normal Colon Mucosa
6,6,1.0,0.5454036425253418,APPROVE,Normal Colon Mucosa
7,7,0.8875867128372192,0.4667143415113953,BLOCK,Cancer-Assoc. Stroma
1,1,0.9999845027923584,0.5453927944799927,APPROVE,Background
7,7,0.9976576566696167,0.5437640021940735,APPROVE,Cancer-Assoc. Stroma
0,0,0.9624540209770203,0.519121457209256,APPROVE,Adipose
4,4,0.9995263814926147,0.5450721095701722,APPROVE,Mucus
0,0,0.9993485808372498,0.5449476491114166,APPROVE,Adipose
5,7,0.9998615980148315,0.5453067611357238,APPROVE,Cancer-Assoc. Stroma
2,2,0.9997990727424622,0.5452629934450653,APPROVE,Debris
1,1,0.9999691247940063,0.5453820298811463,APPROVE,Background
0,0,0.9920622110366821,0.5398471902510192,APPROVE,Adipose
4,4,0.9999669790267944,0.5454002333504903,APPROVE,Mucus
8,8,0.9991798996925354,0.5448492778165089,APPROVE,Colorectal Adenocarcinoma
4,4,0.948468029499054,0.509350968681072,APPROVE,Mucus
8,8,0.9986218214035034,0.5444586230141866,APPROVE,Colorectal Adenocarcinoma
0,0,0.9982160925865173,0.5441746128422963,APPROVE,Adipose
1,1,0.9999853372573853,0.5454130841119039,APPROVE,Background
8,8,0.9998788833618164,0.5453385663850057,APPROVE,Colorectal Adenocarcinoma
2,2,0.9986804127693176,0.5444996369702565,APPROVE,Debris
6,6,0.9749537110328674,0.5278909457547414,APPROVE,Normal Colon Mucosa
5,5,0.9996503591537476,0.5451785994393575,APPROVE,Smooth Muscle
1,1,0.9999220371246338,0.5453687740189779,APPROVE,Background
0,0,0.9925703406333923,0.5402225864751088,APPROVE,Adipose
2,2,0.999988317489624,0.5454151702744711,APPROVE,Debris
5,7,0.9995291233062744,0.5450937343461263,APPROVE,Cancer-Assoc. Stroma
8,8,0.5171774625778198,0.2074475718362081,BLOCK,Colorectal Adenocarcinoma
1,1,0.9999767541885376,0.5454070759637105,APPROVE,Background
8,8,0.9992676377296448,0.5449106944424855,APPROVE,Colorectal Adenocarcinoma
6,6,0.9947763681411743,0.5417668057305562,APPROVE,Normal Colon Mucosa
0,0,0.978215754032135,0.5301743758542287,APPROVE,Adipose
0,0,0.9886289834976196,0.5374636364800679,APPROVE,Adipose
0,0,0.9999451637268066,0.5453849626404988,APPROVE,Adipose
4,4,0.9998835325241089,0.5453418207986104,APPROVE,Mucus
0,0,0.9999514818191528,0.5453893853051411,APPROVE,Adipose
6,6,0.991159975528717,0.5392353309018362,APPROVE,Normal Colon Mucosa
8,8,0.9999821186065674,0.5454108310563314,APPROVE,Colorectal Adenocarcinoma
5,5,0.9999679327011108,0.5454009009225118,APPROVE,Smooth Muscle
0,0,0.9997637867927551,0.5452579987866628,APPROVE,Adipose
4,4,0.9998581409454346,0.5453240466935384,APPROVE,Mucus
1,1,0.999995231628418,0.5454200101716268,APPROVE,Background
0,0,0.9992977380752563,0.5449317646844136,APPROVE,Adipose
6,6,0.9999903440475464,0.5454165888650166,APPROVE,Normal Colon Mucosa
8,8,0.9917317032814026,0.539635540328716,APPROVE,Colorectal Adenocarcinoma
0,0,0.9999837875366211,0.5453950846831765,APPROVE,Adipose
2,2,0.9986729621887207,0.5444775069396462,APPROVE,Debris
4,4,0.9999903440475464,0.5453996742408243,APPROVE,Mucus
5,5,0.7679539322853088,0.38297418600725797,BLOCK,Smooth Muscle
0,0,0.9999988079071045,0.545405598942515,APPROVE,Adipose
0,0,0.7219365239143372,0.35076200014757786,BLOCK,Adipose
2,2,0.9997817873954773,0.545253684584376,APPROVE,Debris
1,1,0.999909520149231,0.5453430975120035,APPROVE,Background
8,8,0.9993522763252258,0.5449530268351999,APPROVE,Colorectal Adenocarcinoma
1,1,0.9999655485153198,0.5453823173682657,APPROVE,Background
2,2,0.9999982118606567,0.5454051817100015,APPROVE,Debris
8,8,0.9998294115066528,0.5452870214621988,APPROVE,Colorectal Adenocarcinoma
8,8,0.9990046620368958,0.5447096968333688,APPROVE,Colorectal Adenocarcinoma
3,3,0.9998551607131958,0.5453050459067789,APPROVE,Lymphocytes
5,7,0.739220917224884,0.3628610754649606,BLOCK,Cancer-Assoc. Stroma
8,8,0.9994779229164124,0.5450409794490304,APPROVE,Colorectal Adenocarcinoma
4,5,0.8294935822486877,0.42605194098162325,BLOCK,Smooth Muscle
8,8,0.982848584651947,0.5334004426639047,APPROVE,Colorectal Adenocarcinoma
7,7,0.9997710585594177,0.5452461743991343,APPROVE,Cancer-Assoc. Stroma
5,5,0.9998791217803955,0.5453218186538187,APPROVE,Smooth Muscle
8,8,0.9786056876182556,0.5304304147403207,APPROVE,Colorectal Adenocarcinoma
2,2,0.9987826943397522,0.5445543194453684,APPROVE,Debris
4,4,1.0,0.5454064334075418,APPROVE,Mucus
8,8,0.9968305230140686,0.5431877995173898,APPROVE,Colorectal Adenocarcinoma
2,2,0.9999710321426392,0.5453861559073893,APPROVE,Debris
8,8,0.9995754361152649,0.5451092386882272,APPROVE,Colorectal Adenocarcinoma
6,6,0.9999946355819702,0.545402678314921,APPROVE,Normal Colon Mucosa
4,4,0.9999814033508301,0.5453934157531228,APPROVE,Mucus
4,4,0.9999840259552002,0.545395251576182,APPROVE,Mucus
8,8,0.9998937845230103,0.545332082573649,APPROVE,Colorectal Adenocarcinoma
5,5,0.9998326301574707,0.5452892745177713,APPROVE,Smooth Muscle
8,8,0.9997168183326721,0.5452082062404123,APPROVE,Colorectal Adenocarcinoma
0,0,0.972687304019928,0.5263327873200331,APPROVE,Adipose
0,0,0.9627774953842163,0.5193959212750349,APPROVE,Adipose
1,1,0.9999663829803467,0.5454281425923261,APPROVE,Background
8,8,0.9826571345329285,0.5333116686791334,APPROVE,Colorectal Adenocarcinoma
0,0,0.9999576807022095,0.5454220509976301,APPROVE,Adipose
1,5,0.7054908871650696,0.3392952955216322,BLOCK,Smooth Muscle
0,0,0.834418535232544,0.42954464916886426,BLOCK,Adipose
3,3,0.9993283748626709,0.5449815369099531,APPROVE,Lymphocytes
0,0,0.9726749062538147,0.5263241088837537,APPROVE,Adipose
0,0,0.9936848282814026,0.5410310543030653,APPROVE,Adipose
8,8,0.9982210993766785,0.5442064440697584,APPROVE,Colorectal Adenocarcinoma
0,0,0.9997584223747253,0.5452825701683912,APPROVE,Adipose
1,1,0.9999854564666748,0.5454414940327558,APPROVE,Background
4,2,0.9248549938201904,0.4928501701802167,BLOCK,Debris
3,3,0.9999929666519165,0.545446751162425,APPROVE,Lymphocytes
5,5,0.9992311000823975,0.5449134445637617,APPROVE,Smooth Muscle
6,6,0.9968656897544861,0.5432576573342237,APPROVE,Normal Colon Mucosa
1,1,0.9999805688858032,0.5454380727261458,APPROVE,Background
4,4,0.9999991655349731,0.5454510903805646,APPROVE,Mucus
0,0,0.9999839067459106,0.5454404092282209,APPROVE,Adipose
5,8,0.648480236530304,0.29938784007729624,BLOCK,Colorectal Adenocarcinoma
6,6,0.9999322891235352,0.5454042768925581,APPROVE,Normal Colon Mucosa
2,2,0.998163640499115,0.5441662228554639,APPROVE,Debris
6,6,0.9999860525131226,0.5454419112652692,APPROVE,Normal Colon Mucosa
0,0,0.9871261715888977,0.5364399946183118,APPROVE,Adipose
4,4,0.9992144107818604,0.5449017620533857,APPROVE,Mucus
8,8,0.9996408224105835,0.5452002501934919,APPROVE,Colorectal Adenocarcinoma
1,1,0.9999126195907593,0.545390508219615,APPROVE,Background
1,1,0.9999737739562988,0.5454333162754926,APPROVE,Background
0,0,0.9948746562004089,0.5418639338463697,APPROVE,Adipose
1,1,0.9999337196350098,0.5454052782505903,APPROVE,Background
2,2,0.9997988343238831,0.5453108585328016,APPROVE,Debris
8,8,0.9695432186126709,0.5241026607757135,APPROVE,Colorectal Adenocarcinoma
8,8,0.9996129870414734,0.5451514986758753,APPROVE,Colorectal Adenocarcinoma
6,6,0.9999175071716309,0.5453646627669855,APPROVE,Normal Colon Mucosa
8,8,0.9998843669891357,0.5453414646392389,APPROVE,Colorectal Adenocarcinoma
5,5,0.9264941811561584,0.4939683345561548,BLOCK,Smooth Muscle
1,1,0.9999704360961914,0.545401713014178,APPROVE,Background
6,6,0.9992849230766296,0.5449218539004846,APPROVE,Normal Colon Mucosa
1,5,0.6767423152923584,0.31914202845149475,BLOCK,Smooth Muscle
8,8,0.9996132254600525,0.5451516655688806,APPROVE,Colorectal Adenocarcinoma
1,1,0.9999901056289673,0.5454154816871211,APPROVE,Background
4,4,0.9999881982803345,0.5454141465430781,APPROVE,Mucus
4,4,0.9998511075973511,0.5453181830649897,APPROVE,Mucus
4,4,0.9999991655349731,0.5454218236213251,APPROVE,Mucus
6,6,0.9996582269668579,0.5451831666236444,APPROVE,Normal Colon Mucosa
5,5,0.9978358149528503,0.5439074782138391,APPROVE,Smooth Muscle
6,6,0.9969502091407776,0.5432875541453882,APPROVE,Normal Colon Mucosa
8,7,0.936408519744873,0.5009083715682551,APPROVE,Cancer-Assoc. Stroma
5,5,0.974556028842926,0.5276116279368921,APPROVE,Smooth Muscle
8,8,0.9998914003372192,0.5453463879828974,APPROVE,Colorectal Adenocarcinoma
2,2,0.9999997615814209,0.5454222408538385,APPROVE,Debris
5,5,0.9998953342437744,0.545349141717486,APPROVE,Smooth Muscle
0,0,0.999698281288147,0.5452112046485468,APPROVE,Adipose
5,5,0.9991006851196289,0.5447928873305842,APPROVE,Smooth Muscle
0,0,0.9924718141555786,0.5401526776557489,APPROVE,Adipose
0,0,0.5204474925994873,0.20973565256648502,BLOCK,Adipose
8,8,0.9999825954437256,0.5454102245574518,APPROVE,Colorectal Adenocarcinoma
4,4,0.999468982219696,0.5450506953006311,APPROVE,Mucus
0,0,0.5702804923057556,0.24461875236087283,BLOCK,Adipose
0,4,0.47232046723365784,0.1760467348104044,BLOCK,Mucus
2,2,0.9996273517608643,0.5451615539794489,APPROVE,Debris
5,7,0.9837987422943115,0.534081527352862,APPROVE,Cancer-Assoc. Stroma
3,3,1.0,0.5454224077468439,APPROVE,Lymphocytes
6,6,0.9999388456344604,0.5453713157573018,APPROVE,Normal Colon Mucosa
4,4,0.9994714856147766,0.545044163743523,APPROVE,Mucus
0,0,0.9891181588172913,0.5377968349852833,APPROVE,Adipose
8,8,0.9389399886131287,0.5026721158423695,APPROVE,Colorectal Adenocarcinoma
4,4,0.9999501705169678,0.5453792431750569,APPROVE,Mucus
1,1,0.9999871253967285,0.5454051115908894,APPROVE,Background
8,8,0.8821136355400085,0.4628936686911855,BLOCK,Colorectal Adenocarcinoma
8,8,0.9999374151229858,0.5453703143992695,APPROVE,Colorectal Adenocarcinoma
8,8,0.9942447543144226,0.5413854518332752,APPROVE,Colorectal Adenocarcinoma
7,7,0.9659448266029358,0.5215755024352345,APPROVE,Cancer-Assoc. Stroma
8,8,0.999919056892395,0.545357463637856,APPROVE,Colorectal Adenocarcinoma
4,4,0.9995027780532837,0.545066068450478,APPROVE,Mucus
4,4,0.9999963045120239,0.5454115369715962,APPROVE,Mucus
1,1,0.9999172687530518,0.5453562119403157,APPROVE,Background
3,3,0.9999780654907227,0.5453987696566853,APPROVE,Lymphocytes
8,8,0.9999239444732666,0.5453608849444661,APPROVE,Colorectal Adenocarcinoma
6,6,0.9999998807907104,0.5454140403666767,APPROVE,Normal Colon Mucosa
5,5,0.9998912811279297,0.5453380206027302,APPROVE,Smooth Muscle
1,2,0.9996699094772339,0.5451830604472432,APPROVE,Debris
4,4,0.9998602867126465,0.5453163245120319,APPROVE,Mucus
0,0,0.9992029070854187,0.5448561587729726,APPROVE,Adipose
2,2,0.9997265934944153,0.5452227392592701,APPROVE,Debris
8,8,0.998695433139801,0.5445009270110401,APPROVE,Colorectal Adenocarcinoma
1,1,0.9999932050704956,0.5454093673625263,APPROVE,Background
5,0,0.9518887400627136,0.511736241857079,APPROVE,Adipose
6,6,0.9999955892562866,0.54541103629258,APPROVE,Normal Colon Mucosa
1,1,0.9999732971191406,0.5453954317965779,APPROVE,Background
0,0,0.9994537234306335,0.5450317302146229,APPROVE,Adipose
6,6,0.9995032548904419,0.5450664022364887,APPROVE,Normal Colon Mucosa
4,4,0.9999996423721313,0.5454138734736714,APPROVE,Mucus
5,5,0.9998902082443237,0.545337269584206,APPROVE,Smooth Muscle
1,1,0.9999191761016846,0.5453575470843587,APPROVE,Background
8,8,0.9999841451644897,0.5454752121635841,APPROVE,Colorectal Adenocarcinoma
4,4,0.9990505576133728,0.5448217008778021,APPROVE,Mucus
4,4,0.9999964237213135,0.5454838071533606,APPROVE,Mucus
8,8,0.9996980428695679,0.5452749405571388,APPROVE,Colorectal Adenocarcinoma
6,6,0.9999995231628418,0.5454859767624305,APPROVE,Normal Colon Mucosa
0,0,0.9999912977218628,0.5454802189537452,APPROVE,Adipose
8,8,0.9999352693557739,0.545440999097483,APPROVE,Colorectal Adenocarcinoma
2,2,0.9997431635856628,0.5453065250584052,APPROVE,Debris
4,4,0.9999920129776001,0.5454807196327612,APPROVE,Mucus
5,7,0.9995130300521851,0.5451454315849708,APPROVE,Cancer-Assoc. Stroma
5,5,0.9978735446929932,0.5439977918335365,APPROVE,Smooth Muscle
6,6,0.9987977743148804,0.5446447525688575,APPROVE,Normal Colon Mucosa
7,7,0.9558191299438477,0.5145597015091345,APPROVE,Cancer-Assoc. Stroma
0,0,0.9822242856025696,0.5330433104702399,APPROVE,Adipose
6,6,0.9991540908813477,0.5448941741653845,APPROVE,Normal Colon Mucosa
6,6,0.9999964237213135,0.5454838071533606,APPROVE,Normal Colon Mucosa
1,1,0.9999758005142212,0.5454693709083961,APPROVE,Background
0,0,0.9467407464981079,0.5082048330971167,APPROVE,Adipose
1,1,0.9999593496322632,0.5454578552910254,APPROVE,Background
8,8,0.9962913990020752,0.5428902898498938,APPROVE,Colorectal Adenocarcinoma
6,6,0.9929707646369934,0.5405658457943366,APPROVE,Normal Colon Mucosa
2,2,0.9968923926353455,0.543310985393183,APPROVE,Debris
0,0,0.9999668598175049,0.5454631124206947,APPROVE,Adipose
4,4,0.9998903274536133,0.5454095397659705,APPROVE,Mucus
1,1,0.9999339580535889,0.5454400811859534,APPROVE,Background
4,4,0.9982627034187317,0.5442702029415534,APPROVE,Mucus
1,1,0.9999374151229858,0.5454425011345313,APPROVE,Background
6,6,0.9999382495880127,0.5454430852600501,APPROVE,Normal Colon Mucosa
1,1,0.9999662637710571,0.5454626951881812,APPROVE,Background
1,1,0.9999886751174927,0.5454783831306861,APPROVE,Background
5,5,0.9999933242797852,0.5454816375442908,APPROVE,Smooth Muscle
1,1,0.9999035596847534,0.5454188023277686,APPROVE,Background
1,1,0.9999886751174927,0.5454166067305821,APPROVE,Background
5,5,0.9998948574066162,0.5453509343329686,APPROVE,Smooth Muscle
8,8,0.9999916553497314,0.5454186928931493,APPROVE,Colorectal Adenocarcinoma
6,6,0.999758780002594,0.545255680150153,APPROVE,Normal Colon Mucosa
0,0,0.9996626377105713,0.5451883805457372,APPROVE,Adipose
5,5,0.9999401569366455,0.5453826440039891,APPROVE,Smooth Muscle
3,3,0.9999995231628418,0.5454242003623265,APPROVE,Lymphocytes
0,0,0.7043922543525696,0.33849911219513595,BLOCK,Adipose
6,8,0.8464480042457581,0.4379381371203679,BLOCK,Colorectal Adenocarcinoma
0,0,0.9999839067459106,0.5454132688704747,APPROVE,Adipose
6,6,0.9999685287475586,0.5454025042716283,APPROVE,Normal Colon Mucosa
8,8,0.9999873638153076,0.5454156888190526,APPROVE,Colorectal Adenocarcinoma
4,4,0.9886705875396729,0.5374939454261083,APPROVE,Mucus
0,4,0.9379895925521851,0.5020172489348668,APPROVE,Mucus
2,2,0.9995679259300232,0.5451220822993534,APPROVE,Debris
8,8,0.9999794960021973,0.5454101813498753,APPROVE,Colorectal Adenocarcinoma
5,5,0.9978455305099487,0.5439164055053014,APPROVE,Smooth Muscle
5,5,0.9987319111824036,0.5445368719760197,APPROVE,Smooth Muscle
4,4,0.9999921321868896,0.54541902667916,APPROVE,Mucus
4,4,0.9999990463256836,0.5454238665763158,APPROVE,Mucus
0,0,0.9999394416809082,0.545382143324973,APPROVE,Adipose
2,2,0.999568521976471,0.5451224995318669,APPROVE,Debris
5,5,0.9999921321868896,0.54541902667916,APPROVE,Smooth Muscle
8,8,0.9999985694885254,0.545423532790305,APPROVE,Colorectal Adenocarcinoma
1,1,0.9999480247497559,0.5453881514731663,APPROVE,Background
7,7,0.9816505312919617,0.5325799060527104,APPROVE,Cancer-Assoc. Stroma
1,1,0.99992835521698,0.5453743828002232,APPROVE,Background
7,7,0.9990983009338379,0.5447933448020238,APPROVE,Cancer-Assoc. Stroma
1,1,0.9999181032180786,0.5453672064009922,APPROVE,Background
4,4,0.9999455213546753,0.5453863990966099,APPROVE,Mucus
1,5,0.6206993460655212,0.2799140763942021,BLOCK,Smooth Muscle
6,6,0.9999909400939941,0.5454181922141331,APPROVE,Normal Colon Mucosa
4,4,0.99620121717453,0.5428003902026666,APPROVE,Mucus
7,7,0.616165041923523,0.27677506752696157,BLOCK,Cancer-Assoc. Stroma
5,5,0.9991570711135864,0.544869487960006,APPROVE,Smooth Muscle
6,6,0.9575725793838501,0.5157603437491906,APPROVE,Normal Colon Mucosa
5,5,0.9999984502792358,0.5454584533759607,APPROVE,Smooth Muscle
8,8,0.9982433319091797,0.5442298705169213,APPROVE,Colorectal Adenocarcinoma
4,4,0.9999837875366211,0.5454481894561303,APPROVE,Mucus
8,8,0.9994807839393616,0.5450960869380487,APPROVE,Colorectal Adenocarcinoma
0,0,0.9998887777328491,0.54538168259349,APPROVE,Adipose
4,4,0.8474289774894714,0.43865982242312546,BLOCK,Mucus
3,3,0.9999957084655762,0.5454565341063988,APPROVE,Lymphocytes
3,3,0.9999996423721313,0.5454592878409875,APPROVE,Lymphocytes
8,8,0.9966012239456177,0.5430803949424279,APPROVE,Colorectal Adenocarcinoma
8,8,0.9999934434890747,0.5454549486228478,APPROVE,Colorectal Adenocarcinoma
3,3,0.9998043179512024,0.5453225607463372,APPROVE,Lymphocytes
8,8,0.9999130964279175,0.5453987056800378,APPROVE,Colorectal Adenocarcinoma
7,7,0.9997461438179016,0.5452818388530266,APPROVE,Cancer-Assoc. Stroma
5,2,0.9785674214363098,0.5304567331859124,APPROVE,Debris
8,8,0.9974441528320312,0.5436704451629174,APPROVE,Colorectal Adenocarcinoma
8,8,0.996107280254364,0.5427346343585503,APPROVE,Colorectal Adenocarcinoma
1,1,0.9999885559082031,0.5454515273162377,APPROVE,Background
1,1,0.9999817609786987,0.5454467708655847,APPROVE,Background
5,5,0.9998959302902222,0.5453866893836511,APPROVE,Smooth Muscle
0,0,0.9994789958000183,0.5450948352405084,APPROVE,Adipose
0,0,0.9998772144317627,0.5453735882827294,APPROVE,Adipose
4,4,0.9999147653579712,0.5453998739310754,APPROVE,Mucus
5,5,0.9998025298118591,0.5453213090487969,APPROVE,Smooth Muscle
8,8,0.9960512518882751,0.5426954145022881,APPROVE,Colorectal Adenocarcinoma
6,6,0.9999791383743286,0.5454449350425256,APPROVE,Normal Colon Mucosa
4,4,0.9999393224716187,0.5454170639106286,APPROVE,Mucus
6,6,0.9993340373039246,0.5449933642932427,APPROVE,Normal Colon Mucosa
3,3,0.9999948740005493,0.5454559499808801,APPROVE,Lymphocytes
5,7,0.6764585375785828,0.3189625498143563,BLOCK,Cancer-Assoc. Stroma
6,6,0.9998002648353577,0.5453017588940987,APPROVE,Normal Colon Mucosa
0,0,0.7469041347503662,0.36827446783460477,BLOCK,Adipose
5,4,0.7350066900253296,0.35994625652707907,BLOCK,Mucus
1,1,0.9999755620956421,0.5454244669762978,APPROVE,Background
6,6,0.9989745616912842,0.5447237666932472,APPROVE,Normal Colon Mucosa
8,8,0.9971325397491455,0.5434343513337502,APPROVE,Colorectal Adenocarcinoma
3,3,0.9980584979057312,0.5440825220433602,APPROVE,Lymphocytes
8,8,0.9998812675476074,0.5453584607926735,APPROVE,Colorectal Adenocarcinoma
5,5,0.9566486477851868,0.515095626958979,APPROVE,Smooth Muscle
4,4,0.9999996423721313,0.5454413231698403,APPROVE,Mucus
3,3,0.9999982118606567,0.545440321811808,APPROVE,Lymphocytes
8,8,0.9922125935554504,0.5399903889981637,APPROVE,Colorectal Adenocarcinoma
6,8,0.999874472618103,0.5453537043420205,APPROVE,Colorectal Adenocarcinoma
3,3,0.9998618364334106,0.5453448590127358,APPROVE,Lymphocytes
1,1,0.9999903440475464,0.5454348143426307,APPROVE,Background
8,8,0.9792855381965637,0.530941450246943,APPROVE,Colorectal Adenocarcinoma
3,3,0.9998365640640259,0.5453271683541664,APPROVE,Lymphocytes
6,6,0.9932212829589844,0.5406964715806374,APPROVE,Normal Colon Mucosa
1,1,0.9999703168869019,0.5454207953301796,APPROVE,Background
8,8,0.9912070631980896,0.5392865177480111,APPROVE,Colorectal Adenocarcinoma
6,6,1.0,0.5454415735093483,APPROVE,Normal Colon Mucosa
0,0,0.9997448325157166,0.5452629562703499,APPROVE,Adipose
3,3,0.9999476671218872,0.5454049404946694,APPROVE,Lymphocytes
8,8,0.9506669044494629,0.5109084066239723,APPROVE,Colorectal Adenocarcinoma
4,4,0.9999974966049194,0.5454398211327919,APPROVE,Mucus
0,0,0.9997370839118958,0.5452575322476754,APPROVE,Adipose
1,1,0.9999345541000366,0.545395761379374,APPROVE,Background
0,0,0.9999315738677979,0.5453936752168068,APPROVE,Adipose
3,3,0.9999722242355347,0.5454221304742226,APPROVE,Lymphocytes
3,3,0.9998852014541626,0.5453612145272622,APPROVE,Lymphocytes
4,4,0.999995231628418,0.5454382356492409,APPROVE,Mucus
5,5,0.9998880624771118,0.5453323576471804,APPROVE,Smooth Muscle
3,3,0.9994619488716125,0.5450340781233308,APPROVE,Lymphocytes
4,4,0.9791168570518494,0.5307925138494967,APPROVE,Mucus
0,0,0.9992874264717102,0.5449119124433992,APPROVE,Adipose
4,4,0.9987044334411621,0.5445038173220156,APPROVE,Mucus
4,4,0.7681962847709656,0.38314811325287795,BLOCK,Mucus
6,6,0.9999970197677612,0.5454086277506349,APPROVE,Normal Colon Mucosa
5,5,0.9970718622207642,0.543361017467737,APPROVE,Smooth Muscle
8,8,0.9999415874481201,0.5453698251268861,APPROVE,Colorectal Adenocarcinoma
8,8,0.9999879598617554,0.5454022858164308,APPROVE,Colorectal Adenocarcinoma
1,1,0.9999821186065674,0.5453981969377992,APPROVE,Background
6,6,0.9999439716339111,0.5453714940569399,APPROVE,Normal Colon Mucosa
4,4,0.9999985694885254,0.5454097125551698,APPROVE,Mucus
2,2,0.999106228351593,0.5447850737593172,APPROVE,Debris
6,6,1.0,0.5454107139132021,APPROVE,Normal Colon Mucosa
4,4,0.9999991655349731,0.5454101297876832,APPROVE,Mucus
8,8,0.9995301961898804,0.5450818512461183,APPROVE,Colorectal Adenocarcinoma
7,7,0.9982655644416809,0.5441966090223787,APPROVE,Cancer-Assoc. Stroma
5,5,0.9960188269615173,0.5426238927862642,APPROVE,Smooth Muscle
2,2,0.9994649291038513,0.545036164285898,APPROVE,Debris
4,4,0.9999990463256836,0.5454100463411806,APPROVE,Mucus
5,0,0.4938935339450836,0.19113618767476057,BLOCK,Adipose
4,4,0.9999947547912598,0.5454070422670839,APPROVE,Mucus
3,3,0.9997251629829407,0.5452183280012606,APPROVE,Lymphocytes
7,7,0.9853058457374573,0.5351248059294221,APPROVE,Cancer-Assoc. Stroma
1,1,0.9999852180480957,0.5454003665468691,APPROVE,Background
8,8,0.999467670917511,0.5450380835554598,APPROVE,Colorectal Adenocarcinoma
4,4,0.9999661445617676,0.5453870151064394,APPROVE,Mucus
8,8,0.9998753070831299,0.545323428871393,APPROVE,Colorectal Adenocarcinoma
0,0,0.9526143074035645,0.5122407290956972,APPROVE,Adipose
6,8,0.4897717535495758,0.18825094139790513,BLOCK,Colorectal Adenocarcinoma
0,0,0.9986469149589539,0.5444635543844698,APPROVE,Adipose
0,0,0.9999765157699585,0.5454728861092708,APPROVE,Adipose
1,1,0.9999939203262329,0.5454850692986629,APPROVE,Background
5,5,0.9994187355041504,0.5450824399232052,APPROVE,Smooth Muscle
4,4,0.9998785257339478,0.5454042930840634,APPROVE,Mucus
1,1,0.9999613761901855,0.5454622884034298,APPROVE,Background
2,2,0.9989578723907471,0.5447598357438228,APPROVE,Debris
1,1,0.9998878240585327,0.5454108019112728,APPROVE,Background
1,1,0.9999866485595703,0.5454799790619991,APPROVE,Background
3,3,0.9999804496765137,0.5454756398438595,APPROVE,Lymphocytes
4,4,0.9999988079071045,0.545488490605273,APPROVE,Mucus
5,7,0.9934826493263245,0.540927179598727,APPROVE,Cancer-Assoc. Stroma
0,0,0.9963493347167969,0.5429338593720577,APPROVE,Adipose
3,3,0.9980635046958923,0.5441337783574245,APPROVE,Lymphocytes
0,0,0.9999364614486694,0.5454448480843685,APPROVE,Adipose
7,7,0.9971559047698975,0.5434984584092282,APPROVE,Cancer-Assoc. Stroma
8,8,0.9999164342880249,0.5454308290719173,APPROVE,Colorectal Adenocarcinoma
6,6,0.9999667406082153,0.5454660434960507,APPROVE,Normal Colon Mucosa
1,1,0.9999902248382568,0.5454824824570796,APPROVE,Background
4,4,0.9999871253967285,0.5454803128480099,APPROVE,Mucus
4,4,0.9999997615814209,0.5454891581772945,APPROVE,Mucus
1,1,0.9999889135360718,0.5454815645455502,APPROVE,Background
4,4,0.9997753500938416,0.5453320701359889,APPROVE,Mucus
5,5,0.9966503977775574,0.54314460351459,APPROVE,Smooth Muscle
3,3,0.9999778270721436,0.5454738040208004,APPROVE,Lymphocytes
1,4,0.8878413438796997,0.46697826578608975,BLOCK,Mucus
1,1,0.9999648332595825,0.5454647083520077,APPROVE,Background
3,3,0.9999525547027588,0.5454561133622311,APPROVE,Lymphocytes
5,5,0.9999630451202393,0.5454634566544674,APPROVE,Smooth Muscle
1,1,0.9999675750732422,0.5454666276215694,APPROVE,Background
3,3,0.9999788999557495,0.5454745550393245,APPROVE,Lymphocytes
0,0,0.9992641806602478,0.5449742515324734,APPROVE,Adipose
1,1,0.9997907280921936,0.5453428347348355,APPROVE,Background
0,0,0.733845055103302,0.35900021917511094,BLOCK,Adipose
0,0,0.9999755620956421,0.5452915740697489,APPROVE,Adipose
8,8,0.9996999502182007,0.5450986457555399,APPROVE,Colorectal Adenocarcinoma
1,1,0.9999558925628662,0.5452778053968058,APPROVE,Background
4,4,0.5511351227760315,0.23110326654602154,BLOCK,Mucus
0,0,0.7053594589233398,0.3390603018491374,BLOCK,Adipose
2,2,0.9960564374923706,0.5425481868474589,APPROVE,Debris
0,0,0.9998186230659485,0.5451817167489634,APPROVE,Adipose
8,8,0.9252502918243408,0.492983884879838,BLOCK,Colorectal Adenocarcinoma
0,0,0.8423171639442444,0.4349306953637705,BLOCK,Adipose
6,6,0.9999998807907104,0.5453085971562968,APPROVE,Normal Colon Mucosa
8,8,0.9994014501571655,0.5448896957128153,APPROVE,Colorectal Adenocarcinoma
7,7,0.9957038760185242,0.5423013938157664,APPROVE,Cancer-Assoc. Stroma
3,3,0.9976775050163269,0.5436829341142283,APPROVE,Lymphocytes
8,7,0.6615933775901794,0.30842404491592507,BLOCK,Cancer-Assoc. Stroma
0,0,0.9997238516807556,0.5451153767793284,APPROVE,Adipose
3,3,0.9999980926513672,0.5453073454587565,APPROVE,Lymphocytes
5,0,0.7264881730079651,0.353850401708375,BLOCK,Adipose
0,0,0.9667640924453735,0.522043545314561,APPROVE,Adipose
4,4,0.6366453170776367,0.29096040255714517,BLOCK,Mucus
0,0,0.597212016582489,0.2633570922105418,BLOCK,Adipose
3,3,0.9973909258842468,0.5434823287217723,APPROVE,Lymphocytes
0,0,0.9964893460273743,0.5428512228219614,APPROVE,Adipose
4,4,0.941974937915802,0.5046911371438608,APPROVE,Mucus
0,0,0.9805327653884888,0.5316816163747417,APPROVE,Adipose
1,1,0.9999721050262451,0.5452891541211711,APPROVE,Background
3,3,0.9999814033508301,0.5452956629483805,APPROVE,Lymphocytes
0,0,0.9997358918190002,0.5451238048760997,APPROVE,Adipose
8,8,0.9999730587005615,0.5452898216931925,APPROVE,Colorectal Adenocarcinoma
1,1,0.9999797344207764,0.5452944946973429,APPROVE,Background
8,8,0.9997758269309998,0.5451517594544993,APPROVE,Colorectal Adenocarcinoma
5,5,0.9990642666816711,0.5446536672799692,APPROVE,Smooth Muscle
3,3,0.9999932050704956,0.5453929432870059,APPROVE,Lymphocytes
4,4,0.9999697208404541,0.545376504325977,APPROVE,Mucus
6,6,0.9954097867012024,0.5421845504285008,APPROVE,Normal Colon Mucosa
0,0,0.6979228854179382,0.33394371953021584,BLOCK,Adipose
5,0,0.5275238156318665,0.2146643706799656,BLOCK,Adipose
3,3,0.9999347925186157,0.54535205450069,APPROVE,Lymphocytes
1,1,0.9998961687088013,0.5453250178338199,APPROVE,Background
0,0,0.9999268054962158,0.5453464635850102,APPROVE,Adipose
2,2,0.9956212639808655,0.5423325845242649,APPROVE,Debris
5,7,0.9999648332595825,0.5453730830193668,APPROVE,Cancer-Assoc. Stroma
2,2,0.9988766312599182,0.5446113416196018,APPROVE,Debris
3,3,0.9998747110366821,0.5453099974633365,APPROVE,Lymphocytes
0,0,0.9926614761352539,0.5402607330323368,APPROVE,Adipose
4,4,0.9995996356010437,0.5451174446583896,APPROVE,Mucus
8,8,0.9888472557067871,0.53759077873241,APPROVE,Colorectal Adenocarcinoma
2,2,0.9993195533752441,0.54492138710033,APPROVE,Debris
3,3,0.9999569654464722,0.5453675755501896,APPROVE,Lymphocytes
8,8,0.9806120991706848,0.5318261691571384,APPROVE,Colorectal Adenocarcinoma
0,0,0.9988954067230225,0.5446244844437748,APPROVE,Adipose
0,0,0.9999978542327881,0.5453961977006108,APPROVE,Adipose
4,4,0.40014997124671936,0.12550267961036268,BLOCK,Mucus
1,1,0.9999889135360718,0.5453899392129093,APPROVE,Background
3,3,0.9999998807907104,0.5453976162911564,APPROVE,Lymphocytes
8,8,0.7248216867446899,0.35277288045894206,BLOCK,Colorectal Adenocarcinoma
0,0,0.9812356233596802,0.5322626360894351,APPROVE,Adipose
1,1,0.9999443292617798,0.5453587302209049,APPROVE,Background
7,7,0.5872591733932495,0.25647912111293375,BLOCK,Cancer-Assoc. Stroma
4,5,0.7287885546684265,0.35554968800555764,BLOCK,Smooth Muscle
6,6,0.9999628067016602,0.5453716644288211,APPROVE,Normal Colon Mucosa
5,2,0.504349946975708,0.19844266262065471,BLOCK,Debris
8,8,0.9997053742408752,0.5451914617062718,APPROVE,Colorectal Adenocarcinoma
5,5,0.9999991655349731,0.5453971156121402,APPROVE,Smooth Muscle
7,7,0.9998944997787476,0.5453634238887555,APPROVE,Cancer-Assoc. Stroma
1,1,0.9999138116836548,0.5453769422221906,APPROVE,Background
5,5,0.9997768998146057,0.5452811039138562,APPROVE,Smooth Muscle
5,5,0.9999953508377075,0.5454340196300275,APPROVE,Smooth Muscle
4,7,0.8715344667434692,0.4555114007640606,BLOCK,Cancer-Assoc. Stroma
0,0,0.9996237754821777,0.5451739168811566,APPROVE,Adipose
0,0,0.8500902652740479,0.4405004597354657,BLOCK,Adipose
1,1,0.9999556541442871,0.5454062319446331,APPROVE,Background
8,8,0.9999027252197266,0.5453691816974408,APPROVE,Colorectal Adenocarcinoma
0,0,0.9883614182472229,0.5372902668166882,APPROVE,Adipose
0,0,0.9927819967269897,0.540384671752525,APPROVE,Adipose
6,6,1.0,0.5454372740436322,APPROVE,Normal Colon Mucosa
6,6,0.9999998807907104,0.5454371905971295,APPROVE,Normal Colon Mucosa
0,0,0.990702748298645,0.5389291978526837,APPROVE,Adipose
4,4,0.9999996423721313,0.5454370237041242,APPROVE,Mucus
8,8,0.9999788999557495,0.5454225040126568,APPROVE,Colorectal Adenocarcinoma
7,2,0.621349573135376,0.28038197523839536,BLOCK,Debris
0,0,0.964597761631012,0.5206557071853406,APPROVE,Adipose
3,3,0.9999985694885254,0.5454362726855999,APPROVE,Lymphocytes
4,4,0.9969897270202637,0.5433300829578167,APPROVE,Mucus
6,6,0.9932037591934204,0.5406799054790264,APPROVE,Normal Colon Mucosa
4,5,0.5548734664916992,0.23384870058782165,BLOCK,Smooth Muscle
6,6,0.9999977350234985,0.5454356885600812,APPROVE,Normal Colon Mucosa
1,1,0.9999792575836182,0.5454227543521649,APPROVE,Background
2,2,0.9999085664749146,0.5453732705760723,APPROVE,Debris
1,1,0.9999804496765137,0.5454235888171918,APPROVE,Background
5,5,0.9995625615119934,0.5451310671020275,APPROVE,Smooth Muscle
8,8,0.9999995231628418,0.5454369402576215,APPROVE,Colorectal Adenocarcinoma
4,4,0.9999964237213135,0.5454347706485516,APPROVE,Mucus
7,5,0.9855986833572388,0.5353563523936993,APPROVE,Smooth Muscle
4,4,0.9948415160179138,0.5418263352561719,APPROVE,Mucus
5,5,0.9981362819671631,0.5441326714206464,APPROVE,Smooth Muscle
6,6,0.9999164342880249,0.5453691721627212,APPROVE,Normal Colon Mucosa
4,4,0.9988061189651489,0.544591951436708,APPROVE,Mucus
5,5,0.9887430667877197,0.5375478149125076,APPROVE,Smooth Muscle
6,6,0.9999310970306396,0.5453794360825516,APPROVE,Normal Colon Mucosa
3,3,0.9997512698173523,0.5452535570332504,APPROVE,Lymphocytes
8,8,0.9976982474327087,0.5438164413639999,APPROVE,Colorectal Adenocarcinoma
2,7,0.7065483331680298,0.3400115013787247,BLOCK,Cancer-Assoc. Stroma
5,5,0.9999338388442993,0.5453813553521133,APPROVE,Smooth Muscle
5,5,0.9998751878738403,0.545340299672792,APPROVE,Smooth Muscle
8,8,0.9685428738594055,0.5234076798626877,APPROVE,Colorectal Adenocarcinoma
0,0,0.9995904564857483,0.5451409877011276,APPROVE,Adipose
8,8,0.9817474484443665,0.5326508820721603,APPROVE,Colorectal Adenocarcinoma
5,2,0.9160125255584717,0.48663643605203405,BLOCK,Debris
1,1,0.9999425411224365,0.5453874469468093,APPROVE,Background
8,4,0.41914162039756775,0.13882680243940124,BLOCK,Mucus
3,3,0.9984548091888428,0.5443460345932937,APPROVE,Lymphocytes
4,4,0.9999793767929077,0.5454132319161392,APPROVE,Mucus
8,8,0.9998966455459595,0.5453553200432754,APPROVE,Colorectal Adenocarcinoma
4,4,0.9997114539146423,0.5452256859013535,APPROVE,Mucus
0,0,0.9842149615287781,0.5343781412312484,APPROVE,Adipose
2,2,0.9990490078926086,0.5447619736859298,APPROVE,Debris
0,4,0.4616977274417877,0.16861607737035525,BLOCK,Mucus
2,2,0.9709287881851196,0.5250778198906875,APPROVE,Debris
6,6,0.9999929666519165,0.5454227448174453,APPROVE,Normal Colon Mucosa
4,4,0.9999995231628418,0.545427334375093,APPROVE,Mucus
8,8,0.9998168349266052,0.5452994526097275,APPROVE,Colorectal Adenocarcinoma
3,3,0.9999955892562866,0.5454245806405044,APPROVE,Lymphocytes
7,7,0.9974529147148132,0.5436447084614731,APPROVE,Cancer-Assoc. Stroma
3,3,0.9999605417251587,0.5454000473687148,APPROVE,Lymphocytes
4,7,0.9030606746673584,0.4775701404282547,BLOCK,Cancer-Assoc. Stroma
1,1,0.999984622001648,0.5454169035622574,APPROVE,Background
4,4,0.9908163547515869,0.5389991164872147,APPROVE,Mucus
8,8,0.9992668032646179,0.5449462008388193,APPROVE,Colorectal Adenocarcinoma
5,5,0.9996204376220703,0.5451937448890359,APPROVE,Smooth Muscle
2,2,0.9999685287475586,0.5454374086768777,APPROVE,Debris
5,5,0.9998879432678223,0.5453809988410623,APPROVE,Smooth Muscle
6,6,0.9999210834503174,0.5454041969688088,APPROVE,Normal Colon Mucosa
0,0,1.0,0.5454594385535867,APPROVE,Adipose
0,0,0.5540989637374878,0.23332871316982817,BLOCK,Adipose
0,0,0.6054292321205139,0.26925990103794645,BLOCK,Adipose
5,7,0.9997417330741882,0.5452786517055185,APPROVE,Cancer-Assoc. Stroma
0,0,0.8399443030357361,0.4334204506786019,BLOCK,Adipose
2,2,0.5161248445510864,0.20674682973934722,BLOCK,Debris
3,3,0.9999876022338867,0.5454507601173074,APPROVE,Lymphocytes
0,0,0.9999812841415405,0.545446337452665,APPROVE,Adipose
0,0,0.9997560381889343,0.5452886652858407,APPROVE,Adipose
4,4,0.9992400407791138,0.5449274670989663,APPROVE,Mucus
5,5,0.99998939037323,0.5454520118148477,APPROVE,Smooth Muscle
6,6,0.9998682737350464,0.5453672301681192,APPROVE,Normal Colon Mucosa
6,6,0.9999885559082031,0.5454514276893289,APPROVE,Normal Colon Mucosa
0,0,0.7642629742622375,0.380443520537153,BLOCK,Adipose
5,5,0.999967098236084,0.5454364073188455,APPROVE,Smooth Muscle
2,2,0.9976937174797058,0.5438450407893808,APPROVE,Debris
1,1,0.9999902248382568,0.5454525959403664,APPROVE,Background
3,3,0.9999363422393799,0.5454148781211526,APPROVE,Lymphocytes
2,2,0.9948246479034424,0.5418366920859964,APPROVE,Debris
5,5,0.9999393224716187,0.5454169642837198,APPROVE,Smooth Muscle
8,8,0.9999967813491821,0.5454571854980141,APPROVE,Colorectal Adenocarcinoma
6,6,0.998814582824707,0.5446296465308816,APPROVE,Normal Colon Mucosa
8,8,0.9999990463256836,0.5454587709815653,APPROVE,Colorectal Adenocarcinoma
1,1,0.9999918937683105,0.5454537641914041,APPROVE,Background
5,2,0.5838060975074768,0.25412370680882046,BLOCK,Debris
2,2,0.9965523481369019,0.543046082249418,APPROVE,Debris
6,6,0.9973044395446777,0.5435725462348611,APPROVE,Normal Colon Mucosa
8,8,0.9999697208404541,0.5454535900560031,APPROVE,Colorectal Adenocarcinoma
0,0,0.9999822378158569,0.5454623519387851,APPROVE,Adipose
3,3,0.9993966817855835,0.5450524627175937,APPROVE,Lymphocytes
1,1,0.9999861717224121,0.5454651056733737,APPROVE,Background
5,7,0.9993178844451904,0.5449973045793185,APPROVE,Cancer-Assoc. Stroma
4,4,0.9997262358665466,0.5452831505742679,APPROVE,Mucus
1,1,0.9999263286590576,0.5454232155290256,APPROVE,Background
1,1,0.9999251365661621,0.5454223810639988,APPROVE,Background
4,4,0.9998862743377686,0.5453951775041233,APPROVE,Mucus
5,5,0.9999129772186279,0.5454138695207248,APPROVE,Smooth Muscle
3,3,0.9999699592590332,0.5454537569490084,APPROVE,Lymphocytes
5,5,0.9996082186698914,0.5452005385366092,APPROVE,Smooth Muscle
1,1,0.9999102354049683,0.5454119502511631,APPROVE,Background
0,0,0.7039236426353455,0.3382213353124271,BLOCK,Adipose
4,4,0.9995169639587402,0.5451366602388034,APPROVE,Mucus
5,5,0.9999649524688721,0.5454502521958957,APPROVE,Smooth Muscle
1,1,0.9999456405639648,0.5454367338624606,APPROVE,Background
7,7,0.9999613761901855,0.5454477488008151,APPROVE,Cancer-Assoc. Stroma
5,5,0.9993311166763306,0.5450065671411166,APPROVE,Smooth Muscle
5,5,0.9991069436073303,0.5448496459928165,APPROVE,Smooth Muscle
5,2,0.8482378721237183,0.43924129595428807,BLOCK,Debris
8,8,0.9999173879623413,0.5454169570413242,APPROVE,Colorectal Adenocarcinoma
8,8,0.9999772310256958,0.5454588471856723,APPROVE,Colorectal Adenocarcinoma
4,4,0.9828261733055115,0.5334531067815432,APPROVE,Mucus
5,5,0.9987525939941406,0.5446016012635837,APPROVE,Smooth Muscle
3,3,0.999796450138092,0.5453323005643497,APPROVE,Lymphocytes
7,7,0.9987653493881226,0.544610530039371,APPROVE,Cancer-Assoc. Stroma
0,0,0.8082134127616882,0.411224174400867,BLOCK,Adipose
1,1,0.9999496936798096,0.5454395710435519,APPROVE,Background
4,4,0.9998966455459595,0.5454024373498568,APPROVE,Mucus
1,1,0.9999088048934937,0.5454109488931308,APPROVE,Background
5,5,0.9999915361404419,0.5454688607659945,APPROVE,Smooth Muscle
0,0,0.7837075591087341,0.39398030155630026,BLOCK,Adipose
3,3,0.9999998807907104,0.5453849267336837,APPROVE,Lymphocytes
0,0,0.9988682270050049,0.5445927690836898,APPROVE,Adipose
4,2,0.9475334286689758,0.5086584102484695,APPROVE,Debris
0,0,0.999975323677063,0.5453677367541304,APPROVE,Adipose
0,0,0.9949806332588196,0.5418714534613601,APPROVE,Adipose
0,0,0.9999794960021973,0.5453706573817244,APPROVE,Adipose
1,1,0.9998832941055298,0.5453033160540572,APPROVE,Background
1,1,0.9999971389770508,0.5453830074641219,APPROVE,Background
6,6,0.9999991655349731,0.5453844260546675,APPROVE,Normal Colon Mucosa
8,8,0.9999899864196777,0.5453780006739608,APPROVE,Colorectal Adenocarcinoma
4,4,0.9113849997520447,0.48335451000661767,BLOCK,Mucus
1,1,0.9999181032180786,0.5453276824328414,APPROVE,Background
4,4,0.9998822212219238,0.5453025650355331,APPROVE,Mucus
5,5,0.999923586845398,0.5453315209719649,APPROVE,Smooth Muscle
8,8,0.99993896484375,0.5453422855708113,APPROVE,Colorectal Adenocarcinoma
8,8,0.9998918771743774,0.5453093242022505,APPROVE,Colorectal Adenocarcinoma
7,7,0.94355309009552,0.5058721732470504,APPROVE,Cancer-Assoc. Stroma
1,1,0.9999486207962036,0.5453490447375289,APPROVE,Background
5,5,0.9966233968734741,0.5430213879916183,APPROVE,Smooth Muscle
0,0,0.9971908926963806,0.5434186350676528,APPROVE,Adipose
5,5,0.9869377613067627,0.5362414430949203,APPROVE,Smooth Muscle
3,3,0.9991759657859802,0.5448081862303725,APPROVE,Lymphocytes
5,7,0.9664667844772339,0.52191175931425,APPROVE,Cancer-Assoc. Stroma
3,3,0.9999915361404419,0.5453790854784957,APPROVE,Lymphocytes
0,0,0.9976054430007935,0.5437088202807417,APPROVE,Adipose
6,6,0.9999984502792358,0.5453839253756515,APPROVE,Normal Colon Mucosa
4,4,0.9999980926513672,0.5453836750361434,APPROVE,Mucus
1,1,0.999941349029541,0.545343954500865,APPROVE,Background
5,0,0.5525970458984375,0.23220294230909266,BLOCK,Adipose
4,4,0.994763970375061,0.5417197894427291,APPROVE,Mucus
2,7,0.9959503412246704,0.5425502490374556,APPROVE,Cancer-Assoc. Stroma
0,0,0.9053943157196045,0.47922769882865884,BLOCK,Adipose
8,8,0.999997615814209,0.5454500088948819,APPROVE,Colorectal Adenocarcinoma
3,3,0.9999979734420776,0.54545025923439,APPROVE,Lymphocytes
5,5,0.9999852180480957,0.5454413304586027,APPROVE,Smooth Muscle
5,4,0.8931029438972473,0.4706237385530088,BLOCK,Mucus
5,5,0.9714784026145935,0.5254865596551511,APPROVE,Smooth Muscle
3,3,0.9997261166572571,0.5452599594850156,APPROVE,Lymphocytes
0,0,0.9286819696426392,0.49552905657478313,BLOCK,Adipose
7,7,0.999974250793457,0.5454336533803555,APPROVE,Cancer-Assoc. Stroma
6,6,0.9991482496261597,0.5448554525632474,APPROVE,Normal Colon Mucosa
0,0,0.9976897239685059,0.5438344846028897,APPROVE,Adipose
5,2,0.8360460996627808,0.43068394758888223,BLOCK,Debris
6,6,0.9999357461929321,0.5454067001599882,APPROVE,Normal Colon Mucosa
1,1,0.9999856948852539,0.5454416642446134,APPROVE,Background
1,1,0.9999847412109375,0.5454409966725919,APPROVE,Background
5,5,0.999987006187439,0.5454425821561429,APPROVE,Smooth Muscle
3,3,0.9999632835388184,0.5454259763021085,APPROVE,Lymphocytes
4,4,0.9999723434448242,0.5454323182363126,APPROVE,Mucus
6,6,0.999997615814209,0.5454500088948819,APPROVE,Normal Colon Mucosa
4,4,0.9999010562896729,0.5453824172277066,APPROVE,Mucus
2,2,0.9077751636505127,0.48089429238029463,BLOCK,Debris
8,8,0.9933371543884277,0.540787685896835,APPROVE,Colorectal Adenocarcinoma
7,7,0.9368426203727722,0.5012415120858762,APPROVE,Cancer-Assoc. Stroma
6,6,0.9909214377403259,0.5390966842431638,APPROVE,Normal Colon Mucosa
1,1,0.9999868869781494,0.5454424987096402,APPROVE,Background
3,3,0.999998927116394,0.5454509268064115,APPROVE,Lymphocytes
8,8,0.9990949630737305,0.5448181519765469,APPROVE,Colorectal Adenocarcinoma
0,0,0.9997836947441101,0.5453002641458127,APPROVE,Adipose
8,8,0.999987006187439,0.5454425821561429,APPROVE,Colorectal Adenocarcinoma
1,1,0.9999487400054932,0.5454157958287809,APPROVE,Background
0,0,0.9850943088531494,0.5350176940221403,APPROVE,Adipose
5,5,0.999976396560669,0.545435155417404,APPROVE,Smooth Muscle
6,6,0.9544866681098938,0.5135440977454369,APPROVE,Normal Colon Mucosa
4,4,0.9996776580810547,0.5451777907252495,APPROVE,Mucus
1,1,0.9999862909317017,0.5453938337207024,APPROVE,Background
0,0,0.964726984500885,0.5207123192191307,APPROVE,Adipose
3,3,0.999479353427887,0.5450389774680321,APPROVE,Lymphocytes
6,6,0.9994369149208069,0.545009270513076,APPROVE,Normal Colon Mucosa
6,6,0.8264277577400208,0.4239028604865257,BLOCK,Normal Colon Mucosa
3,3,0.9999885559082031,0.5453954192042534,APPROVE,Lymphocytes
0,0,0.9999533891677856,0.5453708024859611,APPROVE,Adipose
8,8,0.9999680519104004,0.5453810664057915,APPROVE,Colorectal Adenocarcinoma
1,1,0.9999457597732544,0.5453654619097893,APPROVE,Background
3,3,0.9999673366546631,0.5453805657267754,APPROVE,Lymphocytes
0,0,0.9965147972106934,0.5429637881159965,APPROVE,Adipose
8,8,0.9999732971191406,0.5453847380519097,APPROVE,Colorectal Adenocarcinoma
1,1,0.999982476234436,0.5453911634326164,APPROVE,Background
1,1,0.9999397993087769,0.545361289584655,APPROVE,Background
0,0,0.9969086050987244,0.5432394536376183,APPROVE,Adipose
3,3,0.9999932050704956,0.5453986736178581,APPROVE,Lymphocytes
7,7,0.592226505279541,0.25996198376418994,BLOCK,Cancer-Assoc. Stroma
4,5,0.8262344598770142,0.4237675519824211,BLOCK,Smooth Muscle
0,0,0.9999871253967285,0.5453944178462212,APPROVE,Adipose
5,5,0.5134815573692322,0.20484052022697374,BLOCK,Smooth Muscle
7,7,0.9741944074630737,0.5273395152926629,APPROVE,Cancer-Assoc. Stroma
4,4,0.9999395608901978,0.5453611226916496,APPROVE,Mucus
5,5,0.9985954165458679,0.5444202216506188,APPROVE,Smooth Muscle
3,3,0.9999827146530151,0.5453913303256218,APPROVE,Lymphocytes
6,6,0.999992847442627,0.5453984232783501,APPROVE,Normal Colon Mucosa
0,0,0.9999887943267822,0.5453955860972588,APPROVE,Adipose
4,4,0.9719797372817993,0.5257892461657707,APPROVE,Mucus
8,8,0.999931812286377,0.545355698668975,APPROVE,Colorectal Adenocarcinoma
0,0,0.9996521472930908,0.5451599331736748,APPROVE,Adipose
3,3,0.9999752044677734,0.5453860731959527,APPROVE,Lymphocytes
0,0,0.999614953994751,0.5451902754705187,APPROVE,Adipose
3,3,0.9999947547912598,0.5454561360280749,APPROVE,Lymphocytes
5,5,0.9902575016021729,0.538640058795714,APPROVE,Smooth Muscle
6,6,0.9999978542327881,0.5454583056371447,APPROVE,Normal Colon Mucosa
0,0,0.9676586985588074,0.5228208966653581,APPROVE,Adipose
4,4,0.9998733997344971,0.5453711874883409,APPROVE,Mucus
1,1,0.9999858140945435,0.5454498775403734,APPROVE,Background
2,2,0.999024510383606,0.5447769649427172,APPROVE,Debris
7,7,0.996392548084259,0.5429345913331743,APPROVE,Cancer-Assoc. Stroma
8,8,0.9890397787094116,0.5377876527707811,APPROVE,Colorectal Adenocarcinoma
0,0,0.9940992593765259,0.5413292892377611,APPROVE,Adipose
4,4,0.9999997615814209,0.5454596407811876,APPROVE,Mucus
1,1,0.999950647354126,0.5454252608220812,APPROVE,Background
4,4,0.9990548491477966,0.5447982020776506,APPROVE,Mucus
3,3,0.9999829530715942,0.545447874824309,APPROVE,Lymphocytes
3,3,0.9965265393257141,0.5430283852021929,APPROVE,Lymphocytes
2,2,0.9961391091346741,0.5427571840684648,APPROVE,Debris
3,3,0.9999370574951172,0.5454157479207751,APPROVE,Lymphocytes
8,8,0.9991360306739807,0.5448550291459795,APPROVE,Colorectal Adenocarcinoma
0,0,0.9960152506828308,0.5426704831521746,APPROVE,Adipose
0,0,0.9851625561714172,0.5350735969941851,APPROVE,Adipose
5,5,0.7255098223686218,0.3533166833322284,BLOCK,Smooth Muscle
7,7,0.9819693565368652,0.5328383572499986,APPROVE,Cancer-Assoc. Stroma
5,5,0.9965493679046631,0.5430443652074571,APPROVE,Smooth Muscle
1,1,0.9999715089797974,0.5454398639600512,APPROVE,Background
3,3,0.9998891353607178,0.5453822024266954,APPROVE,Lymphocytes
0,0,0.9999860525131226,0.5454500444333787,APPROVE,Adipose
8,8,0.9988901019096375,0.5446828790109393,APPROVE,Colorectal Adenocarcinoma
6,6,0.9972242116928101,0.54351675585916,APPROVE,Normal Colon Mucosa
6,6,0.999893069267273,0.545384956161284,APPROVE,Normal Colon Mucosa
1,1,0.9998940229415894,0.5453856237333056,APPROVE,Background
1,1,0.9999147653579712,0.5454001434247728,APPROVE,Background
6,6,0.8195032477378845,0.4191197890264472,BLOCK,Normal Colon Mucosa
8,8,0.999984622001648,0.5454567510110816,APPROVE,Colorectal Adenocarcinoma
8,8,0.9999984502792358,0.5454664308053931,APPROVE,Colorectal Adenocarcinoma
1,1,0.999963641166687,0.5454420644266089,APPROVE,Background
3,3,0.9998445510864258,0.5453587013704261,APPROVE,Lymphocytes
5,0,0.5718629360198975,0.24577157082385623,BLOCK,Adipose
4,4,0.9999315738677979,0.5454196173173865,APPROVE,Mucus
6,6,0.9999761581420898,0.5454508263093909,APPROVE,Normal Colon Mucosa
2,2,0.999305009841919,0.5449810224992713,APPROVE,Debris
3,3,0.9999967813491821,0.5454652625543555,APPROVE,Lymphocytes
5,5,0.9941847920417786,0.541396870039173,APPROVE,Smooth Muscle
4,4,0.9992682337760925,0.5449552792531928,APPROVE,Mucus
1,1,0.9999639987945557,0.5454423147661169,APPROVE,Background
0,0,0.9969813227653503,0.5433544415456733,APPROVE,Adipose
3,3,0.9999768733978271,0.545451326988407,APPROVE,Lymphocytes
5,7,0.9971293807029724,0.5434580821020087,APPROVE,Cancer-Assoc. Stroma
4,4,0.979245662689209,0.5309394794923743,APPROVE,Mucus
4,4,0.9996117949485779,0.5451957720739325,APPROVE,Mucus
4,4,0.9996918439865112,0.5452518064004859,APPROVE,Mucus
0,0,0.9967936873435974,0.5432230967504462,APPROVE,Adipose
8,8,0.9999910593032837,0.5454612571222266,APPROVE,Colorectal Adenocarcinoma
0,0,0.9998621940612793,0.5453710514528235,APPROVE,Adipose
0,0,0.9906186461448669,0.5389005679113349,APPROVE,Adipose
2,8,0.5920693874359131,0.25991608681506717,BLOCK,Colorectal Adenocarcinoma
4,4,0.9999995231628418,0.5454671818239173,APPROVE,Mucus
4,4,0.9999995231628418,0.5454671818239173,APPROVE,Mucus
5,5,0.9999542236328125,0.5454354721528968,APPROVE,Smooth Muscle
6,6,0.9999884366989136,0.5454594212991675,APPROVE,Normal Colon Mucosa
4,4,0.9782101511955261,0.5302146214467963,APPROVE,Mucus
3,3,0.9999738931655884,0.5454492408258399,APPROVE,Lymphocytes
0,0,0.9999984502792358,0.5454664308053931,APPROVE,Adipose
5,2,0.8403993248939514,0.433747043035694,BLOCK,Debris
0,0,0.9999358654022217,0.5453550389479799,APPROVE,Adipose
3,3,1.0,0.5453999331664247,APPROVE,Lymphocytes
1,1,0.9999661445617676,0.545376234359662,APPROVE,Background
1,1,0.9999326467514038,0.5453527858924073,APPROVE,Background
0,0,0.5889264345169067,0.2576484373282594,BLOCK,Adipose
3,3,0.9986188411712646,0.5444331219863099,APPROVE,Lymphocytes
2,2,0.9996260404586792,0.5451381614875,APPROVE,Debris
1,1,0.9998986721038818,0.5453290036391419,APPROVE,Background
3,3,0.9999990463256836,0.5453992655944032,APPROVE,Lymphocytes
3,3,0.999887228012085,0.5453209927748841,APPROVE,Lymphocytes
7,7,0.7982980012893677,0.4042085340689821,BLOCK,Cancer-Assoc. Stroma
8,8,0.9979405999183655,0.5439583531092805,APPROVE,Colorectal Adenocarcinoma
4,4,0.9999825954437256,0.5453877499770325,APPROVE,Mucus
0,0,0.9967315196990967,0.5431119969557924,APPROVE,Adipose
6,6,0.9901070594787598,0.5384748748015565,APPROVE,Normal Colon Mucosa
0,0,0.9999995231628418,0.5453995993804139,APPROVE,Adipose
0,0,0.9999411106109619,0.545358710594098,APPROVE,Adipose
2,2,0.9995697140693665,0.5450987330149811,APPROVE,Debris
5,5,0.9513382911682129,0.5113367369841737,APPROVE,Smooth Muscle
4,4,0.9999958276748657,0.5453970125388307,APPROVE,Mucus
1,1,0.9998797178268433,0.545315735645215,APPROVE,Background
1,1,0.9999706745147705,0.545379405326764,APPROVE,Background
8,7,0.6602487564086914,0.3075740626525087,BLOCK,Cancer-Assoc. Stroma
0,0,0.8708934783935547,0.455025368041913,BLOCK,Adipose
3,7,0.6284375190734863,0.28530619651786515,BLOCK,Cancer-Assoc. Stroma
8,8,0.9999545812606812,0.5453681400489014,APPROVE,Colorectal Adenocarcinoma
5,5,0.9839808344841003,0.5341865173052949,APPROVE,Smooth Muscle
8,8,0.999983549118042,0.5453884175490541,APPROVE,Colorectal Adenocarcinoma
0,0,0.999984622001648,0.5453891685675782,APPROVE,Adipose
8,8,0.9998359680175781,0.5452851107787293,APPROVE,Colorectal Adenocarcinoma
4,4,0.9999909400939941,0.5453935912322205,APPROVE,Mucus
4,4,0.9999771118164062,0.545383911437909,APPROVE,Mucus
6,6,0.9405898451805115,0.5038724144062265,APPROVE,Normal Colon Mucosa
8,8,0.99997878074646,0.5454446693023906,APPROVE,Colorectal Adenocarcinoma
1,1,0.9999719858169556,0.5454399128517374,APPROVE,Background
0,0,0.9651632308959961,0.5210737844070658,APPROVE,Adipose
4,4,0.9999709129333496,0.5454391618332133,APPROVE,Mucus
8,8,0.9999057054519653,0.5453935165962442,APPROVE,Colorectal Adenocarcinoma
5,4,0.9474236965179443,0.5086561103424295,APPROVE,Mucus
5,5,0.9999054670333862,0.5453933497032389,APPROVE,Smooth Muscle
8,8,0.9970171451568604,0.5433715243896707,APPROVE,Colorectal Adenocarcinoma
0,0,0.9947627186775208,0.541793425854133,APPROVE,Adipose
5,5,0.9533347487449646,0.5127938469013438,APPROVE,Smooth Muscle
8,8,0.9999966621398926,0.5454571862777934,APPROVE,Colorectal Adenocarcinoma
4,4,0.9997109770774841,0.5452572067341074,APPROVE,Mucus
0,4,0.9986094236373901,0.5444861193260416,APPROVE,Mucus
0,0,0.9944208264350891,0.5415541012844309,APPROVE,Adipose
2,5,0.7674248814582825,0.38265693980066634,BLOCK,Smooth Muscle
1,1,0.9998980760574341,0.5453881760200724,APPROVE,Background
4,4,0.9999940395355225,0.5454553504547343,APPROVE,Mucus
8,8,0.9950726628303528,0.5420103867611155,APPROVE,Colorectal Adenocarcinoma
6,6,0.9997757077217102,0.5453025181850657,APPROVE,Normal Colon Mucosa
5,5,0.9993981122970581,0.5450382013878092,APPROVE,Smooth Muscle
0,0,0.8698000311851501,0.4543195446094737,BLOCK,Adipose
3,3,0.9999030828475952,0.5453916807731852,APPROVE,Lymphocytes
1,1,0.9999645948410034,0.5454347391685709,APPROVE,Background
5,0,0.686269998550415,0.3258485217651591,BLOCK,Adipose
3,3,0.9999699592590332,0.5454384942611917,APPROVE,Lymphocytes
0,0,0.99996018409729,0.5454316516479716,APPROVE,Adipose
6,6,0.9912928938865662,0.5393645485004649,APPROVE,Normal Colon Mucosa
6,8,0.8937259316444397,0.4710676749309764,BLOCK,Colorectal Adenocarcinoma
8,8,0.9999709129333496,0.5454391618332133,APPROVE,Colorectal Adenocarcinoma
0,0,0.9974159002304077,0.5436506529411539,APPROVE,Adipose
4,4,0.9999943971633911,0.5454556007942423,APPROVE,Mucus
6,6,0.9832999110221863,0.5337518872873389,APPROVE,Normal Colon Mucosa
8,8,0.9998856782913208,0.545361924375733,APPROVE,Colorectal Adenocarcinoma
6,6,0.9999325275421143,0.5453947188512884,APPROVE,Normal Colon Mucosa
3,3,0.9998039603233337,0.545304721798142,APPROVE,Lymphocytes
6,6,0.9999959468841553,0.5454391123907172,APPROVE,Normal Colon Mucosa
8,8,0.999968409538269,0.5454198362485968,APPROVE,Colorectal Adenocarcinoma
8,8,0.9999417066574097,0.5454011442319953,APPROVE,Colorectal Adenocarcinoma
4,4,0.9999986886978149,0.5454410316602789,APPROVE,Mucus
6,6,0.9776907563209534,0.5298254789964758,APPROVE,Normal Colon Mucosa
3,3,0.9115298986434937,0.483512878622254,BLOCK,Lymphocytes
4,4,0.999882698059082,0.5453598382131659,APPROVE,Mucus
5,5,0.9999500513076782,0.5454069854871832,APPROVE,Smooth Muscle
2,2,0.9930064678192139,0.5405464770452582,APPROVE,Debris
4,4,0.999991774559021,0.5454361917631232,APPROVE,Mucus
4,4,0.9999167919158936,0.545383703912934,APPROVE,Mucus
8,8,0.9999963045120239,0.5454393627302252,APPROVE,Colorectal Adenocarcinoma
8,8,0.9964415431022644,0.5429510297433936,APPROVE,Colorectal Adenocarcinoma
5,5,0.9998972415924072,0.5453700186864935,APPROVE,Smooth Muscle
1,1,0.9999771118164062,0.5454259278432928,APPROVE,Background
3,3,0.9999966621398926,0.5454396130697333,APPROVE,Lymphocytes
0,0,0.9894248247146606,0.5380393268720709,APPROVE,Adipose
1,1,0.9998328685760498,0.5453249575750433,APPROVE,Background
3,3,0.9999951124191284,0.5454385282651983,APPROVE,Lymphocytes
4,4,0.9999998807907104,0.5454418661253058,APPROVE,Mucus
3,3,0.9990425705909729,0.5447717489854895,APPROVE,Lymphocytes
4,4,0.9995148181915283,0.5451023223058783,APPROVE,Mucus
8,8,0.9936553239822388,0.5410006763593757,APPROVE,Colorectal Adenocarcinoma
3,3,0.9998711347579956,0.5453517439024054,APPROVE,Lymphocytes
6,6,0.9988062381744385,0.5446063162939154,APPROVE,Normal Colon Mucosa
6,6,0.9998268485069275,0.5453207435266577,APPROVE,Normal Colon Mucosa
0,0,0.5342952609062195,0.21944863220616212,BLOCK,Adipose
6,6,0.9997115731239319,0.5452400507585607,APPROVE,Normal Colon Mucosa
4,4,0.999998927116394,0.5454351346364761,APPROVE,Mucus
4,4,0.9999406337738037,0.5453943292966629,APPROVE,Mucus
4,7,0.8740835785865784,0.45729439066560507,BLOCK,Cancer-Assoc. Stroma
4,4,0.9999929666519165,0.5454309623113418,APPROVE,Mucus
7,7,0.999993085861206,0.5454310457578445,APPROVE,Cancer-Assoc. Stroma
5,5,0.9999562501907349,0.5454052607885146,APPROVE,Smooth Muscle
2,2,0.9998884201049805,0.5453577797284865,APPROVE,Debris
1,1,0.99998939037323,0.5454284589162612,APPROVE,Background
4,4,0.9999911785125732,0.5454297106138015,APPROVE,Mucus
8,8,0.7337485551834106,0.3590598742833877,BLOCK,Colorectal Adenocarcinoma
1,1,0.9999648332595825,0.545411268936708,APPROVE,Background
0,4,0.9962712526321411,0.542825762497499,APPROVE,Mucus
6,6,0.9651054739952087,0.5210097174516464,APPROVE,Normal Colon Mucosa
0,0,0.8048956394195557,0.4088628332486892,BLOCK,Adipose
5,7,0.981351912021637,0.5323822240701461,APPROVE,Cancer-Assoc. Stroma
1,1,0.9999830722808838,0.5454240362516188,APPROVE,Background
8,8,0.9992706179618835,0.5449253182283187,APPROVE,Colorectal Adenocarcinoma
3,3,0.9999998807907104,0.5454358022084975,APPROVE,Lymphocytes
0,0,0.9995759129524231,0.5451390247216964,APPROVE,Adipose
6,6,0.9994440674781799,0.5450467328897262,APPROVE,Normal Colon Mucosa
0,0,0.9366074800491333,0.5010611216893935,APPROVE,Adipose
2,2,0.9991974234580994,0.5448740820756698,APPROVE,Debris
4,4,0.9999973773956299,0.5454340498319411,APPROVE,Mucus
6,6,0.9999983310699463,0.5454347174039627,APPROVE,Normal Colon Mucosa
1,1,0.9999780654907227,0.5454205314985061,APPROVE,Background
6,6,0.9997079968452454,0.5452314834466719,APPROVE,Normal Colon Mucosa
6,6,0.9968463778495789,0.5432283501497054,APPROVE,Normal Colon Mucosa
6,6,0.9433333873748779,0.5057692568174148,APPROVE,Normal Colon Mucosa
8,8,0.999536395072937,0.5451113622060562,APPROVE,Colorectal Adenocarcinoma
0,0,0.9995961785316467,0.5451532106271529,APPROVE,Adipose
0,4,0.5272759199142456,0.2145290295949722,BLOCK,Mucus
8,8,0.9998090863227844,0.5453022460809493,APPROVE,Colorectal Adenocarcinoma
4,4,0.9954698085784912,0.542283649671789,APPROVE,Mucus
5,5,0.9999896287918091,0.5454475238211115,APPROVE,Smooth Muscle
8,8,0.9998277425765991,0.5453342034704646,APPROVE,Colorectal Adenocarcinoma
6,6,0.9952515363693237,0.5421308591253718,APPROVE,Normal Colon Mucosa
8,8,0.9999549388885498,0.5454232408888301,APPROVE,Colorectal Adenocarcinoma
6,6,0.9999997615814209,0.5454546167738398,APPROVE,Normal Colon Mucosa
8,8,0.9569128155708313,0.5152937545664271,APPROVE,Colorectal Adenocarcinoma
7,7,0.99958735704422,0.5451659335977992,APPROVE,Cancer-Assoc. Stroma
4,4,0.9999998807907104,0.5454547002203425,APPROVE,Mucus
5,2,0.8435531258583069,0.43594197176766,BLOCK,Debris
8,8,0.9999847412109375,0.5454441025145015,APPROVE,Colorectal Adenocarcinoma
0,0,0.9998524188995361,0.5453514768965205,APPROVE,Adipose
0,0,0.998612642288208,0.5444836332685908,APPROVE,Adipose
7,7,0.9526079893112183,0.512280376184698,APPROVE,Cancer-Assoc. Stroma
0,0,0.9997363686561584,0.5452702417261561,APPROVE,Adipose
8,8,0.858827531337738,0.4466340556032618,BLOCK,Colorectal Adenocarcinoma
6,6,0.961230993270874,0.518316478956457,APPROVE,Normal Colon Mucosa
1,1,0.9999327659606934,0.5454077198393306,APPROVE,Background
5,7,0.9999686479568481,0.5454328372366389,APPROVE,Cancer-Assoc. Stroma
0,0,0.9999417066574097,0.545413978327032,APPROVE,Adipose
5,5,0.9911249279975891,0.5392422332651575,APPROVE,Smooth Muscle
5,5,0.9995476603507996,0.5451381459124048,APPROVE,Smooth Muscle
4,4,0.9998923540115356,0.5453794314749202,APPROVE,Mucus
8,5,0.5672275424003601,0.24251406334709727,BLOCK,Smooth Muscle
8,8,0.9998644590377808,0.5453599049932917,APPROVE,Colorectal Adenocarcinoma
7,7,0.9874000549316406,0.5366348221189936,APPROVE,Cancer-Assoc. Stroma
6,6,1.0,0.5454547836668452,APPROVE,Normal Colon Mucosa
8,8,0.9965527057647705,0.5430416777021846,APPROVE,Colorectal Adenocarcinoma
1,2,0.9996724128723145,0.5452254726774654,APPROVE,Debris
6,6,1.0,0.5454547836668452,APPROVE,Normal Colon Mucosa
7,7,0.9708098769187927,0.52502169751,APPROVE,Cancer-Assoc. Stroma
1,1,0.9999635219573975,0.5454292490370234,APPROVE,Background
0,0,0.9888184666633606,0.5375507518018011,APPROVE,Adipose
1,1,0.9999806880950928,0.5453643068040136,APPROVE,Background
6,6,0.9999624490737915,0.5453515394891028,APPROVE,Normal Colon Mucosa
0,0,0.9040118455886841,0.4781861170495275,BLOCK,Adipose
5,7,0.9999222755432129,0.5453234180176977,APPROVE,Cancer-Assoc. Stroma
6,6,0.9994077682495117,0.544963262912107,APPROVE,Normal Colon Mucosa
0,0,0.9996582269668579,0.5451385840142492,APPROVE,Adipose
1,1,0.999962329864502,0.5453514560426,APPROVE,Background
8,8,0.999981164932251,0.5453646405900244,APPROVE,Colorectal Adenocarcinoma
6,6,0.9999998807907104,0.545377741690946,APPROVE,Normal Colon Mucosa
7,7,0.9819003939628601,0.5327081009114508,APPROVE,Cancer-Assoc. Stroma
7,7,0.9247379899024963,0.4926944180691961,BLOCK,Cancer-Assoc. Stroma
3,3,0.9997768998146057,0.5452216550076727,APPROVE,Lymphocytes
5,5,0.9999977350234985,0.5453762396538977,APPROVE,Smooth Muscle
5,5,0.9999912977218628,0.5453717335427527,APPROVE,Smooth Muscle
5,5,0.9998863935470581,0.5452983006203894,APPROVE,Smooth Muscle
4,4,0.9994578957557678,0.5449983521664862,APPROVE,Mucus
5,7,0.41149625182151794,0.13342520141251132,BLOCK,Cancer-Assoc. Stroma
1,1,0.9999775886535645,0.5453621371949439,APPROVE,Background
8,8,0.9785550236701965,0.5303663417065863,APPROVE,Colorectal Adenocarcinoma
4,4,0.9999979734420776,0.545376406546903,APPROVE,Mucus
5,7,0.9989367127418518,0.5446335240567449,APPROVE,Cancer-Assoc. Stroma
7,7,0.9997517466545105,0.545204047795606,APPROVE,Cancer-Assoc. Stroma
3,3,0.9882155656814575,0.537128721114469,APPROVE,Lymphocytes
0,4,0.9931271076202393,0.5405668004716162,APPROVE,Mucus
4,4,0.9999703168869019,0.54535704695828,APPROVE,Mucus
1,1,0.999970555305481,0.5453572138512853,APPROVE,Background
3,3,0.9999864101409912,0.5453683122361426,APPROVE,Lymphocytes
8,8,0.9999815225601196,0.5453648909295324,APPROVE,Colorectal Adenocarcinoma
1,1,0.999977707862854,0.5453622206414465,APPROVE,Background
1,1,0.9999454021453857,0.5453396066392188,APPROVE,Background
0,0,0.9995120763778687,0.5450362786019568,APPROVE,Adipose
8,8,0.9998395442962646,0.5453381854527796,APPROVE,Colorectal Adenocarcinoma
3,3,0.9999943971633911,0.5454465824597681,APPROVE,Lymphocytes
4,4,0.9943591952323914,0.5415019411080683,APPROVE,Mucus
4,4,0.9998946189880371,0.5453767377370203,APPROVE,Mucus
4,4,0.999968409538269,0.5454283911221827,APPROVE,Mucus
4,4,0.9844911694526672,0.5345943230622614,APPROVE,Mucus
5,5,0.9999920129776001,0.5454449135297144,APPROVE,Smooth Muscle
0,0,0.9428790211677551,0.505465819262823,APPROVE,Adipose
0,0,0.9865211248397827,0.5360152918332423,APPROVE,Adipose
3,3,0.9999959468841553,0.545447667264303,APPROVE,Lymphocytes
1,1,0.9999910593032837,0.5454442459576929,APPROVE,Background
1,2,0.9997335076332092,0.5452639597886408,APPROVE,Debris
1,1,0.9999425411224365,0.5454102832310999,APPROVE,Background
8,8,0.6277220249176025,0.2848559218877162,BLOCK,Colorectal Adenocarcinoma
3,3,0.9992387294769287,0.5449176150792444,APPROVE,Lymphocytes
3,3,0.999813973903656,0.5453202861779536,APPROVE,Lymphocytes
5,5,0.999698281288147,0.5452393013470972,APPROVE,Smooth Muscle
2,2,0.9958250522613525,0.5425280410283411,APPROVE,Debris
1,1,0.9999104738235474,0.5453878361218775,APPROVE,Background
8,8,0.9999098777770996,0.545387418889364,APPROVE,Colorectal Adenocarcinoma
5,7,0.9978534579277039,0.5439479249947871,APPROVE,Cancer-Assoc. Stroma
6,6,0.9999972581863403,0.5454485851758326,APPROVE,Normal Colon Mucosa
8,8,0.9995753169059753,0.5451532262795771,APPROVE,Colorectal Adenocarcinoma
6,6,0.9996471405029297,0.5452035027974451,APPROVE,Normal Colon Mucosa
4,4,0.9889723658561707,0.5377311605447138,APPROVE,Mucus
8,8,0.9980199337005615,0.5440644580357874,APPROVE,Colorectal Adenocarcinoma
7,7,0.9721839427947998,0.5259792644017542,APPROVE,Cancer-Assoc. Stroma
7,7,0.9987460374832153,0.5445727306836451,APPROVE,Cancer-Assoc. Stroma
8,8,0.9946513772010803,0.5417064684861506,APPROVE,Colorectal Adenocarcinoma
6,6,0.9869964122772217,0.5363479930394495,APPROVE,Normal Colon Mucosa
2,2,0.9996868371963501,0.5452312904828394,APPROVE,Debris
4,4,0.9999949932098389,0.5454469996922815,APPROVE,Mucus
8,8,0.9999759197235107,0.5454058596762963,APPROVE,Colorectal Adenocarcinoma
5,5,0.9998406171798706,0.5453111478957482,APPROVE,Smooth Muscle
6,6,0.9800750017166138,0.5314752170714685,APPROVE,Normal Colon Mucosa
8,8,0.9999599456787109,0.5453946778449364,APPROVE,Colorectal Adenocarcinoma
0,0,0.9999027252197266,0.5453546235236474,APPROVE,Adipose
7,7,0.9809648394584656,0.5320981034907647,APPROVE,Cancer-Assoc. Stroma
4,4,0.9246237277984619,0.4926593253287621,BLOCK,Mucus
0,0,0.9978772401809692,0.5439367839965172,APPROVE,Adipose
1,1,0.999903678894043,0.5453552910956689,APPROVE,Background
6,6,0.9836902022361755,0.5340058574351617,APPROVE,Normal Colon Mucosa
3,3,0.9919720888137817,0.5398031780394861,APPROVE,Lymphocytes
8,8,0.9977496266365051,0.5438474545153924,APPROVE,Colorectal Adenocarcinoma
4,4,0.9970424771308899,0.5433524498614617,APPROVE,Mucus
8,8,0.9987366795539856,0.5445383915576287,APPROVE,Colorectal Adenocarcinoma
0,0,0.9985058307647705,0.5443767974051782,APPROVE,Adipose
3,8,0.6233821511268616,0.2817902216586419,BLOCK,Colorectal Adenocarcinoma
8,8,0.99989914894104,0.5453521201285668,APPROVE,Colorectal Adenocarcinoma
2,7,0.9753706455230713,0.5281821677359887,APPROVE,Cancer-Assoc. Stroma
0,0,0.9623734354972839,0.5190841207179375,APPROVE,Adipose
0,0,0.988524854183197,0.5373901137980768,APPROVE,Adipose
1,1,0.9999809265136719,0.5454093644294091,APPROVE,Background
0,0,0.9999911785125732,0.5454165408286401,APPROVE,Adipose
8,8,0.9999455213546753,0.5453845808181115,APPROVE,Colorectal Adenocarcinoma
0,0,0.9666779637336731,0.52209729048341,APPROVE,Adipose
0,0,0.9999783039093018,0.54540752860635,APPROVE,Adipose
6,6,0.9999991655349731,0.54542213174432,APPROVE,Normal Colon Mucosa
3,3,0.999186098575592,0.5448529848727532,APPROVE,Lymphocytes
4,4,0.9981562495231628,0.5441320905360528,APPROVE,Mucus
2,2,0.9990689158439636,0.5447709569606134,APPROVE,Debris
1,1,0.9999769926071167,0.5454066106948205,APPROVE,Background
4,4,0.9955396056175232,0.5423004398021051,APPROVE,Mucus
4,4,0.9999997615814209,0.5454225489768334,APPROVE,Mucus
0,0,0.9997132420539856,0.5450699114408919,APPROVE,Adipose
8,8,0.8953367471694946,0.47200636502174825,BLOCK,Colorectal Adenocarcinoma
5,5,0.8303194046020508,0.42649422522453756,BLOCK,Smooth Muscle
8,8,0.9995667338371277,0.5449673556890913,APPROVE,Colorectal Adenocarcinoma
3,3,0.9986103773117065,0.5442979061212965,APPROVE,Lymphocytes
8,8,0.9996548891067505,0.5450290643778273,APPROVE,Colorectal Adenocarcinoma
4,4,0.9967370629310608,0.5429865860548445,APPROVE,Mucus
2,8,0.8873118162155151,0.46638891335396254,BLOCK,Colorectal Adenocarcinoma
0,0,0.999396562576294,0.5448482358065077,APPROVE,Adipose
0,0,0.9974324107170105,0.5434733295050093,APPROVE,Adipose
1,1,0.9999265670776367,0.5452192389574476,APPROVE,Background
2,2,0.9996787309646606,0.5450457536783644,APPROVE,Debris
3,3,0.9999940395355225,0.5452664696779677,APPROVE,Lymphocytes
5,5,0.999747097492218,0.5450936102476546,APPROVE,Smooth Muscle
3,3,0.9868529438972473,0.5360677027311751,APPROVE,Lymphocytes
0,0,0.99998939037323,0.5452632152643629,APPROVE,Adipose
0,0,0.9999619722366333,0.5452440225687453,APPROVE,Adipose
0,0,0.9996073842048645,0.5449958109465071,APPROVE,Adipose
8,8,0.999933123588562,0.5452238285150953,APPROVE,Colorectal Adenocarcinoma
4,4,0.9969263672828674,0.5431190991011091,APPROVE,Mucus
1,1,0.999962568283081,0.5452444398012587,APPROVE,Background
7,7,0.9922866821289062,0.5398713194933363,APPROVE,Cancer-Assoc. Stroma
6,6,0.9991990923881531,0.5447100066748091,APPROVE,Normal Colon Mucosa
5,0,0.9899886250495911,0.5382626795378157,APPROVE,Adipose
1,1,0.9999914169311523,0.5452646338549085,APPROVE,Background
0,0,0.9999810457229614,0.545257374009175,APPROVE,Adipose
6,6,1.0,0.5452706420031019,APPROVE,Normal Colon Mucosa
8,8,0.9999949932098389,0.5452671372499891,APPROVE,Colorectal Adenocarcinoma
3,3,0.9999862909317017,0.5452610456552931,APPROVE,Lymphocytes
2,2,0.999178946018219,0.5446959042158552,APPROVE,Debris
5,5,0.9999723434448242,0.5452512824144788,APPROVE,Smooth Muscle
0,0,0.9912787079811096,0.5391657375898786,APPROVE,Adipose
3,3,0.9997044205665588,0.5451116579398017,APPROVE,Lymphocytes
5,5,0.999687671661377,0.5450999337061744,APPROVE,Smooth Muscle
5,5,0.9957636594772339,0.5423531251772742,APPROVE,Smooth Muscle
3,3,0.9997860789299011,0.5451688187941413,APPROVE,Lymphocytes
1,1,0.999915599822998,0.5452594834193092,APPROVE,Background
0,0,0.9999922513961792,0.545313139520536,APPROVE,Adipose
0,0,0.9859524965286255,0.5354853111132484,APPROVE,Adipose
6,6,0.9973241090774536,0.543445439897428,APPROVE,Normal Colon Mucosa
1,1,0.9999929666519165,0.5453136401995521,APPROVE,Background
4,5,0.5282347202301025,0.2150828677042823,BLOCK,Smooth Muscle
4,4,0.9999940395355225,0.5453143912180762,APPROVE,Mucus
0,0,0.9999836683273315,0.5453071313723425,APPROVE,Adipose
0,0,0.9999521970748901,0.5452851014956336,APPROVE,Adipose
1,1,0.9999148845672607,0.545258982740293,APPROVE,Background
4,4,0.9998751878738403,0.5452311950548987,APPROVE,Mucus
8,8,0.8027784824371338,0.4072635012492042,BLOCK,Colorectal Adenocarcinoma
4,4,0.9999985694885254,0.5453175621851782,APPROVE,Mucus
4,4,0.8662844300270081,0.45171766456211615,BLOCK,Mucus
0,0,0.9999805688858032,0.5453049617632728,APPROVE,Adipose
5,5,0.8977993726730347,0.47377812441433476,BLOCK,Smooth Muscle
1,1,0.9999463558197021,0.545281012617002,APPROVE,Background
0,0,0.9784576296806335,0.530238904319654,APPROVE,Adipose
6,8,0.7545101046562195,0.3734756368025641,BLOCK,Colorectal Adenocarcinoma
0,0,0.9999803304672241,0.5453047948702674,APPROVE,Adipose
8,8,0.9999309778213501,0.5452702480181556,APPROVE,Colorectal Adenocarcinoma
3,3,0.9668927788734436,0.522143508754621,APPROVE,Lymphocytes
5,0,0.7057893872261047,0.3393711346014838,BLOCK,Adipose
3,3,0.9999896287918091,0.5453113036974768,APPROVE,Lymphocytes
0,0,0.9998437166213989,0.5452091651781897,APPROVE,Adipose
6,6,0.9999819993972778,0.545305963121305,APPROVE,Normal Colon Mucosa
2,2,0.9982025623321533,0.5440603571757179,APPROVE,Debris
0,0,0.9937893748283386,0.5409711259230475,APPROVE,Adipose
6,4,0.6958196759223938,0.33247000834310075,BLOCK,Mucus
4,4,0.9991569519042969,0.5448061015304329,APPROVE,Mucus
8,8,0.9999730587005615,0.5453773762878181,APPROVE,Colorectal Adenocarcinoma
0,0,0.9999001026153564,0.5453263070281746,APPROVE,Adipose
8,8,0.8589411377906799,0.44665503165090104,BLOCK,Colorectal Adenocarcinoma
5,5,0.9999008178710938,0.5453268077071907,APPROVE,Smooth Muscle
8,6,0.8832827806472778,0.46369418165051957,BLOCK,Normal Colon Mucosa
4,4,0.9999781847000122,0.5453809644874337,APPROVE,Mucus
5,7,0.9989204406738281,0.5446405436691047,APPROVE,Cancer-Assoc. Stroma
1,1,0.9999672174453735,0.5453732874091866,APPROVE,Background
7,7,0.9731249809265137,0.5265837218459847,APPROVE,Cancer-Assoc. Stroma
0,0,0.9997569918632507,0.5452261295017006,APPROVE,Adipose
3,3,0.9998575448989868,0.5452965166267159,APPROVE,Lymphocytes
5,5,0.9987725615501404,0.5445370282825234,APPROVE,Smooth Muscle
1,1,0.9999868869781494,0.5453870560821297,APPROVE,Background
1,1,0.999958872795105,0.5453674461539986,APPROVE,Background
4,4,0.9999953508377075,0.5453929807838204,APPROVE,Mucus
3,3,0.9999936819076538,0.5453918125327828,APPROVE,Lymphocytes
7,7,0.9938035011291504,0.5410586859878304,APPROVE,Cancer-Assoc. Stroma
3,3,0.779674232006073,0.3911681976016762,BLOCK,Lymphocytes
1,1,0.9999470710754395,0.5453591849502327,APPROVE,Background
3,3,0.9999865293502808,0.5453868057426217,APPROVE,Lymphocytes
8,8,0.9724188446998596,0.5260894264873268,APPROVE,Colorectal Adenocarcinoma
1,1,0.9999439716339111,0.5453570153411629,APPROVE,Background
0,0,0.9999881982803345,0.5453879739936592,APPROVE,Adipose
6,6,0.9989376664161682,0.5446526016887429,APPROVE,Normal Colon Mucosa
3,3,0.9999099969863892,0.5453332330878975,APPROVE,Lymphocytes
6,6,0.9996696710586548,0.5451650049384834,APPROVE,Normal Colon Mucosa
8,8,0.9997057318687439,0.5451902475055458,APPROVE,Colorectal Adenocarcinoma
3,3,0.9974302649497986,0.5435974206622841,APPROVE,Lymphocytes
6,6,0.9999997615814209,0.5453960683044197,APPROVE,Normal Colon Mucosa
8,8,0.969295084476471,0.5239027943309548,APPROVE,Colorectal Adenocarcinoma
1,1,0.9999774694442749,0.5454438565481626,APPROVE,Background
8,8,0.999783456325531,0.5453080473650419,APPROVE,Colorectal Adenocarcinoma
7,7,0.9999607801437378,0.5454321740377867,APPROVE,Cancer-Assoc. Stroma
5,5,0.9988161325454712,0.544630920719,APPROVE,Smooth Muscle
4,4,0.9996546506881714,0.5452178834188901,APPROVE,Mucus
1,1,0.9999555349349976,0.5454285023916685,APPROVE,Background
0,0,0.9113029837608337,0.48337171656975375,BLOCK,Adipose
8,7,0.4914851784706116,0.1894992528665983,BLOCK,Cancer-Assoc. Stroma
1,1,0.999981164932251,0.5454464433897459,APPROVE,Background
6,6,0.9868814945220947,0.5362766741026365,APPROVE,Normal Colon Mucosa
8,8,0.999992847442627,0.545454621147009,APPROVE,Colorectal Adenocarcinoma
0,0,0.6514820456504822,0.3014970598925077,BLOCK,Adipose
4,4,0.9999872446060181,0.5454506991613828,APPROVE,Mucus
0,0,0.9780664443969727,0.530106139015051,APPROVE,Adipose
0,0,0.9985846281051636,0.5444688676107847,APPROVE,Adipose
5,5,0.9995063543319702,0.5451140759695493,APPROVE,Smooth Muscle
1,1,0.9999607801437378,0.5454321740377867,APPROVE,Background
2,2,0.9993222951889038,0.5449852345694028,APPROVE,Debris
3,3,0.9997480511665344,0.5452832637537443,APPROVE,Lymphocytes
5,5,0.9999512434005737,0.5454254983175718,APPROVE,Smooth Muscle
8,8,0.999356210231781,0.5450089750994169,APPROVE,Colorectal Adenocarcinoma
4,4,0.9996788501739502,0.5452348230589353,APPROVE,Mucus
8,8,0.9392902851104736,0.5029628275145017,APPROVE,Colorectal Adenocarcinoma
8,8,0.9999433755874634,0.5454199908483945,APPROVE,Colorectal Adenocarcinoma
6,6,0.9993442893028259,0.5450006304491484,APPROVE,Normal Colon Mucosa
8,8,0.999688982963562,0.5452419160116636,APPROVE,Colorectal Adenocarcinoma
0,0,0.9999994039535522,0.5454592107046567,APPROVE,Adipose
2,2,0.9822542071342468,0.533037572931143,APPROVE,Debris
3,3,0.9999998807907104,0.5454595444906675,APPROVE,Lymphocytes
5,5,0.9999666213989258,0.5454362629164182,APPROVE,Smooth Muscle
4,4,0.9999887943267822,0.5454517839659178,APPROVE,Mucus
0,0,0.9905319213867188,0.5388319729078733,APPROVE,Adipose
1,1,0.9998799562454224,0.5453316619175465,APPROVE,Background
1,1,0.9998028874397278,0.5452777137535603,APPROVE,Background
5,5,0.9999991655349731,0.545415108420232,APPROVE,Smooth Muscle
4,4,0.9999818801879883,0.5454030086773426,APPROVE,Mucus
2,7,0.8923102021217346,0.4700328340309651,BLOCK,Cancer-Assoc. Stroma
0,0,0.9999593496322632,0.545387237288335,APPROVE,Adipose
8,8,0.9998782873153687,0.5453304936665089,APPROVE,Colorectal Adenocarcinoma
5,5,0.9996839761734009,0.5451944758671314,APPROVE,Smooth Muscle
0,0,0.9994168281555176,0.5450074722546131,APPROVE,Adipose
5,7,0.8403888940811157,0.43368791840253185,BLOCK,Cancer-Assoc. Stroma
8,8,0.9999493360519409,0.5453802277821095,APPROVE,Colorectal Adenocarcinoma
8,8,0.9989223480224609,0.5446613361614735,APPROVE,Colorectal Adenocarcinoma
6,6,0.9999879598617554,0.5454072644489796,APPROVE,Normal Colon Mucosa
1,1,0.999984622001648,0.5454049279469044,APPROVE,Background
3,3,0.9979904890060425,0.5440090348499805,APPROVE,Lymphocytes
6,6,0.9999146461486816,0.545355944849828,APPROVE,Normal Colon Mucosa
6,6,0.9999487400054932,0.5453798105495961,APPROVE,Normal Colon Mucosa
3,3,0.9997969269752502,0.545273541428426,APPROVE,Lymphocytes
8,8,0.9997468590736389,0.5452384938972981,APPROVE,Colorectal Adenocarcinoma
1,1,0.9999710321426392,0.5453954150455983,APPROVE,Background
0,0,0.9960861206054688,0.5426759769695789,APPROVE,Adipose
6,6,0.9994640946388245,0.545040558792928,APPROVE,Normal Colon Mucosa
7,7,0.9509379863739014,0.5110722830074818,APPROVE,Cancer-Assoc. Stroma
3,3,0.9608292579650879,0.5179961731213124,APPROVE,Lymphocytes
6,6,0.9996727705001831,0.545186631895879,APPROVE,Normal Colon Mucosa
1,1,0.9999083280563354,0.5453515221851857,APPROVE,Background
0,4,0.999866247177124,0.5453220655697376,APPROVE,Mucus
3,3,0.9934781789779663,0.5408504178303273,APPROVE,Lymphocytes
0,0,0.6887181401252747,0.3275183906334431,BLOCK,Adipose
6,6,0.999958872795105,0.5453869035023243,APPROVE,Normal Colon Mucosa
8,8,0.9997459053993225,0.5452378263252766,APPROVE,Colorectal Adenocarcinoma
3,3,0.9999872446060181,0.5454067637699634,APPROVE,Lymphocytes
1,1,0.9999773502349854,0.5453796289645713,APPROVE,Background
0,0,0.9999898672103882,0.5453883908473532,APPROVE,Adipose
1,1,0.9999831914901733,0.5453837178432028,APPROVE,Background
6,6,0.8712896108627319,0.4552982114039939,BLOCK,Normal Colon Mucosa
3,3,0.9998911619186401,0.5453192971431297,APPROVE,Lymphocytes
1,1,0.9998977184295654,0.5453238867007774,APPROVE,Background
8,8,0.9999980926513672,0.5453941486560385,APPROVE,Colorectal Adenocarcinoma
3,3,0.9998750686645508,0.5453080318652671,APPROVE,Lymphocytes
0,0,0.561758279800415,0.23862627966037211,BLOCK,Adipose
0,0,0.9997321963310242,0.5452080212317985,APPROVE,Adipose
4,4,0.9999988079071045,0.5453946493350547,APPROVE,Mucus
0,0,0.9828613996505737,0.5333984635554831,APPROVE,Adipose
8,8,0.9999339580535889,0.5453492544375937,APPROVE,Colorectal Adenocarcinoma
0,0,0.9999985694885254,0.5453944824420492,APPROVE,Adipose
0,0,0.9869884252548218,0.5362873814784568,APPROVE,Adipose
4,4,0.9978430271148682,0.5438856027804893,APPROVE,Mucus
3,3,0.9999823570251465,0.5453831337176841,APPROVE,Lymphocytes
8,8,0.900973916053772,0.47607722503772193,BLOCK,Colorectal Adenocarcinoma
8,8,0.9999873638153076,0.5453866384707968,APPROVE,Colorectal Adenocarcinoma
4,4,0.9999995231628418,0.5453951500140708,APPROVE,Mucus
4,4,0.9999103546142578,0.5453327320300619,APPROVE,Mucus
8,8,0.9999362230300903,0.5453508399211447,APPROVE,Colorectal Adenocarcinoma
3,3,0.9983468055725098,0.5442382477008384,APPROVE,Lymphocytes
3,3,0.9994589686393738,0.5450167618476431,APPROVE,Lymphocytes
6,6,0.9997890591621399,0.5452478252135794,APPROVE,Normal Colon Mucosa
0,0,0.88716721534729,0.4664125345431846,BLOCK,Adipose
3,3,0.9985206723213196,0.5443599544250052,APPROVE,Lymphocytes
8,8,0.9971707463264465,0.5434150062285941,APPROVE,Colorectal Adenocarcinoma
0,0,0.9997100234031677,0.5451925001822989,APPROVE,Adipose
0,0,0.9779737591743469,0.5299771152221243,APPROVE,Adipose
1,1,0.9999953508377075,0.5453922293864768,APPROVE,Background
6,6,0.9999614953994751,0.5453685305797141,APPROVE,Normal Colon Mucosa
4,4,0.9994214773178101,0.545076675958929,APPROVE,Mucus
1,1,0.9999278783798218,0.5454311567023371,APPROVE,Background
1,1,0.9999727010726929,0.5454625325873469,APPROVE,Background
0,0,0.999745786190033,0.5453036921694849,APPROVE,Adipose
6,6,0.9996947050094604,0.5452679353430842,APPROVE,Normal Colon Mucosa
4,4,0.9843831658363342,0.5345498579218958,APPROVE,Mucus
6,8,0.8955986499786377,0.4724006968215082,BLOCK,Colorectal Adenocarcinoma
8,8,0.999995231628418,0.5454783039763544,APPROVE,Colorectal Adenocarcinoma
7,7,0.9926058053970337,0.5403057056143854,APPROVE,Cancer-Assoc. Stroma
5,7,0.9998613595962524,0.5453845935538386,APPROVE,Cancer-Assoc. Stroma
1,1,0.9999709129333496,0.5454612808898066,APPROVE,Background
5,5,0.9997478127479553,0.5453051107600306,APPROVE,Smooth Muscle
1,1,0.9999734163284302,0.545463033266363,APPROVE,Background
0,0,0.9999252557754517,0.545429320879278,APPROVE,Adipose
2,2,0.9989373087882996,0.5447377579882715,APPROVE,Debris
2,2,0.9994277358055115,0.5450810569003199,APPROVE,Debris
0,0,0.7864127159118652,0.3959705429747675,BLOCK,Adipose
1,1,0.9999806880950928,0.5454681235030268,APPROVE,Background
4,4,0.9998281002044678,0.5453613119795893,APPROVE,Mucus
4,4,0.9999998807907104,0.5454815583899592,APPROVE,Mucus
8,6,0.8834535479545593,0.4638991254046534,BLOCK,Normal Colon Mucosa
8,8,0.9998617172241211,0.5453848438933466,APPROVE,Colorectal Adenocarcinoma
4,4,0.9999856948852539,0.5454716282561396,APPROVE,Mucus
0,0,0.999998927116394,0.5454808908179377,APPROVE,Adipose
2,7,0.985790491104126,0.5355349856093501,APPROVE,Cancer-Assoc. Stroma
1,1,0.9999750852584839,0.5454642015174006,APPROVE,Background
7,7,0.9944122433662415,0.5415702121928309,APPROVE,Cancer-Assoc. Stroma
1,1,0.9999644756317139,0.5454567747786616,APPROVE,Background
4,4,0.9998190999031067,0.5453550117686365,APPROVE,Mucus
1,1,0.9999839067459106,0.5454703765585993,APPROVE,Background
4,4,0.9979475140571594,0.5440449016764735,APPROVE,Mucus
8,8,0.5889567732810974,0.2577513831332301,BLOCK,Colorectal Adenocarcinoma
8,8,0.9999004602432251,0.5453253144875323,APPROVE,Colorectal Adenocarcinoma
5,5,0.9999954700469971,0.5453918213501727,APPROVE,Smooth Muscle
6,8,0.999704897403717,0.5451884204998767,APPROVE,Colorectal Adenocarcinoma
1,1,0.9999691247940063,0.5453733796730792,APPROVE,Background
8,8,0.9999778270721436,0.5453794712677752,APPROVE,Colorectal Adenocarcinoma
3,3,0.9999855756759644,0.5453848952904498,APPROVE,Lymphocytes
6,6,0.9999799728393555,0.5453809733048236,APPROVE,Normal Colon Mucosa
7,7,0.9778068661689758,0.5298597986355578,APPROVE,Cancer-Assoc. Stroma
0,0,0.9999403953552246,0.545353269065932,APPROVE,Adipose
0,0,0.9992119073867798,0.5448433274880206,APPROVE,Adipose
7,7,0.6223679780960083,0.28105257698448055,BLOCK,Cancer-Assoc. Stroma
4,4,0.9999381303787231,0.545351683582381,APPROVE,Mucus
4,4,0.9996045231819153,0.5451181585446154,APPROVE,Mucus
4,4,1.0,0.5453949923172747,APPROVE,Mucus
1,1,0.9999366998672485,0.5453506822243487,APPROVE,Background
2,7,0.5989890694618225,0.2646873409405505,BLOCK,Cancer-Assoc. Stroma
4,4,0.9951587319374084,0.5420061046734607,APPROVE,Mucus
8,4,0.7504478096961975,0.37070845910461303,BLOCK,Mucus
3,8,0.993251621723175,0.5406711275234972,APPROVE,Colorectal Adenocarcinoma
7,7,0.7427478432655334,0.36531848260314814,BLOCK,Cancer-Assoc. Stroma
5,5,0.9999945163726807,0.5453911537781512,APPROVE,Smooth Muscle
8,8,0.9999620914459229,0.5453684563294208,APPROVE,Colorectal Adenocarcinoma
1,2,0.9997345805168152,0.5452091986790454,APPROVE,Debris
5,0,0.8384377956390381,0.43230144926460135,BLOCK,Adipose
0,0,0.9692278504371643,0.5238544876232898,APPROVE,Adipose
0,0,0.8647210001945496,0.4506996924534594,BLOCK,Adipose
5,5,0.9999942779541016,0.5453909868851459,APPROVE,Smooth Muscle
8,8,0.999589741230011,0.5451078111782824,APPROVE,Colorectal Adenocarcinoma
1,1,0.9998742341995239,0.5453069562569415,APPROVE,Background
4,4,0.9999909400939941,0.5453886503830706,APPROVE,Mucus
8,8,0.9998488426208496,0.5452891821518695,APPROVE,Colorectal Adenocarcinoma
7,7,0.9882490634918213,0.5371693367615497,APPROVE,Cancer-Assoc. Stroma
6,6,0.9994049072265625,0.5450214187607414,APPROVE,Normal Colon Mucosa
0,0,0.9989342093467712,0.5446919302448876,APPROVE,Adipose
3,3,0.9999369382858276,0.5453938405022271,APPROVE,Lymphocytes
4,4,0.9999200105667114,0.5453819910988457,APPROVE,Mucus
6,6,0.9999991655349731,0.5454373995766288,APPROVE,Normal Colon Mucosa
8,8,0.9999126195907593,0.5453768174156792,APPROVE,Colorectal Adenocarcinoma
6,6,0.9999428987503052,0.5453980128273613,APPROVE,Normal Colon Mucosa
0,0,0.9853814840316772,0.5352050225243218,APPROVE,Adipose
1,1,0.9999594688415527,0.5454096118912346,APPROVE,Background
8,8,0.9997492432594299,0.5452624539837486,APPROVE,Colorectal Adenocarcinoma
8,8,0.9986531734466553,0.5444952051148064,APPROVE,Colorectal Adenocarcinoma
0,0,0.9634292125701904,0.519838432501281,APPROVE,Adipose
8,8,0.9999890327453613,0.5454303066239006,APPROVE,Colorectal Adenocarcinoma
0,0,0.9915632009506226,0.5395322243675835,APPROVE,Adipose
8,8,0.9790330529212952,0.5307611207470543,APPROVE,Colorectal Adenocarcinoma
2,2,0.9999876022338867,0.5454293052658684,APPROVE,Debris
1,1,0.9999725818634033,0.54541879100653,APPROVE,Background
1,0,0.9128227233886719,0.4844138900742179,BLOCK,Adipose
8,7,0.590081512928009,0.258495042751754,BLOCK,Cancer-Assoc. Stroma
0,0,0.9975827932357788,0.5437459389671928,APPROVE,Adipose
0,0,0.8228869438171387,0.42145884437414466,BLOCK,Adipose
0,0,0.9999885559082031,0.5454299728378899,APPROVE,Adipose
8,8,0.99994957447052,0.5454026858315117,APPROVE,Colorectal Adenocarcinoma
6,6,0.9998362064361572,0.5453233282074578,APPROVE,Normal Colon Mucosa
5,0,0.8477591276168823,0.4388693730339653,BLOCK,Adipose
8,8,0.9999876022338867,0.5454293052658684,APPROVE,Colorectal Adenocarcinoma
8,8,0.9998396635055542,0.5453257481560356,APPROVE,Colorectal Adenocarcinoma
5,5,0.9998888969421387,0.5453602115616447,APPROVE,Smooth Muscle
1,1,0.9999830722808838,0.5454261342987663,APPROVE,Background
1,1,0.9999762773513794,0.5454213778481133,APPROVE,Background
0,0,0.9999847412109375,0.545427302549804,APPROVE,Adipose
0,0,0.6984013915061951,0.3343189577564842,BLOCK,Adipose
0,0,0.9998992681503296,0.545362239503313,APPROVE,Adipose
0,0,0.9924243688583374,0.5401298099989185,APPROVE,Adipose
7,7,0.9999585151672363,0.5454037124151477,APPROVE,Cancer-Assoc. Stroma
8,8,0.9998719692230225,0.545343130254198,APPROVE,Colorectal Adenocarcinoma
7,7,0.9986851811408997,0.544512378596712,APPROVE,Cancer-Assoc. Stroma
4,4,1.0,0.5454327517980823,APPROVE,Mucus
5,5,0.9997877478599548,0.5452841753000507,APPROVE,Smooth Muscle
8,8,0.9968706965446472,0.5432422393793354,APPROVE,Colorectal Adenocarcinoma
6,6,0.9999954700469971,0.5454295808309803,APPROVE,Normal Colon Mucosa
0,0,0.9999790191650391,0.5454180652136096,APPROVE,Adipose
4,4,0.999998927116394,0.5454320007795581,APPROVE,Mucus
5,0,0.699421226978302,0.33502761068289366,BLOCK,Adipose
1,1,0.9999758005142212,0.5454158121580371,APPROVE,Background
8,8,0.9999868869781494,0.5454235726827869,APPROVE,Colorectal Adenocarcinoma
8,8,0.9989168643951416,0.5446745568746814,APPROVE,Colorectal Adenocarcinoma
7,7,0.7992368936538696,0.40489857735579105,BLOCK,Cancer-Assoc. Stroma
0,0,0.9998528957366943,0.5453297788137683,APPROVE,Adipose
2,2,0.9984207153320312,0.5443272525305042,APPROVE,Debris
5,5,0.9998741149902344,0.5453446322912463,APPROVE,Smooth Muscle
6,6,0.9999997615814209,0.5454325849050768,APPROVE,Normal Colon Mucosa
0,0,0.9999207258224487,0.5453772598737964,APPROVE,Adipose
1,1,0.9999419450759888,0.5453921133512744,APPROVE,Background
1,1,0.9999399185180664,0.5453906947607288,APPROVE,Background
0,0,0.999444305896759,0.5450437659258136,APPROVE,Adipose
8,8,0.9999977350234985,0.5454311663145313,APPROVE,Colorectal Adenocarcinoma
2,7,0.7965444326400757,0.40301385464613526,BLOCK,Cancer-Assoc. Stroma
1,1,0.9999585151672363,0.5454037124151477,APPROVE,Background
4,5,0.7987918853759766,0.40458707156126583,BLOCK,Smooth Muscle
0,0,0.8400023579597473,0.4334344023699054,BLOCK,Adipose
1,1,0.9999874830245972,0.5454239899153003,APPROVE,Background
4,4,0.9999622106552124,0.5454062992567309,APPROVE,Mucus
4,4,0.9999960660934448,0.5454299980634937,APPROVE,Mucus
0,0,0.9997941851615906,0.5452529061600058,APPROVE,Adipose
0,0,0.9999635219573975,0.5453714419170705,APPROVE,Adipose
8,8,0.99997878074646,0.5453821230694144,APPROVE,Colorectal Adenocarcinoma
1,1,0.9999921321868896,0.5453914690777151,APPROVE,Background
3,3,0.9998326301574707,0.5452798176571219,APPROVE,Lymphocytes
6,8,0.8035842776298523,0.40790597088778896,BLOCK,Colorectal Adenocarcinoma
2,2,0.9998397827148438,0.545284824447283,APPROVE,Debris
0,0,0.9999916553497314,0.5453911352917044,APPROVE,Adipose
6,6,0.9975066781044006,0.5436516512199728,APPROVE,Normal Colon Mucosa
8,8,0.999915599822998,0.545337896422991,APPROVE,Colorectal Adenocarcinoma
5,5,0.9969345331192017,0.5432511497303335,APPROVE,Smooth Muscle
0,0,0.46610695123672485,0.17167184241259978,BLOCK,Adipose
0,0,0.9999786615371704,0.5453820396229117,APPROVE,Adipose
3,3,0.9999475479125977,0.5453602600857107,APPROVE,Lymphocytes
0,0,0.9994414448738098,0.5450059879585593,APPROVE,Adipose
5,5,0.9991114735603333,0.5447750080391256,APPROVE,Smooth Muscle
4,4,0.9834483861923218,0.5338108468815176,APPROVE,Mucus
1,1,0.9999908208847046,0.5453905511661855,APPROVE,Background
5,5,0.99457186460495,0.5415972817703573,APPROVE,Smooth Muscle
0,0,0.9999072551727295,0.545332055167803,APPROVE,Adipose
6,6,0.9999990463256836,0.5453963089748709,APPROVE,Normal Colon Mucosa
4,4,0.9999834299087524,0.5453853774830191,APPROVE,Mucus
1,1,0.9999263286590576,0.5453454066082327,APPROVE,Background
6,6,0.9999990463256836,0.5453963089748709,APPROVE,Normal Colon Mucosa
5,5,0.9999655485153198,0.5453728605076162,APPROVE,Smooth Muscle
1,1,0.9999634027481079,0.5453713584705678,APPROVE,Background
1,1,0.9999858140945435,0.5453870464130728,APPROVE,Background
0,0,0.9998822212219238,0.5453145314022391,APPROVE,Adipose
0,0,0.9949971437454224,0.541894977168688,APPROVE,Adipose
2,2,0.9992414712905884,0.5448660064503043,APPROVE,Debris
7,7,0.9987680315971375,0.5445345986648885,APPROVE,Cancer-Assoc. Stroma
0,0,0.9988434314727783,0.5445873785778371,APPROVE,Adipose
1,1,0.9998724460601807,0.5453886608370315,APPROVE,Background
5,5,0.9999959468841553,0.5454751114138138,APPROVE,Smooth Muscle
8,8,0.9999686479568481,0.5454560021646988,APPROVE,Colorectal Adenocarcinoma
8,8,0.9999920129776001,0.5454723576792251,APPROVE,Colorectal Adenocarcinoma
4,4,0.9999983310699463,0.5454767803438675,APPROVE,Mucus
4,4,0.9995601773262024,0.5451700727232467,APPROVE,Mucus
7,7,0.999902606010437,0.5454097728022109,APPROVE,Cancer-Assoc. Stroma
1,1,0.9999783039093018,0.5454627613314162,APPROVE,Background
2,2,0.9997051358222961,0.5452715436705123,APPROVE,Debris
4,4,0.9992808699607849,0.5449745575674545,APPROVE,Mucus
8,8,0.9989953637123108,0.5447747031935226,APPROVE,Colorectal Adenocarcinoma
8,8,0.9999148845672607,0.5454183677919876,APPROVE,Colorectal Adenocarcinoma
5,5,0.993515133857727,0.540938542295314,APPROVE,Smooth Muscle
0,0,0.9949454665184021,0.5419397751577866,APPROVE,Adipose
1,1,0.999968409538269,0.5454558352716934,APPROVE,Background
4,0,0.5937471985816956,0.261100987602092,BLOCK,Adipose
8,8,0.9999854564666748,0.5454677681215774,APPROVE,Colorectal Adenocarcinoma
1,1,0.9999563694000244,0.5454474071749221,APPROVE,Background
1,1,0.9999501705169678,0.5454430679567825,APPROVE,Background
6,6,0.9999997615814209,0.5454777817018996,APPROVE,Normal Colon Mucosa
4,4,0.999929666519165,0.5454287151583206,APPROVE,Mucus
0,0,0.9997662901878357,0.5453143517263901,APPROVE,Adipose
0,0,0.9989301562309265,0.5447290579565536,APPROVE,Adipose
6,6,0.9999474287033081,0.5454411486872207,APPROVE,Normal Colon Mucosa
0,0,0.9999358654022217,0.5454330543764603,APPROVE,Adipose
8,8,0.999963641166687,0.545452497411586,APPROVE,Colorectal Adenocarcinoma
8,8,0.999467670917511,0.5451053182371628,APPROVE,Colorectal Adenocarcinoma
4,4,0.4998701512813568,0.19538705449185487,BLOCK,Mucus
0,0,0.9844030141830444,0.5345600585230361,APPROVE,Adipose
1,1,0.9999656677246094,0.5454539160021317,APPROVE,Background
2,2,0.9999990463256836,0.5454772810228836,APPROVE,Debris
0,0,0.7805995345115662,0.39189762275300133,BLOCK,Adipose
0,0,0.9999572038650513,0.5453563434850981,APPROVE,Adipose
6,6,0.9874513745307922,0.5366022629511168,APPROVE,Normal Colon Mucosa
4,4,0.9999998807907104,0.5453862173330595,APPROVE,Mucus
6,6,0.9935970306396484,0.540904222227316,APPROVE,Normal Colon Mucosa
4,4,0.999821126461029,0.5452610893022826,APPROVE,Mucus
5,5,0.9939529299736023,0.5411533517610838,APPROVE,Smooth Muscle
0,0,0.9999394416809082,0.545343909956198,APPROVE,Adipose
3,3,0.9999978542327881,0.5453847987425139,APPROVE,Lymphocytes
4,4,0.9998395442962646,0.5452739817869474,APPROVE,Mucus
3,3,0.9999780654907227,0.5453709466230681,APPROVE,Lymphocytes
6,6,0.9999991655349731,0.5453857166540433,APPROVE,Normal Colon Mucosa
0,0,0.9688011407852173,0.5235470993292143,APPROVE,Adipose
2,2,0.9998052716255188,0.5452499909174253,APPROVE,Debris
0,0,0.9636437892913818,0.5199369532835295,APPROVE,Adipose
8,8,0.8272161483764648,0.42443760464308755,BLOCK,Colorectal Adenocarcinoma
6,6,0.9999983310699463,0.5453851325285246,APPROVE,Normal Colon Mucosa
6,6,0.9999933242797852,0.5453816277754118,APPROVE,Normal Colon Mucosa
3,3,0.9888845682144165,0.5376054985296538,APPROVE,Lymphocytes
5,5,0.9979617595672607,0.5439595324766447,APPROVE,Smooth Muscle
8,8,0.9953688383102417,0.5421444875967314,APPROVE,Colorectal Adenocarcinoma
0,0,0.9995434880256653,0.5450667423975278,APPROVE,Adipose
8,8,0.9995287656784058,0.5450564367544463,APPROVE,Colorectal Adenocarcinoma
5,5,0.9999977350234985,0.5453847152960112,APPROVE,Smooth Muscle
5,5,0.9986318945884705,0.5444286269914915,APPROVE,Smooth Muscle
0,0,0.9996104836463928,0.5451136393320372,APPROVE,Adipose
4,4,0.9640495777130127,0.5202210051786711,APPROVE,Mucus
6,6,0.9337567090988159,0.49901599714873335,BLOCK,Normal Colon Mucosa
6,6,0.997865617275238,0.5438922328722288,APPROVE,Normal Colon Mucosa
4,4,0.9994256496429443,0.5449842555296233,APPROVE,Mucus
8,8,0.9996575117111206,0.5451465589773467,APPROVE,Colorectal Adenocarcinoma
5,0,0.8502747416496277,0.4405786199343016,BLOCK,Adipose
6,6,0.9999258518218994,0.5453343970548917,APPROVE,Normal Colon Mucosa
4,4,0.9997988343238831,0.5452751012786168,APPROVE,Mucus
0,0,0.9999107122421265,0.5453534158213872,APPROVE,Adipose
4,4,0.9997215867042542,0.5452210279448766,APPROVE,Mucus
7,7,0.9999135732650757,0.5453554185374516,APPROVE,Cancer-Assoc. Stroma
3,3,0.9999955892562866,0.5454128297312992,APPROVE,Lymphocytes
1,1,0.9999741315841675,0.5453978093608158,APPROVE,Background
0,0,0.7548856139183044,0.37383584699471173,BLOCK,Adipose
3,3,0.9999997615814209,0.5454157503588932,APPROVE,Lymphocytes
6,6,0.9999985694885254,0.5454149158938664,APPROVE,Normal Colon Mucosa
8,8,0.9999386072158813,0.5453729423030156,APPROVE,Colorectal Adenocarcinoma
0,0,0.9482584595680237,0.5091968389495152,APPROVE,Adipose
5,5,0.9996474981307983,0.5451691659434574,APPROVE,Smooth Muscle
8,8,0.9984716773033142,0.5443460913642186,APPROVE,Colorectal Adenocarcinoma
0,0,0.9999645948410034,0.545391133640601,APPROVE,Adipose
0,0,0.9999644756317139,0.5453910501940984,APPROVE,Adipose
8,8,0.9984338879585266,0.5443196388228673,APPROVE,Colorectal Adenocarcinoma
0,0,0.9999985694885254,0.5454149158938664,APPROVE,Adipose
1,1,0.9999179840087891,0.545358506058051,APPROVE,Background
0,0,0.9998656511306763,0.545321873043372,APPROVE,Adipose
0,0,0.999970555305481,0.5453953059657353,APPROVE,Adipose
7,7,0.999923825263977,0.5453625949366826,APPROVE,Cancer-Assoc. Stroma
5,5,0.9988227486610413,0.5445918413146276,APPROVE,Smooth Muscle
0,0,0.9964666366577148,0.542942562912299,APPROVE,Adipose
2,2,0.9228934645652771,0.49144134244759263,BLOCK,Debris
5,5,0.9994213581085205,0.545010867927863,APPROVE,Smooth Muscle
5,5,0.9999881982803345,0.5454076560481328,APPROVE,Smooth Muscle
1,1,0.999976396560669,0.545399394844367,APPROVE,Background
6,6,0.5896813273429871,0.2581928463919896,BLOCK,Normal Colon Mucosa
1,1,0.9999793767929077,0.5454014810069341,APPROVE,Background
0,0,0.9619265198707581,0.5187644811614293,APPROVE,Adipose
8,8,0.9999743700027466,0.5453979762538212,APPROVE,Colorectal Adenocarcinoma
8,8,0.9888762831687927,0.5376293154700535,APPROVE,Colorectal Adenocarcinoma
5,0,0.5942454934120178,0.2613922707447799,BLOCK,Adipose
0,0,0.9996986389160156,0.5452094725975783,APPROVE,Adipose
3,3,0.9999982118606567,0.5454191736588271,APPROVE,Lymphocytes
2,2,0.938320517539978,0.502244787634352,APPROVE,Debris
8,8,0.9995038509368896,0.5450731210121901,APPROVE,Colorectal Adenocarcinoma
6,6,0.9980646967887878,0.5440657131085188,APPROVE,Normal Colon Mucosa
1,1,0.9999759197235107,0.5454035691628248,APPROVE,Background
0,0,0.8783427476882935,0.4602603487381728,BLOCK,Adipose
0,0,0.9999980926513672,0.5454190902123244,APPROVE,Adipose
4,4,0.9910345673561096,0.5391446225056441,APPROVE,Mucus
4,4,0.9999997615814209,0.545420258463362,APPROVE,Mucus
4,4,0.9999985694885254,0.5454194239983351,APPROVE,Mucus
4,4,0.9996379613876343,0.5451669983277113,APPROVE,Mucus
2,2,0.9990419745445251,0.544749807537535,APPROVE,Debris
4,4,0.9999942779541016,0.5454164199242385,APPROVE,Mucus
4,4,0.6708378791809082,0.3150069407830031,BLOCK,Mucus
0,0,0.9999680519104004,0.5453980616936477,APPROVE,Adipose
5,5,0.9106415510177612,0.4828695110688003,BLOCK,Smooth Muscle
6,6,0.9292983412742615,0.4959292642483504,BLOCK,Normal Colon Mucosa
8,8,0.9765545129776001,0.5290085844406874,APPROVE,Colorectal Adenocarcinoma
4,4,0.9993533492088318,0.5449677698025496,APPROVE,Mucus
0,0,0.9999308586120605,0.5453720263848097,APPROVE,Adipose
0,0,0.9762957096099854,0.5288274220833571,APPROVE,Adipose
4,4,1.0,0.5454204253563674,APPROVE,Mucus
6,6,0.9998030066490173,0.5452825300106795,APPROVE,Normal Colon Mucosa
8,8,0.9998980760574341,0.5453490785965712,APPROVE,Colorectal Adenocarcinoma
8,8,0.9979119896888733,0.5439588181385787,APPROVE,Colorectal Adenocarcinoma
1,1,0.9999834299087524,0.5454088262924941,APPROVE,Background
4,4,0.9993809461593628,0.5449870876679214,APPROVE,Mucus
4,4,0.9851354956626892,0.5350152723202498,APPROVE,Mucus
1,1,0.9999901056289673,0.5454134992966445,APPROVE,Background
1,1,0.9999680519104004,0.5453980616936477,APPROVE,Background
3,3,1.0,0.5453535683802321,APPROVE,Lymphocytes
1,1,0.9999815225601196,0.5453406341723158,APPROVE,Background
6,6,0.9932737350463867,0.5406451829127028,APPROVE,Normal Colon Mucosa
4,4,0.9999992847442627,0.5453530677012159,APPROVE,Mucus
6,6,0.9999933242797852,0.5453488953760817,APPROVE,Normal Colon Mucosa
8,8,0.999586284160614,0.5450639672926619,APPROVE,Colorectal Adenocarcinoma
8,8,0.7415466904640198,0.3644362517050459,BLOCK,Colorectal Adenocarcinoma
3,3,0.9993854761123657,0.5449234016588881,APPROVE,Lymphocytes
8,8,0.9825793504714966,0.5331591137102797,APPROVE,Colorectal Adenocarcinoma
8,8,0.9998156428337097,0.5452245183638289,APPROVE,Colorectal Adenocarcinoma
6,8,0.9702118635177612,0.5245018728426649,APPROVE,Colorectal Adenocarcinoma
2,7,0.3964943289756775,0.12289959866320635,BLOCK,Cancer-Assoc. Stroma
8,8,0.9990646243095398,0.54469880539691,APPROVE,Colorectal Adenocarcinoma
1,1,0.9999456405639648,0.5453155167750074,APPROVE,Background
6,6,0.9999477863311768,0.5453170188120559,APPROVE,Normal Colon Mucosa
8,8,0.9959245920181274,0.5425007827929212,APPROVE,Colorectal Adenocarcinoma
4,4,0.9999998807907104,0.5453534849337294,APPROVE,Mucus
4,4,0.9999986886978149,0.5453526504687025,APPROVE,Mucus
5,5,0.9999963045120239,0.5453509815386488,APPROVE,Smooth Muscle
5,5,0.9999943971633911,0.5453496463946058,APPROVE,Smooth Muscle
3,3,0.9997963309288025,0.5452110000303938,APPROVE,Lymphocytes
8,8,0.9991618394851685,0.54476685601985,APPROVE,Colorectal Adenocarcinoma
8,8,0.9999631643295288,0.5453277834109023,APPROVE,Colorectal Adenocarcinoma
5,0,0.7821427583694458,0.39285349923884416,BLOCK,Adipose
8,8,0.9990033507347107,0.5446559138945296,APPROVE,Colorectal Adenocarcinoma
4,4,0.9995613694190979,0.5450465269736006,APPROVE,Mucus
4,4,0.9786224961280823,0.5303893156698897,APPROVE,Mucus
0,0,0.9999353885650635,0.5453083403757765,APPROVE,Adipose
8,8,0.9953281879425049,0.5420832999399855,APPROVE,Colorectal Adenocarcinoma
4,4,0.9999287128448486,0.5453036673716262,APPROVE,Mucus
1,1,0.9998691082000732,0.5452619441202834,APPROVE,Background
4,4,0.9999836683273315,0.5453421362093641,APPROVE,Mucus
1,1,0.9999784231185913,0.545408821625308,APPROVE,Background
0,0,0.9999963045120239,0.5454213386007108,APPROVE,Adipose
6,6,0.9999991655349731,0.5454233413167753,APPROVE,Normal Colon Mucosa
3,3,0.9999985694885254,0.5454229240842619,APPROVE,Lymphocytes
4,4,0.9202080368995667,0.4895695512719907,BLOCK,Mucus
4,4,0.9949232935905457,0.5418702309556761,APPROVE,Mucus
5,5,0.9997926354408264,0.5452787702508726,APPROVE,Smooth Muscle
8,8,0.9917982816696167,0.5396827226110258,APPROVE,Colorectal Adenocarcinoma
3,3,0.9999992847442627,0.545423424763278,APPROVE,Lymphocytes
7,7,0.9975861310958862,0.5437342172094145,APPROVE,Cancer-Assoc. Stroma
4,4,0.9949770569801331,0.5419078653283873,APPROVE,Mucus
8,8,0.9976835250854492,0.5438023930021085,APPROVE,Colorectal Adenocarcinoma
6,6,0.9999996423721313,0.5454236751027861,APPROVE,Normal Colon Mucosa
3,3,0.9999034404754639,0.5453563337751188,APPROVE,Lymphocytes
0,0,0.9999816417694092,0.5454110746808806,APPROVE,Adipose
8,8,0.9999371767044067,0.5453799491353788,APPROVE,Colorectal Adenocarcinoma
8,8,0.9945084452629089,0.5415798371263304,APPROVE,Colorectal Adenocarcinoma
0,0,0.9999884366989136,0.5454158311315336,APPROVE,Adipose
2,2,0.999396562576294,0.5450015192456998,APPROVE,Debris
4,4,0.9307653307914734,0.49695965699632544,BLOCK,Mucus
1,1,0.9999529123306274,0.5453909640737333,APPROVE,Background
3,3,0.996320366859436,0.5428481822438993,APPROVE,Lymphocytes
3,8,0.9225435256958008,0.49120439342935457,BLOCK,Colorectal Adenocarcinoma
4,5,0.6986749172210693,0.3344963674970426,BLOCK,Smooth Muscle
1,1,0.9999873638153076,0.5454150801130094,APPROVE,Background
3,3,0.9919300079345703,0.5397749309964933,APPROVE,Lymphocytes
6,6,0.9999996423721313,0.5454236751027861,APPROVE,Normal Colon Mucosa
3,3,0.9999995231628418,0.5454235916562834,APPROVE,Lymphocytes
0,0,0.999937891960144,0.5453804498143949,APPROVE,Adipose
8,8,0.9997653365135193,0.5452596610017576,APPROVE,Colorectal Adenocarcinoma
6,6,0.9999994039535522,0.5454235082097807,APPROVE,Normal Colon Mucosa
3,3,0.9999974966049194,0.5454221730657377,APPROVE,Lymphocytes
8,8,0.999504566192627,0.5450543957138416,APPROVE,Colorectal Adenocarcinoma
1,1,0.999971866607666,0.545381506004369,APPROVE,Background
0,0,0.9968844056129456,0.5432202833080647,APPROVE,Adipose
6,6,0.8965218663215637,0.4729665058040974,BLOCK,Normal Colon Mucosa
0,0,0.9985939860343933,0.544416989603078,APPROVE,Adipose
8,8,0.9999963045120239,0.5453986125374195,APPROVE,Colorectal Adenocarcinoma
0,0,0.999955415725708,0.5453699903869984,APPROVE,Adipose
3,3,0.9536840915679932,0.512980063476598,APPROVE,Lymphocytes
8,8,0.9991637468338013,0.5448158221626637,APPROVE,Colorectal Adenocarcinoma
4,4,0.9914684295654297,0.5394291000748036,APPROVE,Mucus
8,8,0.9583026766777039,0.5162130730533955,APPROVE,Colorectal Adenocarcinoma
4,4,0.998856782913208,0.5446009474182484,APPROVE,Mucus
3,3,0.9999756813049316,0.545384176292455,APPROVE,Lymphocytes
8,8,0.9999133348464966,0.5453405337715503,APPROVE,Colorectal Adenocarcinoma
1,1,0.999981164932251,0.5453880148315785,APPROVE,Background
6,6,0.6069037318229675,0.2702338116550801,BLOCK,Normal Colon Mucosa
3,3,0.9999992847442627,0.5454006986999866,APPROVE,Lymphocytes
1,1,0.9999474287033081,0.5453643994713184,APPROVE,Background
4,4,0.9969446063041687,0.5432624237919209,APPROVE,Mucus
3,3,0.999955415725708,0.5453699903869984,APPROVE,Lymphocytes
6,6,0.9998797178268433,0.5453170018577931,APPROVE,Normal Colon Mucosa
8,8,0.9996122717857361,0.545129789629018,APPROVE,Colorectal Adenocarcinoma
1,2,0.9997840523719788,0.5452500360393879,APPROVE,Debris
2,2,0.9046411514282227,0.4786500053787587,BLOCK,Debris
5,2,0.9984149932861328,0.5442916946792957,APPROVE,Debris
4,4,0.9999608993530273,0.545373828926122,APPROVE,Mucus
1,1,0.9999868869781494,0.5453920202637074,APPROVE,Background
0,0,0.666398286819458,0.3118800001526234,BLOCK,Adipose
4,4,0.9981783628463745,0.5441260533714649,APPROVE,Mucus
0,0,0.9995002746582031,0.5450513916397449,APPROVE,Adipose
4,4,0.9975183010101318,0.5436640100860951,APPROVE,Mucus
5,7,0.8689623475074768,0.4536748426342365,BLOCK,Cancer-Assoc. Stroma
0,4,0.8289318680763245,0.4256932660960682,BLOCK,Mucus
5,7,0.7112018465995789,0.34328225106234633,BLOCK,Cancer-Assoc. Stroma
8,8,0.9999861717224121,0.5454312786483296,APPROVE,Colorectal Adenocarcinoma
5,5,0.9889394640922546,0.5376985833072194,APPROVE,Smooth Muscle
4,4,0.9998745918273926,0.5453531727218159,APPROVE,Mucus
3,3,0.9999732971191406,0.5454222664260396,APPROVE,Lymphocytes
5,7,0.9932165741920471,0.5406925603770741,APPROVE,Cancer-Assoc. Stroma
8,8,0.9999216794967651,0.5453861340903767,APPROVE,Colorectal Adenocarcinoma
7,7,0.9312400817871094,0.4973090156936177,BLOCK,Cancer-Assoc. Stroma
7,7,0.9999098777770996,0.5453778728866109,APPROVE,Cancer-Assoc. Stroma
3,3,0.999471127986908,0.5450707480334768,APPROVE,Lymphocytes
4,4,0.9999829530715942,0.5454290255927572,APPROVE,Mucus
0,0,0.9999804496765137,0.5454272732162008,APPROVE,Adipose
1,1,0.9999213218688965,0.5453858837508687,APPROVE,Background
3,3,0.9999945163726807,0.5454371199035176,APPROVE,Lymphocytes
0,0,0.9976828098297119,0.5438189253234396,APPROVE,Adipose
6,6,0.9999825954437256,0.5454287752532491,APPROVE,Normal Colon Mucosa
8,8,0.9974260926246643,0.5436392232799062,APPROVE,Colorectal Adenocarcinoma
4,4,0.9989897608757019,0.5447337910556325,APPROVE,Mucus
2,7,0.36264172196388245,0.0992901638173589,BLOCK,Cancer-Assoc. Stroma
3,3,0.9999943971633911,0.5454370364570149,APPROVE,Lymphocytes
6,6,0.9593567848205566,0.5169907078170308,APPROVE,Normal Colon Mucosa
5,7,0.8421745300292969,0.4349631294631489,BLOCK,Cancer-Assoc. Stroma
6,6,0.9998958110809326,0.545368026199294,APPROVE,Normal Colon Mucosa
5,5,0.9997835755348206,0.5452894613170156,APPROVE,Smooth Muscle
8,8,0.9997305274009705,0.5452523276233205,APPROVE,Colorectal Adenocarcinoma
4,4,0.9999966621398926,0.545438621940566,APPROVE,Mucus
5,7,0.422086626291275,0.14090159684653364,BLOCK,Cancer-Assoc. Stroma
0,0,0.39548736810684204,0.12228211611743058,BLOCK,Adipose
4,4,0.9981221556663513,0.5441264674090871,APPROVE,Mucus
4,4,0.9991902709007263,0.5448741480731496,APPROVE,Mucus
1,1,0.9999744892120361,0.5454231008910665,APPROVE,Background
3,3,0.9997157454490662,0.5452403847998893,APPROVE,Lymphocytes
4,4,0.999900221824646,0.5453695182627952,APPROVE,Mucus
6,6,0.7880911827087402,0.39710319088166124,BLOCK,Normal Colon Mucosa
8,8,0.5683112740516663,0.24325725482170948,BLOCK,Colorectal Adenocarcinoma
4,4,0.9927560687065125,0.5403686110801018,APPROVE,Mucus
1,1,0.999901533126831,0.5453704361743248,APPROVE,Background
1,2,0.999678373336792,0.5452142243212975,APPROVE,Debris
0,0,0.9999887943267822,0.5454315190142907,APPROVE,Adipose
8,8,0.9998756647109985,0.5453523282832421,APPROVE,Colorectal Adenocarcinoma
4,4,0.9999994039535522,0.5454389457530296,APPROVE,Mucus
8,8,0.9998471736907959,0.5453323845691002,APPROVE,Colorectal Adenocarcinoma
8,8,0.9999942779541016,0.5454353575534142,APPROVE,Colorectal Adenocarcinoma
4,4,0.9999890327453613,0.545431685907296,APPROVE,Mucus
6,6,0.9999988079071045,0.5454385285205162,APPROVE,Normal Colon Mucosa
1,1,0.999950647354126,0.5454048161334313,APPROVE,Background
8,8,0.9999606609344482,0.5454118256396568,APPROVE,Colorectal Adenocarcinoma
3,3,0.9994716048240662,0.5450694863623894,APPROVE,Lymphocytes
0,0,0.9997376799583435,0.5452557389563836,APPROVE,Adipose
7,7,0.9993323683738708,0.5449720208472527,APPROVE,Cancer-Assoc. Stroma
5,5,0.9999960660934448,0.5454366092509545,APPROVE,Smooth Muscle
8,8,0.9999865293502808,0.5454299335307397,APPROVE,Colorectal Adenocarcinoma
5,5,0.9978380799293518,0.5439260189360894,APPROVE,Smooth Muscle
4,4,0.9996002316474915,0.5451595251387871,APPROVE,Mucus
8,8,0.7022202014923096,0.33699350403015976,BLOCK,Colorectal Adenocarcinoma
0,0,0.9999943971633911,0.5454354409999168,APPROVE,Adipose
4,4,0.9708802103996277,0.5250555102652824,APPROVE,Mucus
3,3,0.9881751537322998,0.537161970598153,APPROVE,Lymphocytes
3,3,0.99937504529953,0.5450018946952141,APPROVE,Lymphocytes
7,7,0.9991900324821472,0.5448723857230461,APPROVE,Cancer-Assoc. Stroma
8,8,0.999997615814209,0.5454376940554894,APPROVE,Colorectal Adenocarcinoma
4,4,0.9998133778572083,0.5453087274855889,APPROVE,Mucus
7,7,0.5924732089042664,0.2601706092185295,BLOCK,Cancer-Assoc. Stroma
6,6,0.9873363375663757,0.5365476452905904,APPROVE,Normal Colon Mucosa
6,6,0.8190468549728394,0.4187450074751149,BLOCK,Normal Colon Mucosa
8,8,0.9968462586402893,0.5432045900423299,APPROVE,Colorectal Adenocarcinoma
4,4,0.9999334812164307,0.5453656458456289,APPROVE,Mucus
4,4,0.9939295053482056,0.5411628627378713,APPROVE,Mucus
0,0,0.9991812109947205,0.5448390566904316,APPROVE,Adipose
6,6,1.0,0.5454122089941273,APPROVE,Normal Colon Mucosa
0,0,0.9834488034248352,0.533826371391512,APPROVE,Adipose
4,4,0.9999643564224243,0.5453872584898244,APPROVE,Mucus
0,0,0.8737785816192627,0.4570572161276112,BLOCK,Adipose
8,8,0.9999613761901855,0.5453851723272573,APPROVE,Colorectal Adenocarcinoma
1,1,0.9999885559082031,0.5454041981298695,APPROVE,Background
5,5,0.9999818801879883,0.5453995251257191,APPROVE,Smooth Muscle
0,0,0.9905479550361633,0.5387957775194416,APPROVE,Adipose
4,4,0.9952605366706848,0.5420945846636067,APPROVE,Mucus
1,1,0.9999591112136841,0.5453835868437062,APPROVE,Background
0,0,0.8791656494140625,0.46082816358397105,BLOCK,Adipose
5,7,0.7383567690849304,0.36226194735357864,BLOCK,Cancer-Assoc. Stroma
8,8,0.9980677962303162,0.5440596663553486,APPROVE,Colorectal Adenocarcinoma
5,5,0.9997624754905701,0.5452459418375264,APPROVE,Smooth Muscle
6,6,0.9999933242797852,0.5454075359899769,APPROVE,Normal Colon Mucosa
0,0,0.9926522374153137,0.540268775184847,APPROVE,Adipose
5,2,0.5440405607223511,0.22624060149977307,BLOCK,Debris
1,1,0.9999337196350098,0.5453658127386342,APPROVE,Background
1,1,0.999985933303833,0.5454023623068105,APPROVE,Background
3,3,0.9999896287918091,0.5454049491483937,APPROVE,Lymphocytes
3,3,0.9998030066490173,0.5452743136484395,APPROVE,Lymphocytes
6,6,0.9999998807907104,0.5454121255476246,APPROVE,Normal Colon Mucosa
6,6,0.997606635093689,0.5437368535597096,APPROVE,Normal Colon Mucosa
0,0,0.9999974966049194,0.5454104566175709,APPROVE,Adipose
4,4,0.999998927116394,0.5454114579756032,APPROVE,Mucus
4,4,0.9998136162757874,0.5452817403871785,APPROVE,Mucus
4,4,0.9993855953216553,0.5450437591811346,APPROVE,Mucus
1,1,0.9999839067459106,0.5454625771781133,APPROVE,Background
0,0,0.9992749094963074,0.544966279103391,APPROVE,Adipose
0,0,0.9113714098930359,0.483433829381101,BLOCK,Adipose
8,8,0.9999903440475464,0.5454670832892583,APPROVE,Colorectal Adenocarcinoma
8,8,0.985325276851654,0.5352015362521337,APPROVE,Colorectal Adenocarcinoma
8,8,0.9993717074394226,0.5450340376635717,APPROVE,Colorectal Adenocarcinoma
0,0,0.9986214637756348,0.5445088670989202,APPROVE,Adipose
8,8,0.9951406717300415,0.542072312667005,APPROVE,Colorectal Adenocarcinoma
8,8,0.9110936522483826,0.4832393990298437,BLOCK,Colorectal Adenocarcinoma
5,4,0.8179247379302979,0.4180211590071844,BLOCK,Mucus
0,0,0.9162679314613342,0.48686139447890986,BLOCK,Adipose
8,8,0.9998488426208496,0.5453680322905706,APPROVE,Colorectal Adenocarcinoma
0,0,0.9999774694442749,0.5454580710669683,APPROVE,Adipose
8,8,0.9995903372764587,0.545187078549497,APPROVE,Colorectal Adenocarcinoma
4,4,0.9922662377357483,0.5400602088709997,APPROVE,Mucus
4,4,0.5307648181915283,0.21700921519004568,BLOCK,Mucus
5,7,0.705285370349884,0.33917360170089467,BLOCK,Cancer-Assoc. Stroma
1,1,0.9998756647109985,0.5453868077536749,APPROVE,Background
1,1,0.9999784231185913,0.5454587386389897,APPROVE,Background
7,7,0.9908509850502014,0.5390695319911168,APPROVE,Cancer-Assoc. Stroma
0,0,0.9999799728393555,0.5454598234435247,APPROVE,Adipose
5,7,0.9932450652122498,0.5407453881045506,APPROVE,Cancer-Assoc. Stroma
6,6,0.9999672174453735,0.5454508946677373,APPROVE,Normal Colon Mucosa
0,0,0.9952325224876404,0.5421366081973241,APPROVE,Adipose
5,5,0.9999539852142334,0.5454416321059392,APPROVE,Smooth Muscle
2,2,0.9987924098968506,0.5446285293837713,APPROVE,Debris
3,3,0.9992159605026245,0.544925014807813,APPROVE,Lymphocytes
0,0,0.9892581105232239,0.5379545198222325,APPROVE,Adipose
0,0,0.9864118099212646,0.5359621094008611,APPROVE,Adipose
8,8,0.9997349381446838,0.5452882991572545,APPROVE,Colorectal Adenocarcinoma
8,8,0.9998378753662109,0.5453603552123235,APPROVE,Colorectal Adenocarcinoma
0,0,0.9997859597206116,0.5452927623736633,APPROVE,Adipose
7,7,0.8944114446640015,0.47153060183403617,BLOCK,Cancer-Assoc. Stroma
6,6,0.9975767731666565,0.5437463317858947,APPROVE,Normal Colon Mucosa
4,4,0.9999490976333618,0.5454069589125884,APPROVE,Mucus
7,7,0.9978773593902588,0.5439567421424163,APPROVE,Cancer-Assoc. Stroma
1,1,0.9998905658721924,0.5453659866797699,APPROVE,Background
7,7,0.5607645511627197,0.23797777638313902,BLOCK,Cancer-Assoc. Stroma
0,0,0.5414796471595764,0.22447834358093868,BLOCK,Adipose
1,1,0.999937891960144,0.545399114941336,APPROVE,Background
6,6,0.9978912472724915,0.5439664636599791,APPROVE,Normal Colon Mucosa
7,7,0.9935123324394226,0.540901223276831,APPROVE,Cancer-Assoc. Stroma
0,0,0.5179724097251892,0.20802327737686768,BLOCK,Adipose
1,1,0.9999850988388062,0.5454321597563995,APPROVE,Background
8,8,0.9994211196899414,0.5450373743521941,APPROVE,Colorectal Adenocarcinoma
7,7,0.9951921701431274,0.5420771096694244,APPROVE,Cancer-Assoc. Stroma
3,3,0.9999505281448364,0.5454079602706207,APPROVE,Lymphocytes
8,8,0.9982278943061829,0.5442021165835632,APPROVE,Colorectal Adenocarcinoma
4,5,0.715336799621582,0.34617835030434263,BLOCK,Smooth Muscle
3,3,0.999503493309021,0.5450950358855499,APPROVE,Lymphocytes
4,4,0.999996542930603,0.5454401706206573,APPROVE,Mucus
0,0,0.9999799728393555,0.545428571556784,APPROVE,Adipose
6,6,0.9533906579017639,0.5128160511004699,APPROVE,Normal Colon Mucosa
0,0,0.9929053783416748,0.5404763554084075,APPROVE,Adipose
6,0,0.5806355476379395,0.2518874739157928,BLOCK,Adipose
8,8,0.9822094440460205,0.5329892014014496,APPROVE,Colorectal Adenocarcinoma
6,4,0.9397026300430298,0.503234431599356,APPROVE,Mucus
0,0,0.9999639987945557,0.5454173897254241,APPROVE,Adipose
8,8,0.9999221563339233,0.5453881000029815,APPROVE,Colorectal Adenocarcinoma
8,8,0.99205482006073,0.5398809646117462,APPROVE,Colorectal Adenocarcinoma
2,7,0.84120112657547,0.43428337917206417,BLOCK,Cancer-Assoc. Stroma
4,4,0.9996531009674072,0.5451997612464202,APPROVE,Mucus
3,8,0.9998630285263062,0.5453467105376495,APPROVE,Colorectal Adenocarcinoma
3,3,0.999983549118042,0.5453805886665132,APPROVE,Lymphocytes
2,2,0.9981293082237244,0.5440826200404908,APPROVE,Debris
6,6,0.9999998807907104,0.545392020837381,APPROVE,Normal Colon Mucosa
1,1,0.9998694658279419,0.5453007303634431,APPROVE,Background
5,0,0.7761108875274658,0.38866972555310986,BLOCK,Adipose
6,6,0.9968416690826416,0.5431812726417329,APPROVE,Normal Colon Mucosa
0,0,0.9998881816864014,0.5453138314643647,APPROVE,Adipose
2,2,0.9979466795921326,0.5439547799983765,APPROVE,Debris
5,5,0.9999983310699463,0.5453909360328462,APPROVE,Smooth Muscle
5,5,0.9999326467514038,0.5453449570098664,APPROVE,Smooth Muscle
1,1,0.9999620914459229,0.5453655682960298,APPROVE,Background
8,8,0.9999818801879883,0.5453794204154755,APPROVE,Colorectal Adenocarcinoma
5,5,0.9995794892311096,0.5450977467456605,APPROVE,Smooth Muscle
2,2,0.9999951124191284,0.5453886829772736,APPROVE,Debris
8,8,0.9994687438011169,0.5450202249446656,APPROVE,Colorectal Adenocarcinoma
4,4,0.9984422326087952,0.5443016671100404,APPROVE,Mucus
0,0,0.9997817873954773,0.5452393554607179,APPROVE,Adipose
1,1,0.9999171495437622,0.5453341089645173,APPROVE,Background
7,7,0.991837203502655,0.5396781467357422,APPROVE,Cancer-Assoc. Stroma
0,0,0.9999958276748657,0.5453891836562897,APPROVE,Adipose
8,8,0.9993746876716614,0.5449543856540467,APPROVE,Colorectal Adenocarcinoma
8,8,0.9994627833366394,0.5450160526195313,APPROVE,Colorectal Adenocarcinoma
5,5,0.9999368190765381,0.5453478776374604,APPROVE,Smooth Muscle
4,4,0.9999971389770508,0.5453901015678193,APPROVE,Mucus
8,8,0.9941943287849426,0.5413281344333436,APPROVE,Colorectal Adenocarcinoma
5,5,0.9998021721839905,0.545253624812677,APPROVE,Smooth Muscle
4,4,0.9996381998062134,0.5451388441482331,APPROVE,Mucus
2,2,0.9999991655349731,0.5453915201583649,APPROVE,Debris
8,8,0.9999725818634033,0.5453729115882661,APPROVE,Colorectal Adenocarcinoma
5,5,0.9999719858169556,0.5453724943557526,APPROVE,Smooth Muscle
1,1,0.9999762773513794,0.5453754984298493,APPROVE,Background
7,7,0.947655975818634,0.5087512873569275,APPROVE,Cancer-Assoc. Stroma
8,8,0.9999614953994751,0.5454443104243385,APPROVE,Colorectal Adenocarcinoma
3,3,0.9999998807907104,0.5454711801982032,APPROVE,Lymphocytes
6,6,0.9999990463256836,0.5454705960726844,APPROVE,Normal Colon Mucosa
0,0,0.9998763799667358,0.5453847296214209,APPROVE,Adipose
0,0,0.9988552331924438,0.5446699268794166,APPROVE,Adipose
3,3,0.9976363182067871,0.5438166863894569,APPROVE,Lymphocytes
3,3,0.9999208450317383,0.5454158551669227,APPROVE,Lymphocytes
5,0,0.4765355587005615,0.17904615473509894,BLOCK,Adipose
4,4,0.9968010187149048,0.5432319767451392,APPROVE,Mucus
5,5,0.9999667406082153,0.5454479820704566,APPROVE,Smooth Muscle
1,1,0.9999793767929077,0.5454568273997413,APPROVE,Background
4,4,0.9999914169311523,0.5454652554965125,APPROVE,Mucus
0,4,0.8076353073120117,0.410815978763114,BLOCK,Mucus
1,5,0.8355909585952759,0.430384934661399,BLOCK,Smooth Muscle
2,2,0.9998537302017212,0.5453688747859107,APPROVE,Debris
4,4,0.8341934084892273,0.42940664958716496,BLOCK,Mucus
8,8,0.9838369488716125,0.5341571278548347,APPROVE,Colorectal Adenocarcinoma
0,0,0.9978526830673218,0.5439681417918312,APPROVE,Adipose
8,8,0.9999451637268066,0.5454328782534705,APPROVE,Colorectal Adenocarcinoma
4,4,1.0,0.5454712636447059,APPROVE,Mucus
8,8,0.9907411336898804,0.5389900572276222,APPROVE,Colorectal Adenocarcinoma
6,6,0.9999886751174927,0.5454633362269508,APPROVE,Normal Colon Mucosa
3,3,0.9998290538787842,0.5453516013598548,APPROVE,Lymphocytes
8,8,0.9985101819038391,0.5444283909773933,APPROVE,Colorectal Adenocarcinoma
0,0,0.9997507929801941,0.5452968187308418,APPROVE,Adipose
8,8,0.8422120213508606,0.43501967859030827,BLOCK,Colorectal Adenocarcinoma
0,0,0.9932367205619812,0.5407369680380927,APPROVE,Adipose
3,8,0.9392721056938171,0.5029617376303779,APPROVE,Colorectal Adenocarcinoma
8,8,0.9999628067016602,0.545445228335868,APPROVE,Colorectal Adenocarcinoma
5,7,0.9498395919799805,0.5103589780306922,APPROVE,Cancer-Assoc. Stroma
1,1,0.999957799911499,0.5454417235827552,APPROVE,Background
2,2,0.9996321201324463,0.5452137477374183,APPROVE,Debris
1,1,0.9999488592147827,0.5453530125496538,APPROVE,Background
1,1,0.9999202489852905,0.5453329853890093,APPROVE,Background
0,0,0.9888160228729248,0.5375600271103533,APPROVE,Adipose
8,8,0.9753261804580688,0.5281171374199541,APPROVE,Colorectal Adenocarcinoma
8,8,0.9994237422943115,0.544985430705324,APPROVE,Colorectal Adenocarcinoma
0,0,0.9999891519546509,0.5453812174675615,APPROVE,Adipose
5,5,0.9999840259552002,0.5453776292679461,APPROVE,Smooth Muscle
6,6,0.9999886751174927,0.5453808836815508,APPROVE,Normal Colon Mucosa
3,3,0.9958284497261047,0.5424687259075792,APPROVE,Lymphocytes
8,8,0.9972946047782898,0.5434950344441087,APPROVE,Colorectal Adenocarcinoma
8,8,0.9999885559082031,0.5453808002350481,APPROVE,Colorectal Adenocarcinoma
1,1,0.9998832941055298,0.5453071169731768,APPROVE,Background
4,4,0.9978207349777222,0.5438633255837114,APPROVE,Mucus
0,0,0.9999932050704956,0.5453840546486528,APPROVE,Adipose
0,0,0.9987181425094604,0.5444915108559283,APPROVE,Adipose
0,0,0.9999880790710449,0.5453804664490374,APPROVE,Adipose
4,4,0.9993531107902527,0.5449359886524828,APPROVE,Mucus
8,8,0.999968409538269,0.5453666977760943,APPROVE,Colorectal Adenocarcinoma
5,5,0.9998724460601807,0.5452995233414324,APPROVE,Smooth Muscle
6,6,0.9816617369651794,0.5325520269749315,APPROVE,Normal Colon Mucosa
5,2,0.9573147296905518,0.5155091218826922,APPROVE,Debris
2,2,0.9984801411628723,0.5443249099133165,APPROVE,Debris
5,5,0.9998611211776733,0.5452915959236773,APPROVE,Smooth Muscle
7,7,0.8089762330055237,0.4116721742031724,BLOCK,Cancer-Assoc. Stroma
3,3,0.9999971389770508,0.5453868083832415,APPROVE,Lymphocytes
8,8,0.9999822378158569,0.5453763775704058,APPROVE,Colorectal Adenocarcinoma
3,3,0.9991868138313293,0.5448195807812365,APPROVE,Lymphocytes
6,6,0.9999964237213135,0.5453863077042254,APPROVE,Normal Colon Mucosa
4,4,0.9999988079071045,0.5453879766342791,APPROVE,Mucus
0,0,0.9872586131095886,0.536469840276018,APPROVE,Adipose
8,8,0.9999898672103882,0.5453817181465777,APPROVE,Colorectal Adenocarcinoma
8,8,0.9998444318771362,0.5452799134133013,APPROVE,Colorectal Adenocarcinoma
8,8,0.9998626708984375,0.5453556817980995,APPROVE,Colorectal Adenocarcinoma
0,0,0.9999517202377319,0.5454180163356056,APPROVE,Adipose
6,6,0.9997925162315369,0.5453065735312691,APPROVE,Normal Colon Mucosa
0,0,0.9999839067459106,0.5454405468913307,APPROVE,Adipose
8,8,0.9999517202377319,0.5454180163356056,APPROVE,Colorectal Adenocarcinoma
0,0,0.9999816417694092,0.5454389614077797,APPROVE,Adipose
5,7,0.38683590292930603,0.1162369442197075,BLOCK,Cancer-Assoc. Stroma
5,5,0.9999856948852539,0.545441798588871,APPROVE,Smooth Muscle
4,4,0.9993516802787781,0.5449979883643379,APPROVE,Mucus
4,4,0.9999467134475708,0.5454145115824928,APPROVE,Mucus
8,8,0.9728972315788269,0.526479874274372,APPROVE,Colorectal Adenocarcinoma
6,6,0.5371774435043335,0.2214760226222267,BLOCK,Normal Colon Mucosa
0,0,0.9999163150787354,0.545393232724308,APPROVE,Adipose
8,8,0.9999493360519409,0.5454163474055519,APPROVE,Colorectal Adenocarcinoma
0,0,0.9594244956970215,0.5170489591571082,APPROVE,Adipose
8,8,0.9999790191650391,0.5454371255847206,APPROVE,Colorectal Adenocarcinoma
4,4,0.9346216917037964,0.49968699636185077,BLOCK,Mucus
0,0,0.9943819642066956,0.5415191871138801,APPROVE,Adipose
0,0,0.8998649716377258,0.4753572923156013,BLOCK,Adipose
8,7,0.6324164867401123,0.2881433528872719,BLOCK,Cancer-Assoc. Stroma
6,6,0.9999637603759766,0.5454264444323769,APPROVE,Normal Colon Mucosa
5,5,0.987211287021637,0.5364997130843391,APPROVE,Smooth Muscle
8,8,0.9999575614929199,0.5454221052142372,APPROVE,Colorectal Adenocarcinoma
1,1,0.999932050704956,0.5454042476626625,APPROVE,Background
2,2,0.9997372031211853,0.5452678543540229,APPROVE,Debris
3,3,0.9999306201934814,0.5454032463046302,APPROVE,Lymphocytes
0,0,0.9991410970687866,0.5448505801173439,APPROVE,Adipose
7,7,0.999962568283081,0.54542560996735,APPROVE,Cancer-Assoc. Stroma
0,0,0.9494697451591492,0.5100806337805976,APPROVE,Adipose
5,2,0.641139566898346,0.2942495089980354,BLOCK,Debris
0,0,0.9989915490150452,0.5447458964797248,APPROVE,Adipose
7,2,0.5552603006362915,0.23413402261459731,BLOCK,Debris
0,0,0.8639236688613892,0.4502048365326861,BLOCK,Adipose
7,7,0.9387052655220032,0.502551954195116,APPROVE,Cancer-Assoc. Stroma
4,5,0.7821762561798096,0.39298164765558047,BLOCK,Smooth Muscle
1,1,0.9999836683273315,0.5454468361588458,APPROVE,Background
4,4,0.9999439716339111,0.5454190484734516,APPROVE,Mucus
4,4,0.9999974966049194,0.5454565159531574,APPROVE,Mucus
6,6,0.9999978542327881,0.5454567662926655,APPROVE,Normal Colon Mucosa
4,4,0.9999972581863403,0.5454563490601521,APPROVE,Mucus
4,4,0.9985126852989197,0.5444171480389576,APPROVE,Mucus
0,0,0.9999817609786987,0.5454455010148029,APPROVE,Adipose
5,5,0.9999562501907349,0.5454276434632281,APPROVE,Smooth Muscle
1,1,0.9999830722808838,0.5454464189263324,APPROVE,Background
6,6,0.9999985694885254,0.5454572669716815,APPROVE,Normal Colon Mucosa
4,4,0.9999788999557495,0.5454434982987384,APPROVE,Mucus
4,4,0.9989991784095764,0.5447576932164173,APPROVE,Mucus
6,6,0.9987459182739258,0.5445804111214618,APPROVE,Normal Colon Mucosa
6,6,0.9999328851699829,0.5454112879487019,APPROVE,Normal Colon Mucosa
0,0,0.9999903440475464,0.5454515091629962,APPROVE,Adipose
8,8,0.9999947547912598,0.5454545966835956,APPROVE,Colorectal Adenocarcinoma
6,6,0.9424330592155457,0.5051614097805958,APPROVE,Normal Colon Mucosa
6,6,0.7722264528274536,0.3860167853089313,BLOCK,Normal Colon Mucosa
8,8,0.9983844757080078,0.5443274013253192,APPROVE,Colorectal Adenocarcinoma
6,6,0.9999767541885376,0.5454419962616901,APPROVE,Normal Colon Mucosa
8,8,0.9996941089630127,0.5452441446038226,APPROVE,Colorectal Adenocarcinoma
2,7,0.8706231117248535,0.45489444653711114,BLOCK,Cancer-Assoc. Stroma
8,8,0.9999146461486816,0.5453985206337909,APPROVE,Colorectal Adenocarcinoma
5,5,0.998480498790741,0.5443946174832325,APPROVE,Smooth Muscle
1,1,0.9999643564224243,0.5454333178254108,APPROVE,Background
0,0,0.9158449769020081,0.48654975216111934,BLOCK,Adipose
8,8,0.9993095397949219,0.544974946186159,APPROVE,Colorectal Adenocarcinoma
1,1,0.9999769926071167,0.5454421631546955,APPROVE,Background
0,0,0.9748525619506836,0.5278550616951923,APPROVE,Adipose
6,6,0.9751996397972107,0.5280372469560483,APPROVE,Normal Colon Mucosa
3,3,0.9998012185096741,0.5452583520547726,APPROVE,Lymphocytes
1,1,0.9999837875366211,0.5453861503736355,APPROVE,Background
2,2,0.9840520620346069,0.5342339425222256,APPROVE,Debris
4,4,0.7883660793304443,0.3972537546293118,BLOCK,Mucus
3,3,0.9999997615814209,0.5453973322049953,APPROVE,Lymphocytes
1,1,0.9999864101409912,0.5453879861966946,APPROVE,Background
4,4,0.9993376135826111,0.5449338286058285,APPROVE,Mucus
6,6,0.9999910593032837,0.5453912406102993,APPROVE,Normal Colon Mucosa
5,0,0.6525399088859558,0.3021754353181698,BLOCK,Adipose
0,0,0.976441502571106,0.5289065508977749,APPROVE,Adipose
0,0,0.9884060621261597,0.5372817425863124,APPROVE,Adipose
6,6,0.9999799728393555,0.5453834800855496,APPROVE,Normal Colon Mucosa
0,0,0.9998921155929565,0.5453219800130703,APPROVE,Adipose
7,7,0.9976173043251038,0.5437296121255734,APPROVE,Cancer-Assoc. Stroma
5,5,0.999810516834259,0.545264860881982,APPROVE,Smooth Muscle
6,6,0.6631378531455994,0.3095939962999203,BLOCK,Normal Colon Mucosa
6,6,0.999998927116394,0.5453967480794766,APPROVE,Normal Colon Mucosa
6,6,0.9998456239700317,0.5452894358770229,APPROVE,Normal Colon Mucosa
6,6,1.0,0.5453974990980007,APPROVE,Normal Colon Mucosa
5,5,0.999275267124176,0.5448901860849239,APPROVE,Smooth Muscle
1,1,0.9999654293060303,0.5453732996122219,APPROVE,Background
7,7,0.9752179384231567,0.5280500559942104,APPROVE,Cancer-Assoc. Stroma
8,8,0.9999992847442627,0.5453969984189846,APPROVE,Colorectal Adenocarcinoma
7,5,0.8491915464401245,0.43983158160608793,BLOCK,Smooth Muscle
4,5,0.7673824429512024,0.3825652091638424,BLOCK,Smooth Muscle
4,4,0.999733030796051,0.5452106206552364,APPROVE,Mucus
6,6,1.0,0.5453974990980007,APPROVE,Normal Colon Mucosa
5,5,0.9941630959510803,0.5413116662637569,APPROVE,Smooth Muscle
0,0,0.8883681297302246,0.46725518990915793,BLOCK,Adipose
1,1,0.999963641166687,0.5453720479146816,APPROVE,Background
5,5,0.999992847442627,0.5453924923078396,APPROVE,Smooth Muscle
5,5,0.9995529055595398,0.5451482573293202,APPROVE,Smooth Muscle
3,3,0.9951741099357605,0.5420831003926746,APPROVE,Lymphocytes
3,3,0.9999929666519165,0.5454563000939838,APPROVE,Lymphocytes
3,3,0.9521961212158203,0.5119985082887165,APPROVE,Lymphocytes
1,1,0.9999887943267822,0.5454533794663898,APPROVE,Background
5,0,0.8773547410964966,0.45960954220518985,BLOCK,Adipose
2,2,0.9977864027023315,0.5439117053292744,APPROVE,Debris
8,8,0.9999943971633911,0.545457301452016,APPROVE,Colorectal Adenocarcinoma
0,0,0.9438608884811401,0.5061638453744404,APPROVE,Adipose
1,1,0.999974250793457,0.5454431989930622,APPROVE,Background
8,8,0.999953031539917,0.5454283455155842,APPROVE,Colorectal Adenocarcinoma
6,6,0.587516188621521,0.2567225554727069,BLOCK,Normal Colon Mucosa
7,7,0.9507937431335449,0.5110168436311237,APPROVE,Cancer-Assoc. Stroma
0,0,0.9999921321868896,0.545455715968465,APPROVE,Adipose
8,8,0.9997406601905823,0.5452796855710499,APPROVE,Colorectal Adenocarcinoma
3,3,0.9992809891700745,0.5449579158566944,APPROVE,Lymphocytes
4,4,0.9999750852584839,0.545443783118581,APPROVE,Mucus
4,4,0.9990590214729309,0.5448025384686939,APPROVE,Mucus
0,0,0.9999809265136719,0.5454478719972126,APPROVE,Adipose
6,6,0.9999996423721313,0.5454609730981342,APPROVE,Normal Colon Mucosa
1,1,0.9999419450759888,0.5454205849908343,APPROVE,Background
8,8,0.9997431635856628,0.5452814379476062,APPROVE,Colorectal Adenocarcinoma
6,6,0.9999991655349731,0.5454606393121234,APPROVE,Normal Colon Mucosa
1,1,0.9999256134033203,0.5454091528199665,APPROVE,Background
8,8,0.9780814051628113,0.5301182070516102,APPROVE,Colorectal Adenocarcinoma
5,7,0.9622582793235779,0.5190420189641468,APPROVE,Cancer-Assoc. Stroma
8,8,0.9965522289276123,0.5430477836869708,APPROVE,Colorectal Adenocarcinoma
4,4,0.9881142973899841,0.5371412316106311,APPROVE,Mucus
0,0,0.9998294115066528,0.5453418114922992,APPROVE,Adipose
1,1,0.9997839331626892,0.5453099766515247,APPROVE,Background
3,3,0.9999995231628418,0.5454608896516315,APPROVE,Lymphocytes
1,1,0.9999356269836426,0.545416162326192,APPROVE,Background
6,6,1.0,0.5454428298026839,APPROVE,Normal Colon Mucosa
0,0,0.9998881816864014,0.5453645569831649,APPROVE,Adipose
5,5,0.9998515844345093,0.5453389389068404,APPROVE,Smooth Muscle
8,8,0.9980668425559998,0.5440896195918837,APPROVE,Colorectal Adenocarcinoma
4,4,0.9999717473983765,0.5454230529815474,APPROVE,Mucus
8,8,0.9968336224555969,0.5432263655216018,APPROVE,Colorectal Adenocarcinoma
1,5,0.866127073764801,0.4517317814380446,BLOCK,Smooth Muscle
6,8,0.7964036464691162,0.40292538233106523,BLOCK,Colorectal Adenocarcinoma
1,1,0.9999842643737793,0.5454318148643293,APPROVE,Background
6,6,0.9319843053817749,0.49783184356992627,BLOCK,Normal Colon Mucosa
1,1,0.9999788999557495,0.5454280597717085,APPROVE,Background
6,6,0.9892106056213379,0.5378902537376204,APPROVE,Normal Colon Mucosa
0,0,0.9994046688079834,0.5450260979682723,APPROVE,Adipose
6,6,0.9999995231628418,0.5454424960166732,APPROVE,Normal Colon Mucosa
7,7,0.9977529644966125,0.5438699049503126,APPROVE,Cancer-Assoc. Stroma
6,6,0.9993997812271118,0.5450226766616622,APPROVE,Normal Colon Mucosa
8,8,0.9999938011169434,0.5454384905845442,APPROVE,Colorectal Adenocarcinoma
8,8,0.9991533756256104,0.5448501927406111,APPROVE,Colorectal Adenocarcinoma
8,8,0.9601511359214783,0.5175486249477187,APPROVE,Colorectal Adenocarcinoma
5,5,0.999901294708252,0.5453737360984603,APPROVE,Smooth Muscle
5,5,0.9999164342880249,0.5453843338043013,APPROVE,Smooth Muscle
6,6,1.0,0.5454428298026839,APPROVE,Normal Colon Mucosa
4,4,0.9937746524810791,0.5410850865394392,APPROVE,Mucus
8,8,0.9999668598175049,0.5454196316749373,APPROVE,Colorectal Adenocarcinoma
4,4,0.992055356502533,0.5398815793544569,APPROVE,Mucus
4,4,0.9999459981918335,0.5454050285369674,APPROVE,Mucus
5,5,0.9999784231185913,0.5454277259856978,APPROVE,Smooth Muscle
8,8,0.9996737241744995,0.5452144367248335,APPROVE,Colorectal Adenocarcinoma
8,8,0.8198049068450928,0.4193062645942488,BLOCK,Colorectal Adenocarcinoma
7,7,0.7989462614059448,0.40470521278684524,BLOCK,Cancer-Assoc. Stroma
4,7,0.8317563533782959,0.427672277167491,BLOCK,Cancer-Assoc. Stroma
0,0,0.9992713332176208,0.5449327630550185,APPROVE,Adipose
5,5,0.9999765157699585,0.5453772656749383,APPROVE,Smooth Muscle
3,3,0.9999884366989136,0.5453856103252068,APPROVE,Lymphocytes
6,6,0.9999997615814209,0.545393537742962,APPROVE,Normal Colon Mucosa
0,0,0.9999152421951294,0.5453343741725579,APPROVE,Adipose
4,4,0.9999210834503174,0.5453384630511895,APPROVE,Mucus
3,3,0.9993922710418701,0.5449682943652765,APPROVE,Lymphocytes
0,0,0.9934102892875671,0.5407809071372643,APPROVE,Adipose
1,1,0.9999558925628662,0.5453628294299737,APPROVE,Background
8,8,0.9994996786117554,0.5450434796641961,APPROVE,Colorectal Adenocarcinoma
4,4,0.9999996423721313,0.5453934542964594,APPROVE,Mucus
5,5,0.9999598264694214,0.5453655831645623,APPROVE,Smooth Muscle
0,0,0.8210746645927429,0.4201459698508873,BLOCK,Adipose
3,3,0.9999611377716064,0.5453665010760919,APPROVE,Lymphocytes
8,8,0.8450745344161987,0.43694587872730645,BLOCK,Colorectal Adenocarcinoma
5,5,0.9995551705360413,0.5450823240111963,APPROVE,Smooth Muscle
5,5,0.9996035695075989,0.5451162032912866,APPROVE,Smooth Muscle
5,5,0.9998238682746887,0.5452704124282495,APPROVE,Smooth Muscle
5,0,0.49029648303985596,0.18860124276386653,BLOCK,Adipose
5,5,0.9999858140945435,0.5453837745021478,APPROVE,Smooth Muscle
8,8,0.999992847442627,0.5453886978458062,APPROVE,Colorectal Adenocarcinoma
8,8,0.9999814033508301,0.5453806869815484,APPROVE,Colorectal Adenocarcinoma
8,8,0.999994158744812,0.5453896157573358,APPROVE,Colorectal Adenocarcinoma
5,7,0.9872970581054688,0.5365016453097955,APPROVE,Cancer-Assoc. Stroma
8,8,0.9999972581863403,0.5453917853664056,APPROVE,Colorectal Adenocarcinoma
6,6,0.9999183416366577,0.5453365437816278,APPROVE,Normal Colon Mucosa
1,1,0.9999275207519531,0.5453429691623346,APPROVE,Background
5,5,0.9999709129333496,0.5453733436893121,APPROVE,Smooth Muscle
0,0,0.9999861717224121,0.5453840248416558,APPROVE,Adipose
0,0,0.9770282506942749,0.5293134801219598,APPROVE,Adipose
4,4,0.9999964237213135,0.5453912012408868,APPROVE,Mucus
0,0,0.9999995231628418,0.5453933708499566,APPROVE,Adipose
7,7,0.531884491443634,0.21771284864651114,BLOCK,Cancer-Assoc. Stroma
8,8,0.773099422454834,0.38663554034231423,BLOCK,Colorectal Adenocarcinoma
3,3,0.9986734390258789,0.5445373519420458,APPROVE,Lymphocytes
0,0,0.9944209456443787,0.5415606065749956,APPROVE,Adipose
0,0,0.9979760050773621,0.5440491481780839,APPROVE,Adipose
4,4,0.9999402761459351,0.545424137926085,APPROVE,Mucus
5,7,0.525139331817627,0.2130634768962693,BLOCK,Cancer-Assoc. Stroma
6,6,0.999992847442627,0.5454609378337694,APPROVE,Normal Colon Mucosa
8,8,0.9999144077301025,0.5454060300350023,APPROVE,Colorectal Adenocarcinoma
0,0,0.9999967813491821,0.545463691568358,APPROVE,Adipose
1,1,0.9999877214431763,0.5454573496341539,APPROVE,Background
6,6,0.9973713159561157,0.5436258657932115,APPROVE,Normal Colon Mucosa
4,4,0.9636766910552979,0.520039628362639,APPROVE,Mucus
1,1,0.9999456405639648,0.5454278930187059,APPROVE,Background
4,4,0.9991080164909363,0.5448415561675859,APPROVE,Mucus
8,8,0.9986189603805542,0.5444992168903184,APPROVE,Colorectal Adenocarcinoma
1,1,0.9999793767929077,0.5454515083789659,APPROVE,Background
4,5,0.8792725801467896,0.46095675072668313,BLOCK,Smooth Muscle
0,0,0.7936863303184509,0.40104637584684605,BLOCK,Adipose
0,0,0.9965967535972595,0.5430836721420121,APPROVE,Adipose
1,1,0.9999579191207886,0.5454364880084825,APPROVE,Background
5,5,0.9999699592590332,0.5454449161052537,APPROVE,Smooth Muscle
3,3,0.9771604537963867,0.5294782622814012,APPROVE,Lymphocytes
4,4,0.9999784231185913,0.5454508408069444,APPROVE,Mucus
4,4,0.9991900324821472,0.5448989673614335,APPROVE,Mucus
1,1,0.9999208450317383,0.5454105361461473,APPROVE,Background
3,3,0.9999936819076538,0.5454615219592882,APPROVE,Lymphocytes
1,1,0.9999334812164307,0.545419381475432,APPROVE,Background
8,8,0.9544652700424194,0.5135916336536241,APPROVE,Colorectal Adenocarcinoma
1,5,0.5377655625343323,0.22190183839796307,BLOCK,Smooth Muscle
6,6,0.9999998807907104,0.5454658611774278,APPROVE,Normal Colon Mucosa
0,0,0.9983604550361633,0.5443182631492448,APPROVE,Adipose
0,0,0.9527639150619507,0.512400685167296,APPROVE,Adipose
3,3,0.8916304111480713,0.4695533558252765,BLOCK,Lymphocytes
0,0,0.9984651803970337,0.5443376942995501,APPROVE,Adipose
1,1,0.9999740123748779,0.5453938766840412,APPROVE,Background
6,6,0.9999278783798218,0.5453615828875018,APPROVE,Normal Colon Mucosa
4,4,0.99998939037323,0.5454046412828876,APPROVE,Mucus
8,8,0.9999982118606567,0.5454108163240863,APPROVE,Colorectal Adenocarcinoma
8,7,0.7464960217475891,0.36795928324493904,BLOCK,Cancer-Assoc. Stroma
0,0,0.6490822434425354,0.2997696384314014,BLOCK,Adipose
8,8,0.999957799911499,0.5453825279596759,APPROVE,Colorectal Adenocarcinoma
0,0,0.9990044236183167,0.5447151645544482,APPROVE,Adipose
4,5,0.5931412577629089,0.2606109484556629,BLOCK,Smooth Muscle
5,5,0.7398205399513245,0.3632864459875537,BLOCK,Smooth Muscle
8,8,0.9999858140945435,0.545402137887807,APPROVE,Colorectal Adenocarcinoma
1,1,0.9999535083770752,0.5453795238855792,APPROVE,Background
0,0,0.9999951124191284,0.5454086467150164,APPROVE,Adipose
4,4,0.8881325125694275,0.46710482682022586,BLOCK,Mucus
2,2,0.9999970197677612,0.5454099818590594,APPROVE,Debris
8,8,0.9996603727340698,0.5451743289354755,APPROVE,Colorectal Adenocarcinoma
7,7,0.799965500831604,0.4053879186037494,BLOCK,Cancer-Assoc. Stroma
4,4,0.9995920062065125,0.5451264723661853,APPROVE,Mucus
6,6,0.9801874756813049,0.53154330099854,APPROVE,Normal Colon Mucosa
0,0,0.6923140287399292,0.33003188813957707,BLOCK,Adipose
4,4,0.9999972581863403,0.5454101487520648,APPROVE,Mucus
5,5,0.9822027683258057,0.5329540058496905,APPROVE,Smooth Muscle
4,4,0.9996824264526367,0.5451897665384723,APPROVE,Mucus
8,8,0.9759925603866577,0.528606860292287,APPROVE,Colorectal Adenocarcinoma
6,6,0.991054117679596,0.5391499503973437,APPROVE,Normal Colon Mucosa
3,3,0.9996230602264404,0.5451482101801348,APPROVE,Lymphocytes
8,8,0.9999310970306396,0.5453638359430744,APPROVE,Colorectal Adenocarcinoma
7,7,0.6932191252708435,0.3306654557112171,BLOCK,Cancer-Assoc. Stroma
1,1,0.9999630451202393,0.545386199605794,APPROVE,Background
2,2,0.9995608925819397,0.5451046928289843,APPROVE,Debris
4,4,0.9997374415397644,0.545270820073786,APPROVE,Mucus
5,5,0.9905350804328918,0.5388291672989752,APPROVE,Smooth Muscle
2,2,0.9997294545173645,0.545265229158106,APPROVE,Debris
1,1,0.9998993873596191,0.5453841821476844,APPROVE,Background
7,5,0.6300492882728577,0.2864891127869514,BLOCK,Smooth Muscle
4,4,0.977360725402832,0.5296071187779333,APPROVE,Mucus
8,8,0.999446451663971,0.5450671271607306,APPROVE,Colorectal Adenocarcinoma
1,1,0.9998739957809448,0.5453664080426123,APPROVE,Background
5,5,0.999871015548706,0.5453643218800451,APPROVE,Smooth Muscle
2,3,0.5626171827316284,0.23928663890809093,BLOCK,Lymphocytes
0,0,0.9950273633003235,0.5419737653061774,APPROVE,Adipose
8,8,0.9997649788856506,0.5452900962159064,APPROVE,Colorectal Adenocarcinoma
2,2,0.9998243451118469,0.5453316525742438,APPROVE,Debris
8,8,0.9998550415039062,0.5453531400486853,APPROVE,Colorectal Adenocarcinoma
4,5,0.5231817960739136,0.21168186824769053,BLOCK,Smooth Muscle
4,4,0.9935306906700134,0.5409260944649603,APPROVE,Mucus
8,8,0.9999862909317017,0.5454450146481421,APPROVE,Colorectal Adenocarcinoma
7,7,0.9999498128890991,0.5454194800183203,APPROVE,Cancer-Assoc. Stroma
6,6,0.9998016953468323,0.5453157977387335,APPROVE,Normal Colon Mucosa
8,8,0.9999414682388306,0.5454136387631323,APPROVE,Colorectal Adenocarcinoma
3,3,0.9994199275970459,0.545048560313883,APPROVE,Lymphocytes
6,6,0.9999773502349854,0.5454387561604407,APPROVE,Normal Colon Mucosa
6,6,0.9999997615814209,0.5454544441029455,APPROVE,Normal Colon Mucosa
6,6,0.9999998807907104,0.5454545275494482,APPROVE,Normal Colon Mucosa
4,4,0.994019627571106,0.5412683502957251,APPROVE,Mucus
5,5,0.992675244808197,0.5403272823616888,APPROVE,Smooth Muscle
4,4,0.9998960494995117,0.5453818456456091,APPROVE,Mucus
2,2,0.9999276399612427,0.5454039589688208,APPROVE,Debris
3,3,0.9668791890144348,0.5222700433060553,APPROVE,Lymphocytes
6,6,0.9999793767929077,0.5454401747509864,APPROVE,Normal Colon Mucosa
8,8,0.9999681711196899,0.5454323307797339,APPROVE,Colorectal Adenocarcinoma
6,6,1.0,0.5454546109959509,APPROVE,Normal Colon Mucosa
6,6,0.8303672075271606,0.42668840058284035,BLOCK,Normal Colon Mucosa
3,3,0.9999263286590576,0.5453797853751682,APPROVE,Lymphocytes
4,4,0.9983969330787659,0.5443092084689639,APPROVE,Mucus
1,1,0.999896764755249,0.5453590906425021,APPROVE,Background
3,3,0.9999536275863647,0.5453988946242831,APPROVE,Lymphocytes
0,0,0.9979546070098877,0.5439995802207492,APPROVE,Adipose
6,6,0.9998735189437866,0.5453428185744784,APPROVE,Normal Colon Mucosa
1,1,0.999971866607666,0.545411661939194,APPROVE,Background
5,5,0.9999412298202515,0.5453902161880039,APPROVE,Smooth Muscle
1,5,0.6754460334777832,0.31824357874827613,BLOCK,Smooth Muscle
3,3,0.9630336761474609,0.5195549286170504,APPROVE,Lymphocytes
1,1,0.9999306201934814,0.5453827894492648,APPROVE,Background
7,7,0.9886196851730347,0.5374651349349521,APPROVE,Cancer-Assoc. Stroma
0,0,0.9974038004875183,0.5436140156550906,APPROVE,Adipose
6,6,0.9961983561515808,0.5427702046199344,APPROVE,Normal Colon Mucosa
4,4,0.9976377487182617,0.543777779416611,APPROVE,Mucus
1,1,0.9999397993087769,0.5453892148299716,APPROVE,Background
0,0,0.9666897654533386,0.5221141911311649,APPROVE,Adipose
6,6,0.9841554164886475,0.534340146855881,APPROVE,Normal Colon Mucosa
8,8,0.982166588306427,0.5329479671283267,APPROVE,Colorectal Adenocarcinoma
7,7,0.9999423027038574,0.545390967206528,APPROVE,Cancer-Assoc. Stroma
1,1,0.999951958656311,0.5453977263732456,APPROVE,Background
8,8,0.9977025389671326,0.5438231325908206,APPROVE,Colorectal Adenocarcinoma
5,2,0.9755521416664124,0.5283178544803164,APPROVE,Debris
0,0,0.8912546038627625,0.4693095780177616,BLOCK,Adipose
5,5,0.6718664169311523,0.3157378471656345,BLOCK,Smooth Muscle
7,7,0.5515044927597046,0.23148450024562112,BLOCK,Cancer-Assoc. Stroma
0,0,0.9999076128005981,0.5453666842742465,APPROVE,Adipose
8,8,0.9999479055404663,0.5453948891921542,APPROVE,Colorectal Adenocarcinoma
1,1,0.9994101524353027,0.5450184620185398,APPROVE,Background
8,8,0.9998879432678223,0.5453529156013034,APPROVE,Colorectal Adenocarcinoma
5,5,0.999890923500061,0.5453550017638705,APPROVE,Smooth Muscle
4,4,0.9997826218605042,0.5452532513357592,APPROVE,Mucus
8,8,0.9993721842765808,0.5449659450270129,APPROVE,Colorectal Adenocarcinoma
8,8,0.9998430013656616,0.5452955169893694,APPROVE,Colorectal Adenocarcinoma
3,3,0.9999980926513672,0.5454040808893633,APPROVE,Lymphocytes
2,2,0.9992526173591614,0.5448822481848192,APPROVE,Debris
8,8,0.9999779462814331,0.5453899784304095,APPROVE,Colorectal Adenocarcinoma
8,8,0.9990144968032837,0.5447155637957048,APPROVE,Colorectal Adenocarcinoma
6,6,0.7308909296989441,0.3570290668226672,BLOCK,Normal Colon Mucosa
8,8,0.9999707937240601,0.5453849716402484,APPROVE,Colorectal Adenocarcinoma
6,6,0.9999998807907104,0.5454053325869036,APPROVE,Normal Colon Mucosa
5,5,0.9975394010543823,0.5436829967714739,APPROVE,Smooth Muscle
8,8,0.9927692413330078,0.5403438849665118,APPROVE,Colorectal Adenocarcinoma
6,4,0.2874033749103546,0.04658777847065454,BLOCK,Mucus
8,8,0.9999469518661499,0.5453682823397112,APPROVE,Colorectal Adenocarcinoma
4,4,0.9956169128417969,0.5423372550226642,APPROVE,Mucus
1,1,0.9999856948852539,0.545395402453084,APPROVE,Background
8,8,0.9998268485069275,0.5452842099882556,APPROVE,Colorectal Adenocarcinoma
4,4,0.999303936958313,0.5449181719042254,APPROVE,Mucus
1,1,0.9999349117279053,0.54535985424294,APPROVE,Background
1,1,0.9999555349349976,0.5453742904879046,APPROVE,Background
3,3,0.9999730587005615,0.5453865571237994,APPROVE,Lymphocytes
5,0,0.764086127281189,0.3802657051302386,BLOCK,Adipose
6,6,0.9999996423721313,0.5454051656938983,APPROVE,Normal Colon Mucosa
4,4,0.9997910857200623,0.5452591760374499,APPROVE,Mucus
4,4,0.9992774128913879,0.5448996050573779,APPROVE,Mucus
3,3,0.9998511075973511,0.5453011913515521,APPROVE,Lymphocytes
0,0,0.9993013143539429,0.5449163360811663,APPROVE,Adipose
5,7,0.8605767488479614,0.44780914022697926,BLOCK,Cancer-Assoc. Stroma
4,4,0.9999995231628418,0.5454050822473956,APPROVE,Mucus
6,6,0.6779838800430298,0.31999413206352717,BLOCK,Normal Colon Mucosa
7,7,0.9927534461021423,0.5403328283049059,APPROVE,Cancer-Assoc. Stroma
0,0,0.9997453093528748,0.5452271325804187,APPROVE,Adipose
5,5,0.9998586177825928,0.5453136633725804,APPROVE,Smooth Muscle
8,8,0.9999454021453857,0.5453744124265355,APPROVE,Colorectal Adenocarcinoma
0,0,0.9999969005584717,0.5454104613156956,APPROVE,Adipose
6,4,0.48689037561416626,0.1862358938546819,BLOCK,Mucus
8,8,0.9999973773956299,0.5454107951017063,APPROVE,Colorectal Adenocarcinoma
6,6,0.9999998807907104,0.5454125474782627,APPROVE,Normal Colon Mucosa
0,0,0.9893710613250732,0.5379723738523167,APPROVE,Adipose
8,8,0.9455326795578003,0.5072855066152256,APPROVE,Colorectal Adenocarcinoma
1,1,0.9999867677688599,0.5454033683629673,APPROVE,Background
0,0,0.9999867677688599,0.5454033683629673,APPROVE,Adipose
3,8,0.8919440507888794,0.4697734664769811,BLOCK,Colorectal Adenocarcinoma
3,3,0.9999990463256836,0.545411963352744,APPROVE,Lymphocytes
8,8,0.9999902248382568,0.5454057883115452,APPROVE,Colorectal Adenocarcinoma
8,8,0.9991340041160583,0.5448064338060062,APPROVE,Colorectal Adenocarcinoma
8,8,0.9934718608856201,0.5408429335446995,APPROVE,Colorectal Adenocarcinoma
3,3,0.9999982118606567,0.5454113792272252,APPROVE,Lymphocytes
8,8,0.9996274709701538,0.5451518606038731,APPROVE,Colorectal Adenocarcinoma
0,0,0.9999476671218872,0.5453759979100865,APPROVE,Adipose
5,5,0.9993426203727722,0.544952465185706,APPROVE,Smooth Muscle
1,1,0.9998953342437744,0.5453393648954076,APPROVE,Background
3,3,0.9934912323951721,0.5408564936013859,APPROVE,Lymphocytes
4,4,0.9997991919517517,0.5452720652909916,APPROVE,Mucus
0,0,0.994568943977356,0.5416108917089146,APPROVE,Adipose
0,0,0.9541428089141846,0.5133125971646947,APPROVE,Adipose
0,0,0.9998999834060669,0.5453426193090123,APPROVE,Adipose
6,6,0.9993948936462402,0.5449890564771336,APPROVE,Normal Colon Mucosa
8,8,0.9999908208847046,0.5454062055440586,APPROVE,Colorectal Adenocarcinoma
4,4,0.9981911778450012,0.5441464554162663,APPROVE,Mucus
8,8,0.9993478655815125,0.5449561368318242,APPROVE,Colorectal Adenocarcinoma
1,1,0.9999873638153076,0.5454037855954808,APPROVE,Background
6,6,0.9972103238105774,0.5434598575921696,APPROVE,Normal Colon Mucosa
4,4,0.9999982118606567,0.5454113792272252,APPROVE,Mucus
3,3,0.9999556541442871,0.5453818096489879,APPROVE,Lymphocytes
0,0,0.9999994039535522,0.5454124345154735,APPROVE,Adipose
2,2,0.9994909763336182,0.5450565351815196,APPROVE,Debris
6,6,0.5879878401756287,0.257004339870927,BLOCK,Normal Colon Mucosa
8,8,0.9995087385177612,0.5450689687104198,APPROVE,Colorectal Adenocarcinoma
5,5,0.9999692440032959,0.5453913225502941,APPROVE,Smooth Muscle
8,8,0.9862121343612671,0.5357613458008739,APPROVE,Colorectal Adenocarcinoma
6,6,0.9997244477272034,0.5452199651570293,APPROVE,Normal Colon Mucosa
0,0,0.6733331084251404,0.3167460276455852,BLOCK,Adipose
0,0,0.9998032450675964,0.5452751232953045,APPROVE,Adipose
2,7,0.722694456577301,0.35129897135209764,BLOCK,Cancer-Assoc. Stroma
1,1,0.9999366998672485,0.5453685416550609,APPROVE,Background
5,5,0.9974058270454407,0.5435969306797954,APPROVE,Smooth Muscle
0,0,0.9986107349395752,0.5444403662056896,APPROVE,Adipose
0,0,0.9180956482887268,0.48807980555009567,BLOCK,Adipose
1,1,0.9999792575836182,0.5453983320565197,APPROVE,Background
1,1,0.9999873638153076,0.5454040064187022,APPROVE,Background
8,8,0.9997655749320984,0.5452487542004558,APPROVE,Colorectal Adenocarcinoma
4,4,0.9999287128448486,0.545362950739381,APPROVE,Mucus
0,0,0.9804414510726929,0.531721867498872,APPROVE,Adipose
0,0,0.999811589717865,0.5452809645504925,APPROVE,Adipose
4,4,0.999605119228363,0.545136435207841,APPROVE,Mucus
0,0,0.9999784231185913,0.5453977479310008,APPROVE,Adipose
0,0,0.9996987581253052,0.5452019824357005,APPROVE,Adipose
1,1,0.9999585151672363,0.5453838123650524,APPROVE,Background
0,0,0.9964448809623718,0.5429242684216472,APPROVE,Adipose
8,8,0.9994361996650696,0.5450181915135356,APPROVE,Colorectal Adenocarcinoma
0,0,0.999923586845398,0.5453593625397655,APPROVE,Adipose
3,3,0.9999727010726929,0.545393742498872,APPROVE,Lymphocytes
2,2,0.9999877214431763,0.5454042567582104,APPROVE,Debris
0,0,0.9999864101409912,0.5454033388466808,APPROVE,Adipose
0,0,0.9999984502792358,0.5454117669434521,APPROVE,Adipose
8,8,0.9993115663528442,0.5449016913205368,APPROVE,Colorectal Adenocarcinoma
7,2,0.7871065735816956,0.3963581963807326,BLOCK,Debris
6,6,1.0,0.5453835948735458,APPROVE,Normal Colon Mucosa
8,8,0.9957901835441589,0.542436723354457,APPROVE,Colorectal Adenocarcinoma
6,6,0.9695137143135071,0.5240431948930008,APPROVE,Normal Colon Mucosa
4,4,0.9993576407432556,0.5449339433938247,APPROVE,Mucus
4,4,0.9958337545394897,0.5424672230511887,APPROVE,Mucus
5,5,0.9989860653877258,0.5446738406449539,APPROVE,Smooth Muscle
0,0,0.9992904663085938,0.5448869212895614,APPROVE,Adipose
8,8,0.999142050743103,0.5447830303937179,APPROVE,Colorectal Adenocarcinoma
4,4,0.9999902248382568,0.5453767522603256,APPROVE,Mucus
8,7,0.9923536777496338,0.5400311692982894,APPROVE,Cancer-Assoc. Stroma
2,2,0.9997280240058899,0.5451932116776688,APPROVE,Debris
6,6,0.9999997615814209,0.5453834279805404,APPROVE,Normal Colon Mucosa
3,8,0.9982696771621704,0.5441723688870651,APPROVE,Colorectal Adenocarcinoma
8,8,0.9952801465988159,0.542079697492717,APPROVE,Colorectal Adenocarcinoma
8,8,0.9999116659164429,0.5453217610150558,APPROVE,Colorectal Adenocarcinoma
2,2,0.9996175765991211,0.5451158984929306,APPROVE,Debris
8,8,0.9996997117996216,0.545173393133281,APPROVE,Colorectal Adenocarcinoma
3,3,0.9999971389770508,0.5453815921574814,APPROVE,Lymphocytes
3,3,0.999990701675415,0.5453770860463364,APPROVE,Lymphocytes
5,5,0.9999507665634155,0.5453491314679367,APPROVE,Smooth Muscle
4,4,0.9999890327453613,0.5453759177952987,APPROVE,Mucus
0,0,0.7874538898468018,0.39660131776630697,BLOCK,Adipose
4,4,0.9999966621398926,0.5453812583714707,APPROVE,Mucus
3,3,0.9999791383743286,0.5453689917355758,APPROVE,Lymphocytes
0,0,0.9998550415039062,0.5452821239262802,APPROVE,Adipose
4,4,0.9999923706054688,0.545378254297374,APPROVE,Mucus
8,8,0.9999817609786987,0.545370827558635,APPROVE,Colorectal Adenocarcinoma
1,1,0.9999632835388184,0.5453578933507187,APPROVE,Background
5,4,0.44030895829200745,0.15359986567795098,BLOCK,Mucus
8,8,0.9999527931213379,0.5453505500584823,APPROVE,Colorectal Adenocarcinoma
1,1,0.9999697208404541,0.5454415330236828,APPROVE,Background
0,0,0.9792999625205994,0.5309727021997844,APPROVE,Adipose
1,1,0.9999407529830933,0.5454212555235302,APPROVE,Background
1,1,0.9999736547470093,0.5454442867582714,APPROVE,Background
0,0,0.9999973773956299,0.5454608926123058,APPROVE,Adipose
8,8,0.9999722242355347,0.5454432854002392,APPROVE,Colorectal Adenocarcinoma
3,3,0.9996402263641357,0.54521088689026,APPROVE,Lymphocytes
4,4,0.9828673601150513,0.5334698805159008,APPROVE,Mucus
5,5,0.9997772574424744,0.545306808645097,APPROVE,Smooth Muscle
2,2,0.9993821382522583,0.5450302252119458,APPROVE,Debris
8,8,0.9813397526741028,0.5324005553072368,APPROVE,Colorectal Adenocarcinoma
7,7,0.9998410940170288,0.5453514942472851,APPROVE,Cancer-Assoc. Stroma
1,1,0.9999902248382568,0.5454558858221447,APPROVE,Background
0,0,0.7457559704780579,0.3674919077700054,BLOCK,Adipose
0,0,0.9960487484931946,0.5426968523806012,APPROVE,Adipose
1,1,0.9999713897705078,0.5454427012747204,APPROVE,Background
8,8,0.9999703168869019,0.5454419502561962,APPROVE,Colorectal Adenocarcinoma
3,3,0.9979799389839172,0.544048685724107,APPROVE,Lymphocytes
7,7,0.9999731779098511,0.5454439529722607,APPROVE,Cancer-Assoc. Stroma
4,4,0.9997518658638,0.545289034540025,APPROVE,Mucus
7,7,0.9418643116950989,0.5047677466219341,APPROVE,Cancer-Assoc. Stroma
4,4,0.9998501539230347,0.5453578361814891,APPROVE,Mucus
3,3,0.9993308782577515,0.544994343215791,APPROVE,Lymphocytes
1,1,0.9999902248382568,0.5454558858221447,APPROVE,Background
1,1,0.9999455213546753,0.5454245933836376,APPROVE,Background
0,0,0.9828056693077087,0.5334266969507611,APPROVE,Adipose
3,3,0.9999653100967407,0.5454384455030834,APPROVE,Lymphocytes
4,4,0.9999991655349731,0.5454621443098461,APPROVE,Mucus
4,4,0.9999758005142212,0.5454457887953198,APPROVE,Mucus
8,8,0.9985454082489014,0.5444445142095958,APPROVE,Colorectal Adenocarcinoma
5,0,0.9390268921852112,0.5027815529650127,APPROVE,Adipose
0,0,0.9999411106109619,0.5454215058630383,APPROVE,Adipose
0,0,0.9909936785697937,0.5390863935669741,APPROVE,Adipose
4,4,0.9999979734420776,0.5453893999775727,APPROVE,Mucus
8,8,0.9996479749679565,0.5451444010456881,APPROVE,Colorectal Adenocarcinoma
0,0,0.9871525168418884,0.5363975803574403,APPROVE,Adipose
0,0,0.5635401010513306,0.23986888930404984,BLOCK,Adipose
1,1,0.9999136924743652,0.5453304033001741,APPROVE,Background
6,6,0.9744234681129456,0.5274872462471804,APPROVE,Normal Colon Mucosa
6,6,0.9983508586883545,0.5442364196499666,APPROVE,Normal Colon Mucosa
2,2,0.5870394110679626,0.2563184063156923,BLOCK,Debris
0,0,0.9940833449363708,0.541249160023578,APPROVE,Adipose
4,4,0.994234025478363,0.5413546364029725,APPROVE,Mucus
0,0,0.6581268906593323,0.30607964202965104,BLOCK,Adipose
3,3,0.9999996423721313,0.5453905682286104,APPROVE,Lymphocytes
3,3,0.9993042945861816,0.5449038247784456,APPROVE,Lymphocytes
6,6,0.9998492002487183,0.5452852587422212,APPROVE,Normal Colon Mucosa
4,4,0.7118976712226868,0.3437191884239992,BLOCK,Mucus
7,7,0.9829447865486145,0.5334521691521485,APPROVE,Cancer-Assoc. Stroma
8,8,0.996737539768219,0.5431070964058717,APPROVE,Colorectal Adenocarcinoma
1,1,0.9999778270721436,0.5453752975186189,APPROVE,Background
1,1,0.999993085861206,0.5453859786709627,APPROVE,Background
8,8,0.9999957084655762,0.5453878144940217,APPROVE,Colorectal Adenocarcinoma
8,8,0.9993883371353149,0.5449626545628389,APPROVE,Colorectal Adenocarcinoma
1,1,0.9997976422309875,0.5452491681298097,APPROVE,Background
0,0,0.9965325593948364,0.5429636101445039,APPROVE,Adipose
1,1,0.9999467134475708,0.545353517981418,APPROVE,Background
8,8,0.9999269247055054,0.5453396658619722,APPROVE,Colorectal Adenocarcinoma
0,0,0.999966025352478,0.5453670363148531,APPROVE,Adipose
0,0,0.9979435801506042,0.5439513246735415,APPROVE,Adipose
3,3,0.9815338253974915,0.5324644963463625,APPROVE,Lymphocytes
3,3,0.9997690320014954,0.5452291409691652,APPROVE,Lymphocytes
2,2,0.9988898634910583,0.5446137230118593,APPROVE,Debris
0,0,0.9955562949180603,0.5422802250107607,APPROVE,Adipose
5,0,0.7037981748580933,0.3381086663105226,BLOCK,Adipose
6,6,0.9999680519104004,0.5454275802471377,APPROVE,Normal Colon Mucosa
0,0,0.9994668364524841,0.5450767294265962,APPROVE,Adipose
0,0,0.7721551656723022,0.38595855988046884,BLOCK,Adipose
4,4,0.9956144094467163,0.5423800305225588,APPROVE,Mucus
4,4,0.9979198575019836,0.5439938441612459,APPROVE,Mucus
6,6,0.9999954700469971,0.5454467729427553,APPROVE,Normal Colon Mucosa
3,3,0.998757004737854,0.5445798472263551,APPROVE,Lymphocytes
4,4,0.999243974685669,0.5449207261898256,APPROVE,Mucus
6,6,0.9998775720596313,0.5453642443515992,APPROVE,Normal Colon Mucosa
4,4,0.9998973608016968,0.5453780964710451,APPROVE,Mucus
6,6,0.9972051978111267,0.543493582377646,APPROVE,Normal Colon Mucosa
2,2,0.9999852180480957,0.5454395965435244,APPROVE,Debris
8,8,0.9999169111251831,0.5453917816974855,APPROVE,Colorectal Adenocarcinoma
5,2,0.9967652559280396,0.543185623059485,APPROVE,Debris
8,8,0.9986094236373901,0.5444765404560304,APPROVE,Colorectal Adenocarcinoma
1,1,0.9999915361404419,0.5454440192081667,APPROVE,Background
5,0,0.47146183252334595,0.1754732266761995,BLOCK,Adipose
8,8,0.9999175071716309,0.5453921989299989,APPROVE,Colorectal Adenocarcinoma
8,8,0.9993402361869812,0.5449881092407441,APPROVE,Colorectal Adenocarcinoma
1,1,0.9999871253967285,0.5454409316875674,APPROVE,Background
5,5,0.999913215637207,0.5453891948559023,APPROVE,Smooth Muscle
8,8,0.9998513460159302,0.5453458861210084,APPROVE,Colorectal Adenocarcinoma
8,8,0.9997398257255554,0.5452678219177461,APPROVE,Colorectal Adenocarcinoma
8,8,0.9992258548736572,0.5449080423214174,APPROVE,Colorectal Adenocarcinoma
5,5,0.9987327456474304,0.5445628658630587,APPROVE,Smooth Muscle
0,0,0.5809751749038696,0.25213256634256603,BLOCK,Adipose
3,3,0.9998273849487305,0.5453291133739687,APPROVE,Lymphocytes
1,1,0.9999196529388428,0.5453937009670473,APPROVE,Background
1,5,0.8113899827003479,0.41342293180010087,BLOCK,Smooth Muscle
6,6,0.9999991655349731,0.5454493597843385,APPROVE,Normal Colon Mucosa
8,8,0.9999146461486816,0.5453901962139345,APPROVE,Colorectal Adenocarcinoma
3,3,0.9998836517333984,0.5453299785396898,APPROVE,Lymphocytes
1,1,0.9999672174453735,0.5453884745380724,APPROVE,Background
4,4,0.9997636675834656,0.5452459896347368,APPROVE,Mucus
3,3,0.9998449087142944,0.545302858426317,APPROVE,Lymphocytes
8,8,0.999908447265625,0.5453473354122484,APPROVE,Colorectal Adenocarcinoma
8,8,0.9998337030410767,0.5452950144550646,APPROVE,Colorectal Adenocarcinoma
8,8,0.9985561966896057,0.5444007600090349,APPROVE,Colorectal Adenocarcinoma
8,8,0.9994639754295349,0.5450362051269854,APPROVE,Colorectal Adenocarcinoma
5,5,0.9956135749816895,0.5423409248134935,APPROVE,Smooth Muscle
7,7,0.9025022983551025,0.4771630311748826,BLOCK,Cancer-Assoc. Stroma
7,7,0.7426722645759583,0.36528200752948164,BLOCK,Cancer-Assoc. Stroma
0,0,0.9812775254249573,0.532305690123781,APPROVE,Adipose
2,2,0.9993352293968201,0.544946082904085,APPROVE,Debris
0,0,0.9999964237213135,0.5454089189312303,APPROVE,Adipose
8,8,0.9993509650230408,0.5449570978424394,APPROVE,Colorectal Adenocarcinoma
4,4,0.9998384714126587,0.545298352315172,APPROVE,Mucus
1,1,0.999927282333374,0.5453605199596727,APPROVE,Background
4,4,0.9999920129776001,0.5454058314106309,APPROVE,Mucus
5,5,0.9958284497261047,0.5424913371345842,APPROVE,Smooth Muscle
8,8,0.9990205764770508,0.5447258258602464,APPROVE,Colorectal Adenocarcinoma
1,1,0.9999722242355347,0.5453919792911852,APPROVE,Background
8,6,0.7235479950904846,0.3518950188896501,BLOCK,Normal Colon Mucosa
1,1,0.999909520149231,0.5453480864307726,APPROVE,Background
0,0,0.9998431205749512,0.5453016067287767,APPROVE,Adipose
5,0,0.862795889377594,0.44936854489062666,BLOCK,Adipose
8,8,0.9986448884010315,0.544462844207033,APPROVE,Colorectal Adenocarcinoma
6,6,0.9999704360961914,0.5453907275936449,APPROVE,Normal Colon Mucosa
4,4,0.9999728202819824,0.5453923965236986,APPROVE,Mucus
4,5,0.612472414970398,0.2741421128055894,BLOCK,Smooth Muscle
8,8,0.9996682405471802,0.5451791907093371,APPROVE,Colorectal Adenocarcinoma
7,7,0.9629876017570496,0.5195027435562456,APPROVE,Cancer-Assoc. Stroma
4,4,0.9999885559082031,0.5454034114620531,APPROVE,Mucus
1,1,0.9999850988388062,0.5454123017839378,APPROVE,Background
8,8,0.9979367256164551,0.5439784405282921,APPROVE,Colorectal Adenocarcinoma
7,7,0.9997056126594543,0.5452166614583915,APPROVE,Cancer-Assoc. Stroma
8,8,0.9990097284317017,0.5447295424989647,APPROVE,Colorectal Adenocarcinoma
6,6,0.9993509650230408,0.544968408112902,APPROVE,Normal Colon Mucosa
5,5,0.9994621872901917,0.5450462636999077,APPROVE,Smooth Muscle
6,6,0.9865534901618958,0.5360101757101006,APPROVE,Normal Colon Mucosa
0,0,0.6886869668960571,0.3275036094240136,BLOCK,Adipose
8,8,0.9995506405830383,0.5451081810049003,APPROVE,Colorectal Adenocarcinoma
4,4,0.999944806098938,0.5453840968660302,APPROVE,Mucus
0,0,0.9994819760322571,0.5450601158193535,APPROVE,Adipose
8,7,0.8780393600463867,0.4600502846292443,BLOCK,Cancer-Assoc. Stroma
4,4,0.9999313354492188,0.5453746674112266,APPROVE,Mucus
8,8,0.9999209642410278,0.5453674075654931,APPROVE,Colorectal Adenocarcinoma
8,8,0.9984408020973206,0.5443312940648979,APPROVE,Colorectal Adenocarcinoma
4,4,0.9999048709869385,0.5453561422876305,APPROVE,Mucus
8,8,0.9992615580558777,0.5449058232358879,APPROVE,Colorectal Adenocarcinoma
8,8,0.9999579191207886,0.5453932759813256,APPROVE,Colorectal Adenocarcinoma
1,1,0.9999381303787231,0.5453794238618798,APPROVE,Background
4,4,0.9973004460334778,0.543533044820208,APPROVE,Mucus
4,4,0.9995711445808411,0.5451225338033623,APPROVE,Mucus
8,8,0.9999700784683228,0.5454017875245994,APPROVE,Colorectal Adenocarcinoma
8,8,0.999380350112915,0.5449889776758141,APPROVE,Colorectal Adenocarcinoma
8,8,0.9997648596763611,0.5452581343702263,APPROVE,Colorectal Adenocarcinoma
4,4,0.8328758478164673,0.4284358260683007,BLOCK,Mucus
1,1,0.9999892711639404,0.5454152224115318,APPROVE,Background
5,5,0.99859219789505,0.5444372711233085,APPROVE,Smooth Muscle
7,7,0.5986934900283813,0.2645081756166406,BLOCK,Cancer-Assoc. Stroma
8,8,0.9987244009971619,0.5445298132947869,APPROVE,Colorectal Adenocarcinoma
6,6,0.9999877214431763,0.545414137606997,APPROVE,Normal Colon Mucosa
0,0,0.9998931884765625,0.5453479645303673,APPROVE,Adipose
0,0,0.9524165987968445,0.5121143517545647,APPROVE,Adipose
4,4,0.9996414184570312,0.5452073793955257,APPROVE,Mucus
0,0,0.9999768733978271,0.5454421978540828,APPROVE,Adipose
8,7,0.8831149935722351,0.46363888197616826,BLOCK,Cancer-Assoc. Stroma
3,8,0.9998733997344971,0.5453697662897516,APPROVE,Colorectal Adenocarcinoma
8,8,0.9999567270278931,0.5454280953951289,APPROVE,Colorectal Adenocarcinoma
4,4,0.9999356269836426,0.5454133253641535,APPROVE,Mucus
4,4,0.9999047517776489,0.545391712719958,APPROVE,Mucus
3,3,0.9999029636383057,0.5453904610224177,APPROVE,Lymphocytes
4,4,0.9999936819076538,0.5454539638109615,APPROVE,Mucus
4,4,0.9876371622085571,0.5368044000215937,APPROVE,Mucus
5,0,0.7669082283973694,0.3822941463537623,BLOCK,Adipose
4,4,0.9998712539672852,0.5453682642527033,APPROVE,Mucus
8,8,0.9999884366989136,0.5454502921648432,APPROVE,Colorectal Adenocarcinoma
3,3,0.9999818801879883,0.5454457026071955,APPROVE,Lymphocytes
8,8,0.9967983365058899,0.5432172220297267,APPROVE,Colorectal Adenocarcinoma
4,4,0.9995574355125427,0.5451485913343836,APPROVE,Mucus
5,5,0.9972594976425171,0.5435400348253657,APPROVE,Smooth Muscle
5,2,0.9599597454071045,0.5174302082605768,APPROVE,Debris
5,5,0.9903085827827454,0.5386743944235255,APPROVE,Smooth Muscle
7,7,0.9125766158103943,0.48426201754287973,BLOCK,Cancer-Assoc. Stroma
4,4,0.9999997615814209,0.5454582195825983,APPROVE,Mucus
4,4,0.9999136924743652,0.5453979712076594,APPROVE,Mucus
0,0,0.9928579330444336,0.5404589396067072,APPROVE,Adipose
2,2,0.9997972846031189,0.545316485697787,APPROVE,Debris
6,6,0.6843022704124451,0.32446997576431524,BLOCK,Normal Colon Mucosa
1,1,0.9999852180480957,0.5454480391092708,APPROVE,Background
8,8,0.5490056872367859,0.22976236754135385,BLOCK,Colorectal Adenocarcinoma
4,4,0.9998693466186523,0.5453669291086604,APPROVE,Mucus
4,4,0.9998660087585449,0.5453645926065852,APPROVE,Mucus
0,0,0.9999140501022339,0.5453982215471674,APPROVE,Adipose
1,1,0.9999368190765381,0.5454141598291804,APPROVE,Background
4,4,0.9945802092552185,0.5416645329542567,APPROVE,Mucus
7,7,0.9887076616287231,0.5374296857340426,APPROVE,Cancer-Assoc. Stroma
4,4,0.9999973773956299,0.5453324867708773,APPROVE,Mucus
6,6,0.9996470212936401,0.5450872374994845,APPROVE,Normal Colon Mucosa
6,6,0.99261075258255,0.5401618494017215,APPROVE,Normal Colon Mucosa
1,1,0.9999622106552124,0.5453078700525851,APPROVE,Background
0,0,0.9999349117279053,0.5452887608034701,APPROVE,Adipose
4,4,0.9995427131652832,0.5450142218096347,APPROVE,Mucus
1,1,0.9999935626983643,0.5453298164827914,APPROVE,Background
6,6,0.9999992847442627,0.5453338219149203,APPROVE,Normal Colon Mucosa
6,6,0.7938434481620789,0.4010247363073916,BLOCK,Normal Colon Mucosa
0,0,0.9949080348014832,0.5417699469549746,APPROVE,Adipose
5,5,0.9999990463256836,0.545333655021915,APPROVE,Smooth Muscle
3,3,0.9999992847442627,0.5453338219149203,APPROVE,Lymphocytes
8,8,0.7641714215278625,0.38025431766344014,BLOCK,Colorectal Adenocarcinoma
2,7,0.639435887336731,0.2929394437296481,BLOCK,Cancer-Assoc. Stroma
4,4,0.9998062252998352,0.5451986803038211,APPROVE,Mucus
6,8,0.9952752590179443,0.5420270039064975,APPROVE,Colorectal Adenocarcinoma
6,6,0.9979766011238098,0.5439179433806033,APPROVE,Normal Colon Mucosa
8,8,0.9999809265136719,0.5453209711535068,APPROVE,Colorectal Adenocarcinoma
6,6,0.9999997615814209,0.545334155700931,APPROVE,Normal Colon Mucosa
3,3,0.9999936819076538,0.5453298999292941,APPROVE,Lymphocytes
8,8,0.9999517202377319,0.5453005267603488,APPROVE,Colorectal Adenocarcinoma
4,4,0.9999960660934448,0.5453315688593479,APPROVE,Mucus
0,4,0.9684557914733887,0.5232533766253085,APPROVE,Mucus
0,0,0.9576196074485779,0.515668047807941,APPROVE,Adipose
8,8,0.9998317956924438,0.5452165795786471,APPROVE,Colorectal Adenocarcinoma
0,0,0.9904707670211792,0.5386638595087618,APPROVE,Adipose
6,6,0.9969900846481323,0.5432273818476291,APPROVE,Normal Colon Mucosa
1,1,0.9998083710670471,0.5452001823408694,APPROVE,Background
0,0,0.9999822378158569,0.5453218890650363,APPROVE,Adipose
1,1,0.9999611377716064,0.5453071190340609,APPROVE,Background
8,8,0.9999834299087524,0.5453227235300632,APPROVE,Colorectal Adenocarcinoma
0,0,0.973971962928772,0.5272048980146328,APPROVE,Adipose
8,8,0.9996469020843506,0.5451773554235377,APPROVE,Colorectal Adenocarcinoma
4,4,0.9999866485595703,0.5454151779561915,APPROVE,Mucus
5,5,0.9999812841415405,0.5454114228635707,APPROVE,Smooth Muscle
6,6,0.9999003410339355,0.5453547626882472,APPROVE,Normal Colon Mucosa
8,8,0.9999728202819824,0.5454054981618801,APPROVE,Colorectal Adenocarcinoma
0,0,0.9994863271713257,0.5450649529844204,APPROVE,Adipose
4,4,0.9999394416809082,0.5453821331411282,APPROVE,Mucus
3,3,0.9989638328552246,0.5446992069631496,APPROVE,Lymphocytes
2,2,0.9346657991409302,0.49969058336314354,BLOCK,Debris
8,8,0.9986518025398254,0.5444807857423701,APPROVE,Colorectal Adenocarcinoma
3,3,0.9999997615814209,0.545424357071487,APPROVE,Lymphocytes
4,4,0.9997512698173523,0.545250412836639,APPROVE,Mucus
3,3,0.9999839067459106,0.5454132586866298,APPROVE,Lymphocytes
3,3,0.9999954700469971,0.5454213529973904,APPROVE,Lymphocytes
7,7,0.9995324611663818,0.5450972467809596,APPROVE,Cancer-Assoc. Stroma
4,4,0.9999896287918091,0.5454172641187587,APPROVE,Mucus
5,5,0.9894607663154602,0.5380470603853145,APPROVE,Smooth Muscle
0,0,0.9055315852165222,0.4792966336160579,BLOCK,Adipose
8,8,0.999776303768158,0.545267936602203,APPROVE,Colorectal Adenocarcinoma
0,0,0.9989546537399292,0.5446927815824428,APPROVE,Adipose
2,2,0.9999419450759888,0.5453838855176845,APPROVE,Debris
6,6,0.5839954614639282,0.25422134698924215,BLOCK,Normal Colon Mucosa
1,1,0.9999301433563232,0.5453756243139186,APPROVE,Background
4,4,0.9999841451644897,0.5454134255796352,APPROVE,Mucus
4,4,0.9999734163284302,0.5454059153943935,APPROVE,Mucus
0,0,0.9681540131568909,0.523132333174316,APPROVE,Adipose
0,0,0.9510302543640137,0.511145702019302,APPROVE,Adipose
5,5,0.9999077320098877,0.5453599363714138,APPROVE,Smooth Muscle
0,0,0.9960705041885376,0.5426738768964687,APPROVE,Adipose
3,3,0.9995655417442322,0.5451204031854548,APPROVE,Lymphocytes
6,6,0.9999812841415405,0.5454114228635707,APPROVE,Normal Colon Mucosa
5,5,0.9982353448867798,0.5442095340925402,APPROVE,Smooth Muscle
8,7,0.7190905213356018,0.34880815760671563,BLOCK,Cancer-Assoc. Stroma
1,1,0.9999712705612183,0.5454246820646471,APPROVE,Background
3,3,0.9999997615814209,0.5454446257787889,APPROVE,Lymphocytes
6,6,0.9998767375946045,0.5453585089880175,APPROVE,Normal Colon Mucosa
1,1,0.999988317489624,0.5454366149145312,APPROVE,Background
8,8,0.9988527297973633,0.5446417035299487,APPROVE,Colorectal Adenocarcinoma
7,7,0.7623068690299988,0.3790596009927934,BLOCK,Cancer-Assoc. Stroma
1,1,0.9999922513961792,0.5454393686491198,APPROVE,Background
6,6,0.9945371747016907,0.5416208149629779,APPROVE,Normal Colon Mucosa
1,1,0.9999797344207764,0.5454306067663378,APPROVE,Background
3,3,0.9984549283981323,0.544363242550487,APPROVE,Lymphocytes
5,7,0.8941648006439209,0.4713601531225389,BLOCK,Cancer-Assoc. Stroma
4,4,0.999996542930603,0.5454423727232165,APPROVE,Mucus
5,5,0.9547595381736755,0.5137764693933672,APPROVE,Smooth Muscle
4,4,0.9998348951339722,0.5453292192655749,APPROVE,Mucus
6,6,0.9999805688858032,0.5454311908918567,APPROVE,Normal Colon Mucosa
3,3,0.9999912977218628,0.5454387010770984,APPROVE,Lymphocytes
4,4,0.9989155530929565,0.5446856798368639,APPROVE,Mucus
0,0,0.9999945163726807,0.5454409541326708,APPROVE,Adipose
4,4,0.9999516010284424,0.545410913391704,APPROVE,Mucus
0,0,0.9761005640029907,0.5287151874738879,APPROVE,Adipose
3,3,0.8358766436576843,0.43055844323217335,BLOCK,Lymphocytes
4,4,0.9999985694885254,0.5454437913137621,APPROVE,Mucus
1,1,0.9999583959579468,0.5454156698423571,APPROVE,Background
5,5,0.9996985197067261,0.5452337564665026,APPROVE,Smooth Muscle
2,2,0.6417644023895264,0.29467987434446274,BLOCK,Debris
1,1,0.9999613761901855,0.5454177560049243,APPROVE,Background
5,5,0.9999637603759766,0.545419424934978,APPROVE,Smooth Muscle
8,8,0.9998911619186401,0.5453686060148425,APPROVE,Colorectal Adenocarcinoma
0,0,0.9605830907821655,0.5178529562193103,APPROVE,Adipose
0,0,0.9986070990562439,0.544469762011165,APPROVE,Adipose
8,8,0.9999861717224121,0.545391592765602,APPROVE,Colorectal Adenocarcinoma
0,0,0.999854564666748,0.5452994678266372,APPROVE,Adipose
0,0,0.9919008612632751,0.5397318754442062,APPROVE,Adipose
1,1,0.9999842643737793,0.545390257621559,APPROVE,Background
3,3,0.9999397993087769,0.5453591320760574,APPROVE,Lymphocytes
1,1,0.9999831914901733,0.5453895066030349,APPROVE,Background
6,6,0.994347870349884,0.5414447818048324,APPROVE,Normal Colon Mucosa
6,6,0.9999706745147705,0.5453807447202529,APPROVE,Normal Colon Mucosa
8,8,0.9996942281723022,0.5451872322805251,APPROVE,Colorectal Adenocarcinoma
2,2,0.9999376535415649,0.5453576300390091,APPROVE,Debris
4,4,0.9948455095291138,0.5417931292302932,APPROVE,Mucus
4,4,0.9993484616279602,0.5449451956994857,APPROVE,Mucus
8,8,0.9866572022438049,0.536061314130577,APPROVE,Colorectal Adenocarcinoma
4,4,0.9944879412651062,0.5415428314454879,APPROVE,Mucus
1,1,0.9999779462814331,0.5453858349569167,APPROVE,Background
4,4,0.9996991157531738,0.5451906535871353,APPROVE,Mucus
3,8,0.5324532389640808,0.2181185398347702,BLOCK,Colorectal Adenocarcinoma
4,4,0.9999872446060181,0.5453923437841262,APPROVE,Mucus
4,4,0.9986972212791443,0.5444893274553145,APPROVE,Mucus
4,4,0.9999830722808838,0.5453894231565322,APPROVE,Mucus
4,4,0.9999988079071045,0.5454004380948867,APPROVE,Mucus
5,5,0.7620561122894287,0.37884055116251375,BLOCK,Smooth Muscle
4,4,0.999992847442627,0.5453962657697524,APPROVE,Mucus
5,5,0.9999991655349731,0.5454006884343947,APPROVE,Smooth Muscle
0,0,0.9999314546585083,0.5453532908208694,APPROVE,Adipose
8,8,0.9888414740562439,0.5375903043992842,APPROVE,Colorectal Adenocarcinoma
8,8,0.542681872844696,0.22527858355120084,BLOCK,Colorectal Adenocarcinoma
8,8,0.9999699592590332,0.5453802440412368,APPROVE,Colorectal Adenocarcinoma
6,6,0.9999189376831055,0.5453445289380874,APPROVE,Normal Colon Mucosa
1,1,0.9999070167541504,0.5453361842878188,APPROVE,Background
0,0,0.9999992847442627,0.5454007718808974,APPROVE,Adipose
0,0,0.9995105266571045,0.5450586412198867,APPROVE,Adipose
1,1,0.9999734163284302,0.5454747124961618,APPROVE,Background
0,0,0.9992837309837341,0.5449919327548745,APPROVE,Adipose
3,3,0.9960150122642517,0.5427038296512368,APPROVE,Lymphocytes
5,5,0.9986425042152405,0.5445430740169289,APPROVE,Smooth Muscle
4,4,0.9936155080795288,0.5410241767219307,APPROVE,Mucus
2,2,0.998561680316925,0.5444864972881082,APPROVE,Debris
4,4,0.9868863224983215,0.5363137468150857,APPROVE,Mucus
1,1,0.9999430179595947,0.5454534336379769,APPROVE,Background
2,2,0.9995474219322205,0.5451765164188149,APPROVE,Debris
8,8,0.9998855590820312,0.5454132124236825,APPROVE,Colorectal Adenocarcinoma
1,1,0.9999520778656006,0.545459775572181,APPROVE,Background
3,3,0.9999426603317261,0.5454531832984688,APPROVE,Lymphocytes
8,8,0.9797674417495728,0.5313305302909616,APPROVE,Colorectal Adenocarcinoma
5,5,0.9994381070137024,0.5450999959758522,APPROVE,Smooth Muscle
5,0,0.6832281351089478,0.323753015642524,BLOCK,Adipose
4,4,0.9991121888160706,0.54487185323751,APPROVE,Mucus
4,4,0.9519665241241455,0.5118698879531625,APPROVE,Mucus
2,2,0.9991901516914368,0.5449264272502663,APPROVE,Debris
3,3,0.9994706511497498,0.5451227768710855,APPROVE,Lymphocytes
5,7,0.99985671043396,0.5453930183700325,APPROVE,Cancer-Assoc. Stroma
5,5,0.999630331993103,0.5452345534614327,APPROVE,Smooth Muscle
0,0,0.9999375343322754,0.5454495950988534,APPROVE,Adipose
4,4,0.999064028263092,0.544838140850425,APPROVE,Mucus
4,4,0.9996682405471802,0.5452610894492868,APPROVE,Mucus
0,0,0.9999145269393921,0.545433489923835,APPROVE,Adipose
1,1,0.999929666519165,0.5454440876296761,APPROVE,Background
4,4,0.9999986886978149,0.545492403154731,APPROVE,Mucus
5,0,0.7130569219589233,0.3446331664375069,BLOCK,Adipose
0,0,0.9992393255233765,0.5449608489326241,APPROVE,Adipose
0,0,0.9705341458320618,0.5248672231487038,APPROVE,Adipose
0,0,0.9767584800720215,0.5292242571166756,APPROVE,Adipose
5,7,0.8934599757194519,0.4709153040698769,BLOCK,Cancer-Assoc. Stroma
4,4,0.9999921321868896,0.5454312355387403,APPROVE,Mucus
3,3,0.9936060905456543,0.5409610063898755,APPROVE,Lymphocytes
6,6,0.9999983310699463,0.54543557475688,APPROVE,Normal Colon Mucosa
8,8,0.800666093826294,0.4059030086863234,BLOCK,Colorectal Adenocarcinoma
5,4,0.8535875678062439,0.44294804047228836,BLOCK,Mucus
4,4,0.9999985694885254,0.5454357416498853,APPROVE,Mucus
4,4,1.0,0.5454367430079176,APPROVE,Mucus
4,4,0.9999922513961792,0.545431318985243,APPROVE,Mucus
6,6,0.9999998807907104,0.5454366595614148,APPROVE,Normal Colon Mucosa
3,3,0.9999679327011108,0.5454142958986952,APPROVE,Lymphocytes
5,7,0.9948004484176636,0.541797056900282,APPROVE,Cancer-Assoc. Stroma
2,2,0.9992130994796753,0.5448859126436902,APPROVE,Debris
4,0,0.3829875886440277,0.11352805505873702,BLOCK,Adipose
4,4,0.9999983310699463,0.54543557475688,APPROVE,Mucus
1,1,0.999994158744812,0.545432654129286,APPROVE,Background
8,8,0.9999290704727173,0.5453870923388197,APPROVE,Colorectal Adenocarcinoma
5,5,0.9018383622169495,0.4767235965597822,BLOCK,Smooth Muscle
0,0,0.9998465776443481,0.5453293473589612,APPROVE,Adipose
4,4,0.9999594688415527,0.5454083711970045,APPROVE,Mucus
4,5,0.8290215730667114,0.4257518441546156,BLOCK,Smooth Muscle
0,0,0.9930705428123474,0.5405861229765607,APPROVE,Adipose
1,1,0.999943733215332,0.5453973562586499,APPROVE,Background
1,1,0.9999645948410034,0.5454119593966199,APPROVE,Background
1,1,0.9999407529830933,0.5453952700960828,APPROVE,Background
1,1,0.9999725818634033,0.5454175503122999,APPROVE,Background
8,8,0.9996466636657715,0.5451894075739576,APPROVE,Colorectal Adenocarcinoma
7,7,0.9988904595375061,0.5446600646841718,APPROVE,Cancer-Assoc. Stroma
8,8,0.9832956194877625,0.5337436766493513,APPROVE,Colorectal Adenocarcinoma
8,8,0.9995484948158264,0.545120689378996,APPROVE,Colorectal Adenocarcinoma
3,3,0.9960651993751526,0.5426823825705244,APPROVE,Lymphocytes
0,0,0.9994547963142395,0.5450551004278852,APPROVE,Adipose
0,0,0.9990795850753784,0.5447924525606824,APPROVE,Adipose
6,6,0.9998611211776733,0.5453372272192752,APPROVE,Normal Colon Mucosa
8,8,0.979788601398468,0.5312864633738316,APPROVE,Colorectal Adenocarcinoma
1,5,0.7952360510826111,0.40209967815273157,BLOCK,Smooth Muscle
4,4,0.9996040463447571,0.5451572748362339,APPROVE,Mucus
1,1,0.9999836683273315,0.5454230102240359,APPROVE,Background
8,8,0.9999713897705078,0.5454144152342594,APPROVE,Colorectal Adenocarcinoma
3,3,0.9847273826599121,0.5347436102568424,APPROVE,Lymphocytes
8,8,0.9999949932098389,0.5454309376417911,APPROVE,Colorectal Adenocarcinoma
8,8,0.9999501705169678,0.5453995617567814,APPROVE,Colorectal Adenocarcinoma
0,0,0.9706827998161316,0.5249124022661961,APPROVE,Adipose
4,4,0.9999973773956299,0.5454326065718448,APPROVE,Mucus
4,4,0.9820159673690796,0.5328456195532596,APPROVE,Mucus
6,6,0.9999819993972778,0.5454218419729984,APPROVE,Normal Colon Mucosa
5,5,0.999582827091217,0.5451424213587558,APPROVE,Smooth Muscle
8,8,0.9996315240859985,0.5451765092551029,APPROVE,Colorectal Adenocarcinoma
8,8,0.9967572093009949,0.5431644889056003,APPROVE,Colorectal Adenocarcinoma
6,6,0.999806821346283,0.545299217337302,APPROVE,Normal Colon Mucosa
0,0,0.9954738020896912,0.5422661038576877,APPROVE,Adipose
1,1,0.9999549388885498,0.5454028996168888,APPROVE,Background
0,0,0.904806911945343,0.47879928075664396,BLOCK,Adipose
8,8,0.9999046325683594,0.5453676851927555,APPROVE,Colorectal Adenocarcinoma
0,0,0.6738616228103638,0.3171375783621585,BLOCK,Adipose
1,1,0.9999918937683105,0.5454287680327213,APPROVE,Background
1,1,0.9998773336410522,0.5453485759436405,APPROVE,Background
0,0,0.9983056783676147,0.5442484172522343,APPROVE,Adipose
3,3,0.9994459748268127,0.5450466247736728,APPROVE,Lymphocytes
0,0,0.9999423027038574,0.5453940542876041,APPROVE,Adipose
8,8,0.999221920967102,0.5448897870718753,APPROVE,Colorectal Adenocarcinoma
0,4,0.9999926090240479,0.5454292687117374,APPROVE,Mucus
2,2,0.9996123909950256,0.5451631160914219,APPROVE,Debris
0,0,0.9716513156890869,0.5255903633772647,APPROVE,Adipose
7,5,0.5199400186538696,0.20939245545261262,BLOCK,Smooth Muscle
6,6,0.9999972581863403,0.5454846971342029,APPROVE,Normal Colon Mucosa
4,4,0.9999655485153198,0.5454625003644885,APPROVE,Mucus
3,3,0.9999980926513672,0.5454852812597216,APPROVE,Lymphocytes
4,4,0.9999934434890747,0.5454820268461169,APPROVE,Mucus
4,4,0.9999681711196899,0.5454643361875475,APPROVE,Mucus
5,5,0.9990960359573364,0.5448538415739002,APPROVE,Smooth Muscle
6,6,0.9999735355377197,0.5454680912801684,APPROVE,Normal Colon Mucosa
0,0,0.9999680519104004,0.5454642527410449,APPROVE,Adipose
8,8,0.9999096393585205,0.545423363954729,APPROVE,Colorectal Adenocarcinoma
1,1,0.9999332427978516,0.5454398863622607,APPROVE,Background
0,0,0.9998874664306641,0.5454078429052295,APPROVE,Adipose
5,5,0.9994751811027527,0.5451192431756915,APPROVE,Smooth Muscle
5,5,0.9999915361404419,0.5454806917020739,APPROVE,Smooth Muscle
3,3,0.9979594945907593,0.5440582626172961,APPROVE,Lymphocytes
6,6,0.9999996423721313,0.5454863660642566,APPROVE,Normal Colon Mucosa
0,0,0.9883411526679993,0.5373254232713641,APPROVE,Adipose
0,0,0.637222170829773,0.29154213598460577,BLOCK,Adipose
2,2,0.9997373223304749,0.545302742035097,APPROVE,Debris
8,8,0.9999946355819702,0.5454828613111438,APPROVE,Colorectal Adenocarcinoma
4,4,0.9992239475250244,0.5449433796712817,APPROVE,Mucus
8,8,0.9999502897262573,0.5454518192121447,APPROVE,Colorectal Adenocarcinoma
6,6,0.9998693466186523,0.5453951590368212,APPROVE,Normal Colon Mucosa
1,1,0.9999786615371704,0.5454716794797839,APPROVE,Background
5,0,0.9376155138015747,0.5018174760648669,APPROVE,Adipose
7,7,0.994573175907135,0.5416878395387591,APPROVE,Cancer-Assoc. Stroma
8,8,0.5575379133224487,0.2357631557294788,BLOCK,Colorectal Adenocarcinoma
5,5,0.9995689988136292,0.5451849155733051,APPROVE,Smooth Muscle
4,4,0.9953885078430176,0.5422585718938769,APPROVE,Mucus
3,3,0.9999943971633911,0.5454826944181383,APPROVE,Lymphocytes
7,7,0.9999580383300781,0.5454572432348193,APPROVE,Cancer-Assoc. Stroma
8,8,0.9434508085250854,0.5059021823713244,APPROVE,Colorectal Adenocarcinoma
6,6,0.9997891783714294,0.5453390412637652,APPROVE,Normal Colon Mucosa
8,8,0.9999759197235107,0.5453650424746519,APPROVE,Colorectal Adenocarcinoma
1,2,0.9995290040969849,0.5450522015360838,APPROVE,Debris
2,2,0.9997339844703674,0.5451956877974516,APPROVE,Debris
8,8,0.9984405636787415,0.5442902932433135,APPROVE,Colorectal Adenocarcinoma
2,2,0.9997054934501648,0.5451757440833098,APPROVE,Debris
3,3,0.9997739195823669,0.5452236423758513,APPROVE,Lymphocytes
8,8,0.9967668056488037,0.543118662622357,APPROVE,Colorectal Adenocarcinoma
8,8,0.9941380023956299,0.5412785003451354,APPROVE,Colorectal Adenocarcinoma
0,0,0.884930431842804,0.46483320095815717,BLOCK,Adipose
1,1,0.999796450138092,0.5452394137648588,APPROVE,Background
8,8,0.9944979548454285,0.5415304670599943,APPROVE,Colorectal Adenocarcinoma
5,5,0.999924898147583,0.5453293273715025,APPROVE,Smooth Muscle
8,8,0.999970555305481,0.545361287382031,APPROVE,Colorectal Adenocarcinoma
4,4,0.9999301433563232,0.5453329990176207,APPROVE,Mucus
8,8,0.9890973567962646,0.5377500484255797,APPROVE,Colorectal Adenocarcinoma
4,4,0.9943227767944336,0.541407842424298,APPROVE,Mucus
0,0,0.9989089965820312,0.5446181962756163,APPROVE,Adipose
6,6,0.9998667240142822,0.545288605478192,APPROVE,Normal Colon Mucosa
4,4,0.9982773065567017,0.5441760132578856,APPROVE,Mucus
8,8,0.9998372793197632,0.5452679941920286,APPROVE,Colorectal Adenocarcinoma
1,1,0.9999252557754517,0.5453295777110105,APPROVE,Background
4,4,0.9999698400497437,0.545360786703015,APPROVE,Mucus
8,8,0.9951229691505432,0.5419679770735747,APPROVE,Colorectal Adenocarcinoma
2,2,0.999727189540863,0.5451909313467985,APPROVE,Debris
0,0,0.9913620352745056,0.5393353233603484,APPROVE,Adipose
0,0,0.9422019720077515,0.5049232790736204,APPROVE,Adipose
1,1,0.9999502897262573,0.5453471014765745,APPROVE,Background
4,4,0.9951128363609314,0.5419608841208464,APPROVE,Mucus
0,0,0.49614158272743225,0.192681006577397,BLOCK,Adipose
3,3,0.9999343156814575,0.5453359196452147,APPROVE,Lymphocytes
0,0,0.9965935349464417,0.5429973731307036,APPROVE,Adipose
8,8,0.9996596574783325,0.5451436589030272,APPROVE,Colorectal Adenocarcinoma
4,4,0.9999985694885254,0.5454477564628623,APPROVE,Mucus
4,4,0.9997994303703308,0.5453083590801261,APPROVE,Mucus
5,5,0.9564938545227051,0.5149944559867881,APPROVE,Smooth Muscle
5,5,0.9928169250488281,0.5404206053550742,APPROVE,Smooth Muscle
7,7,0.9820871353149414,0.5329097525413535,APPROVE,Cancer-Assoc. Stroma
4,4,0.9998914003372192,0.545372738056948,APPROVE,Mucus
8,8,0.9743500351905823,0.5274937824543021,APPROVE,Colorectal Adenocarcinoma
5,5,0.996321439743042,0.542873765641024,APPROVE,Smooth Muscle
4,4,0.9999983310699463,0.545447589569857,APPROVE,Mucus
5,5,0.9189069867134094,0.4886836485202811,BLOCK,Smooth Muscle
1,1,0.9999691247940063,0.545427145176699,APPROVE,Background
5,5,0.9999988079071045,0.5454479233558677,APPROVE,Smooth Muscle
0,0,0.9993516802787781,0.5449949340160392,APPROVE,Adipose
8,8,0.9905102849006653,0.5388059572513603,APPROVE,Colorectal Adenocarcinoma
0,0,0.9924829602241516,0.5401868299778007,APPROVE,Adipose
5,0,0.619774580001831,0.2792909638221763,BLOCK,Adipose
8,8,0.9999450445175171,0.5454102889831565,APPROVE,Colorectal Adenocarcinoma
0,0,0.8524917960166931,0.4421930150325797,BLOCK,Adipose
5,5,0.997194766998291,0.5434850947196982,APPROVE,Smooth Muscle
8,8,0.999962568283081,0.5454225556190513,APPROVE,Colorectal Adenocarcinoma
8,8,0.9999982118606567,0.5454475061233542,APPROVE,Colorectal Adenocarcinoma
1,5,0.6829527616500854,0.32351569097595434,BLOCK,Smooth Muscle
4,4,0.999988317489624,0.5454405800636314,APPROVE,Mucus
1,1,0.9999687671661377,0.5454268948371909,APPROVE,Background
0,0,0.9999855756759644,0.5454386607940696,APPROVE,Adipose
3,3,0.9984685778617859,0.5443767623241447,APPROVE,Lymphocytes
8,6,0.9502200484275818,0.5106027917202017,APPROVE,Normal Colon Mucosa
7,7,0.9934612512588501,0.5408716337020896,APPROVE,Cancer-Assoc. Stroma
8,8,0.9999737739562988,0.5454303995903037,APPROVE,Colorectal Adenocarcinoma
4,4,0.9999998807907104,0.5454486743743918,APPROVE,Mucus
5,5,0.9996523857116699,0.5452054278190634,APPROVE,Smooth Muscle
6,6,0.9999493360519409,0.5454132930572532,APPROVE,Normal Colon Mucosa
5,5,0.9999933242797852,0.5454378952224976,APPROVE,Smooth Muscle
6,6,0.9999904632568359,0.5454358925064332,APPROVE,Normal Colon Mucosa
5,2,0.9986255168914795,0.5444804300506837,APPROVE,Debris
4,4,0.9999414682388306,0.5454015959938294,APPROVE,Mucus
6,6,1.0,0.545442568226648,APPROVE,Normal Colon Mucosa
4,4,0.9994194507598877,0.5450361837585694,APPROVE,Mucus
8,8,0.999690055847168,0.5452256073196656,APPROVE,Colorectal Adenocarcinoma
1,1,0.9999871253967285,0.5454335560043581,APPROVE,Background
8,8,0.999975323677063,0.5454252948005921,APPROVE,Colorectal Adenocarcinoma
1,1,0.9999735355377197,0.5454240431030518,APPROVE,Background
4,4,0.9571649432182312,0.5154580284794099,APPROVE,Mucus
2,2,0.9986166954040527,0.544474255009485,APPROVE,Debris
5,5,0.9993676543235779,0.5449999262531525,APPROVE,Smooth Muscle
0,0,0.9998346567153931,0.5453268279274232,APPROVE,Adipose
8,8,0.9998959302902222,0.5453697194298036,APPROVE,Colorectal Adenocarcinoma
6,6,0.9997714161872864,0.5452825595577485,APPROVE,Normal Colon Mucosa
1,4,0.6635154485702515,0.3099033822258241,BLOCK,Mucus
3,3,0.9941595792770386,0.5413542737205751,APPROVE,Lymphocytes
2,2,0.9999043941497803,0.5453756441314942,APPROVE,Debris
6,6,0.9991875290870667,0.5448738385875947,APPROVE,Normal Colon Mucosa
0,0,0.9999685287475586,0.5454205383499391,APPROVE,Adipose
1,1,0.9999549388885498,0.545411025448633,APPROVE,Background
4,4,0.9999974966049194,0.5454408158500916,APPROVE,Mucus
8,8,0.9999936819076538,0.5454381455620058,APPROVE,Colorectal Adenocarcinoma
4,4,0.9972398281097412,0.5435104479034669,APPROVE,Mucus
0,0,0.9468433856964111,0.5082329382141358,APPROVE,Adipose
6,6,0.9999997615814209,0.5454424013336426,APPROVE,Normal Colon Mucosa
0,0,0.999472439289093,0.5450732757290132,APPROVE,Adipose
2,2,0.9994163513183594,0.5450340141494996,APPROVE,Debris
4,4,0.9996882677078247,0.5452243556221253,APPROVE,Mucus
1,1,0.9999932050704956,0.5454378117759949,APPROVE,Background
4,4,0.9999855756759644,0.5454324711998231,APPROVE,Mucus
8,7,0.7291351556777954,0.35580748227919673,BLOCK,Cancer-Assoc. Stroma
5,7,0.9995033740997314,0.5450652351745519,APPROVE,Cancer-Assoc. Stroma
1,1,0.9999840259552002,0.54540169147338,APPROVE,Background
1,1,0.9999228715896606,0.5453588834175023,APPROVE,Background
4,4,0.9995588660240173,0.545104079521552,APPROVE,Mucus
8,8,0.9882168173789978,0.5371646454700383,APPROVE,Colorectal Adenocarcinoma
5,0,0.7944764494895935,0.4015463879474554,BLOCK,Adipose
1,1,0.9999719858169556,0.5453932633766088,APPROVE,Background
0,0,0.9999099969863892,0.5453498711952123,APPROVE,Adipose
8,8,0.9999642372131348,0.5453878393539342,APPROVE,Colorectal Adenocarcinoma
6,6,0.9992521405220032,0.5448893716701421,APPROVE,Normal Colon Mucosa
3,3,0.9997630715370178,0.5452470233806523,APPROVE,Lymphocytes
8,8,0.9994439482688904,0.5450236370929631,APPROVE,Colorectal Adenocarcinoma
1,1,0.9999698400497437,0.5453917613395605,APPROVE,Background
8,8,0.8587048649787903,0.4465062787898931,BLOCK,Colorectal Adenocarcinoma
7,7,0.9999984502792358,0.545411788500205,APPROVE,Cancer-Assoc. Stroma
0,0,0.7876102924346924,0.3967400780090246,BLOCK,Adipose
3,3,0.9999704360961914,0.5453921785720739,APPROVE,Lymphocytes
5,5,0.9998394250869751,0.5453004708656224,APPROVE,Smooth Muscle
0,0,0.9985309839248657,0.5443845620521459,APPROVE,Adipose
6,6,0.9999972581863403,0.5454109540351781,APPROVE,Normal Colon Mucosa
5,5,0.9999200105667114,0.5453568807014378,APPROVE,Smooth Muscle
4,4,0.9999990463256836,0.5454122057327184,APPROVE,Mucus
1,1,0.9999659061431885,0.5453890076049718,APPROVE,Background
6,6,0.9799128770828247,0.5313518872627172,APPROVE,Normal Colon Mucosa
5,7,0.9993075132369995,0.5449281325706395,APPROVE,Cancer-Assoc. Stroma
4,4,0.9994325041770935,0.5450156262287054,APPROVE,Mucus
5,5,0.982121467590332,0.5328979006179723,APPROVE,Smooth Muscle
0,0,0.9174850583076477,0.48765241412009336,BLOCK,Adipose
5,5,0.9858432412147522,0.5355031421550664,APPROVE,Smooth Muscle
6,6,0.9985255599021912,0.5443807652362737,APPROVE,Normal Colon Mucosa
8,8,0.9998495578765869,0.5453075638183507,APPROVE,Colorectal Adenocarcinoma
4,4,0.9999982118606567,0.5454605865792022,APPROVE,Mucus
4,2,0.8906465768814087,0.46891444209372857,BLOCK,Debris
1,1,0.9996786117553711,0.5452368665055022,APPROVE,Background
0,0,0.9985522627830505,0.5444484222248778,APPROVE,Adipose
3,3,0.9999880790710449,0.5454534936264739,APPROVE,Lymphocytes
6,6,0.9830275774002075,0.5335811424568877,APPROVE,Normal Colon Mucosa
5,5,0.9999749660491943,0.5454443145111785,APPROVE,Smooth Muscle
8,8,0.9999957084655762,0.5454588342026457,APPROVE,Colorectal Adenocarcinoma
4,4,0.9981088638305664,0.544138042958139,APPROVE,Mucus
1,1,0.9999922513961792,0.5454564142540679,APPROVE,Background
5,7,0.7285813689231873,0.3554687965229736,BLOCK,Cancer-Assoc. Stroma
0,0,0.9996455907821655,0.5452137518242584,APPROVE,Adipose
6,6,0.9999990463256836,0.545461170704721,APPROVE,Normal Colon Mucosa
3,3,0.9993076324462891,0.5449771809891448,APPROVE,Lymphocytes
0,0,0.9993293285369873,0.5449923682526335,APPROVE,Adipose
3,3,0.9999982118606567,0.5454605865792022,APPROVE,Lymphocytes
8,8,0.999998927116394,0.5454610872582183,APPROVE,Colorectal Adenocarcinoma
0,0,0.9995866417884827,0.5451724875286803,APPROVE,Adipose
0,0,0.7396363019943237,0.3632072496727691,BLOCK,Adipose
5,5,0.9999943971633911,0.5454579162911162,APPROVE,Smooth Muscle
4,4,0.9999934434890747,0.5454572487190947,APPROVE,Mucus
0,0,0.9979225993156433,0.5440076577976928,APPROVE,Adipose
0,0,0.9992507100105286,0.5449373352841125,APPROVE,Adipose
8,8,0.999992847442627,0.5454568314865813,APPROVE,Colorectal Adenocarcinoma
3,3,0.999935507774353,0.5454166937187895,APPROVE,Lymphocytes
8,8,0.9971926808357239,0.5434967148617491,APPROVE,Colorectal Adenocarcinoma
6,6,1.0,0.5454618382767424,APPROVE,Normal Colon Mucosa
6,6,0.6985451579093933,0.3344434488133178,BLOCK,Normal Colon Mucosa
8,8,0.5568073391914368,0.23522697571074822,BLOCK,Colorectal Adenocarcinoma
6,6,0.9999977350234985,0.5454602527931914,APPROVE,Normal Colon Mucosa
6,6,0.9999997615814209,0.545461671383737,APPROVE,Normal Colon Mucosa
5,0,0.8239721059799194,0.42224231246268606,BLOCK,Adipose
4,4,0.9999829530715942,0.5454084681469007,APPROVE,Mucus
6,6,0.9999991655349731,0.5454198168712658,APPROVE,Normal Colon Mucosa
8,8,0.9999921321868896,0.5454148935276074,APPROVE,Colorectal Adenocarcinoma
1,1,0.9999732971191406,0.5454017089801831,APPROVE,Background
1,1,0.9999872446060181,0.5454114722209973,APPROVE,Background
3,3,0.9986631870269775,0.544484631915669,APPROVE,Lymphocytes
4,4,0.9999549388885498,0.5453888582187696,APPROVE,Mucus
5,5,0.9999958276748657,0.5454174803691907,APPROVE,Smooth Muscle
8,8,0.9935158491134644,0.5408814953762098,APPROVE,Colorectal Adenocarcinoma
0,0,0.9404782652854919,0.503755186696629,APPROVE,Adipose
1,1,0.999988317489624,0.5454122232395215,APPROVE,Background
0,0,0.9999947547912598,0.5454167293506665,APPROVE,Adipose
1,1,0.9998592138290405,0.545321850677113,APPROVE,Background
4,4,0.9998748302459717,0.5453327821689649,APPROVE,Mucus
4,4,0.9876947402954102,0.5368067192035718,APPROVE,Mucus
8,8,0.9999908208847046,0.5454139756160779,APPROVE,Colorectal Adenocarcinoma
0,0,0.9999709129333496,0.5454000400501294,APPROVE,Adipose
1,1,0.9999904632568359,0.5454137252765698,APPROVE,Background
8,8,0.9999315738677979,0.5453725027042432,APPROVE,Colorectal Adenocarcinoma
0,0,0.9952665567398071,0.5421069907146496,APPROVE,Adipose
3,3,0.9977850914001465,0.5438699649768872,APPROVE,Lymphocytes
7,7,0.94877690076828,0.5095642315345807,APPROVE,Cancer-Assoc. Stroma
1,1,0.9999852180480957,0.5454100536304517,APPROVE,Background
5,5,0.999995231628418,0.5454170631366773,APPROVE,Smooth Muscle
1,1,0.9999916553497314,0.5454145597415967,APPROVE,Background
8,8,0.8200699090957642,0.4194693373638196,BLOCK,Colorectal Adenocarcinoma
3,3,0.9986677169799805,0.544487802882771,APPROVE,Lymphocytes
0,0,0.9999889135360718,0.545412640472035,APPROVE,Adipose
4,4,0.9992332458496094,0.5448836730915112,APPROVE,Mucus
8,8,0.9622372388839722,0.5189864682155652,APPROVE,Colorectal Adenocarcinoma
1,1,0.9999794960021973,0.5454060481983227,APPROVE,Background
8,8,0.9999927282333374,0.5454153107601208,APPROVE,Colorectal Adenocarcinoma
8,8,0.9998712539672852,0.5453371779227827,APPROVE,Colorectal Adenocarcinoma
2,2,0.9992815852165222,0.5449244097972487,APPROVE,Debris
3,3,0.9990781545639038,0.5447820083404158,APPROVE,Lymphocytes
8,8,0.9999942779541016,0.5454232947135542,APPROVE,Colorectal Adenocarcinoma
1,1,0.9999747276306152,0.5454096094871137,APPROVE,Background
4,4,0.9999961853027344,0.5454246298575971,APPROVE,Mucus
6,6,0.7898651361465454,0.3983328954482649,BLOCK,Normal Colon Mucosa
3,3,0.9999918937683105,0.5454216257835005,APPROVE,Lymphocytes
3,3,0.9996415376663208,0.5451763765121076,APPROVE,Lymphocytes
5,5,0.9999861717224121,0.5454176203513715,APPROVE,Smooth Muscle
4,4,0.9996682405471802,0.5451950685287092,APPROVE,Mucus
8,8,0.9997467398643494,0.5452500180507276,APPROVE,Colorectal Adenocarcinoma
0,0,0.9998819828033447,0.5453446881080244,APPROVE,Adipose
0,0,0.9999819993972778,0.5454146997237775,APPROVE,Adipose
5,5,0.9980100989341736,0.5440343693996046,APPROVE,Smooth Muscle
0,0,0.9999960660934448,0.5454245464110945,APPROVE,Adipose
6,6,0.9999713897705078,0.5454072729850385,APPROVE,Normal Colon Mucosa
6,6,0.8103517293930054,0.41267351072078684,BLOCK,Normal Colon Mucosa
4,4,0.9990214109420776,0.5447422878051374,APPROVE,Mucus
1,1,0.9999755620956421,0.5454101936126325,APPROVE,Background
8,8,0.9999897480010986,0.5454201237464521,APPROVE,Colorectal Adenocarcinoma
0,0,0.9780352115631104,0.5300519482398603,APPROVE,Adipose
6,6,0.9942209720611572,0.5413819805884932,APPROVE,Normal Colon Mucosa
7,7,0.9208630323410034,0.4900314227843855,BLOCK,Cancer-Assoc. Stroma
3,3,0.9999902248382568,0.5454204575324628,APPROVE,Lymphocytes
2,7,0.4684252440929413,0.17332497101074198,BLOCK,Cancer-Assoc. Stroma
4,4,0.9999457597732544,0.5453893319869612,APPROVE,Mucus
7,7,0.9885287880897522,0.5373974518085096,APPROVE,Cancer-Assoc. Stroma
8,8,0.9999469518661499,0.545390166451988,APPROVE,Colorectal Adenocarcinoma
2,2,0.9994274377822876,0.5450265065932844,APPROVE,Debris
6,6,0.9948846697807312,0.541846568992195,APPROVE,Normal Colon Mucosa
1,1,0.999901294708252,0.5453582064414595,APPROVE,Background
0,0,0.8105809092521667,0.412891583591663,BLOCK,Adipose
0,0,0.9999860525131226,0.545475183874332,APPROVE,Adipose
7,7,0.9942989349365234,0.5414942015707127,APPROVE,Cancer-Assoc. Stroma
0,0,0.9991523027420044,0.5448915590345493,APPROVE,Adipose
5,5,0.9999979734420776,0.5454835285246006,APPROVE,Smooth Muscle
3,3,0.9991993308067322,0.5449244786798588,APPROVE,Lymphocytes
8,8,0.9999603033065796,0.545457159429752,APPROVE,Colorectal Adenocarcinoma
5,5,0.9984651803970337,0.5444105733930699,APPROVE,Smooth Muscle
6,6,0.9897043108940125,0.538277964740955,APPROVE,Normal Colon Mucosa
8,8,0.9890204071998596,0.537799232155048,APPROVE,Colorectal Adenocarcinoma
5,0,0.8336586952209473,0.4290460337698093,BLOCK,Adipose
1,1,0.9999159574508667,0.545426117330753,APPROVE,Background
3,3,0.9999212026596069,0.5454297889768711,APPROVE,Lymphocytes
2,2,0.5162526369094849,0.2068617929517857,BLOCK,Debris
6,6,0.9999891519546509,0.5454773534834019,APPROVE,Normal Colon Mucosa
8,8,0.9819437265396118,0.5328455556928745,APPROVE,Colorectal Adenocarcinoma
1,1,0.9998886585235596,0.545407008081638,APPROVE,Background
2,2,0.9996204376220703,0.5452192534505955,APPROVE,Debris
0,0,0.9999262094497681,0.545433293729984,APPROVE,Adipose
0,0,0.8224388360977173,0.42119213238354836,BLOCK,Adipose
0,0,0.9537443518638611,0.5131059934198491,APPROVE,Adipose
4,4,0.9702603220939636,0.5246671725809208,APPROVE,Mucus
0,0,0.5195263624191284,0.20915340080853617,BLOCK,Adipose
6,6,0.9970856308937073,0.5434448887407414,APPROVE,Normal Colon Mucosa
0,4,0.9755801558494568,0.528391056209766,APPROVE,Mucus
1,1,0.999963641166687,0.5454594959318272,APPROVE,Background
7,7,0.8567491173744202,0.44520932927724044,BLOCK,Cancer-Assoc. Stroma
6,6,0.9916627407073975,0.5396488656103245,APPROVE,Normal Colon Mucosa
4,4,0.9999899864196777,0.5454779376089207,APPROVE,Mucus
7,7,0.9995521903038025,0.545171480327808,APPROVE,Cancer-Assoc. Stroma
1,1,0.9999587535858154,0.5454560746252171,APPROVE,Background
4,4,0.9999996423721313,0.5454846967756383,APPROVE,Mucus
5,5,0.5291357040405273,0.21578882230480612,BLOCK,Smooth Muscle
6,6,0.999946117401123,0.5453561116572231,APPROVE,Normal Colon Mucosa
8,8,0.9998924732208252,0.5453185607310146,APPROVE,Colorectal Adenocarcinoma
6,6,0.9991531372070312,0.5448010255213589,APPROVE,Normal Colon Mucosa
3,8,0.8873034715652466,0.4665062595721095,BLOCK,Colorectal Adenocarcinoma
5,0,0.9638614654541016,0.520096855294308,APPROVE,Adipose
5,0,0.5292608141899109,0.2158763994093746,BLOCK,Adipose
5,5,0.9993476271629333,0.5449371684904903,APPROVE,Smooth Muscle
7,7,0.9853237867355347,0.5351204801913113,APPROVE,Cancer-Assoc. Stroma
6,6,0.9999998807907104,0.5453937460299343,APPROVE,Normal Colon Mucosa
8,8,0.9996705055236816,0.5451631833430142,APPROVE,Colorectal Adenocarcinoma
6,6,0.9999902248382568,0.5453869868632167,APPROVE,Normal Colon Mucosa
0,0,0.9995452761650085,0.5450755227919429,APPROVE,Adipose
0,0,0.9835182428359985,0.533856599461636,APPROVE,Adipose
1,1,0.999981164932251,0.5453806449290127,APPROVE,Background
6,6,0.9980354905128479,0.5440186728354305,APPROVE,Normal Colon Mucosa
0,0,0.7464092373847961,0.3678802956457942,BLOCK,Adipose
0,0,0.9930874705314636,0.5405550588484616,APPROVE,Adipose
2,2,0.999903678894043,0.5453264047022671,APPROVE,Debris
0,0,0.9998708963394165,0.5453034569140286,APPROVE,Adipose
2,7,0.6317837834358215,0.28764247788151204,BLOCK,Cancer-Assoc. Stroma
0,0,0.9997078776359558,0.5451893438216061,APPROVE,Adipose
4,4,0.9999974966049194,0.5453920770998806,APPROVE,Mucus
4,4,0.9999992847442627,0.5453933287974209,APPROVE,Mucus
6,6,0.9993855953216553,0.5449637462015957,APPROVE,Normal Colon Mucosa
0,4,0.8826478123664856,0.4632472981329769,BLOCK,Mucus
6,6,0.9999963045120239,0.5453912426348537,APPROVE,Normal Colon Mucosa
6,6,0.9964415431022644,0.5429029096480221,APPROVE,Normal Colon Mucosa
8,8,0.9999181032180786,0.545336501729092,APPROVE,Colorectal Adenocarcinoma
8,8,0.9997157454490662,0.5451948512907833,APPROVE,Colorectal Adenocarcinoma
5,5,0.9999368190765381,0.5453496028300137,APPROVE,Smooth Muscle
6,6,0.9987967014312744,0.5445515204783291,APPROVE,Normal Colon Mucosa
4,4,0.9998840093612671,0.5453634430349362,APPROVE,Mucus
8,8,0.9908389449119568,0.539031897920419,APPROVE,Colorectal Adenocarcinoma
3,3,0.9999995231628418,0.5454443026960385,APPROVE,Lymphocytes
8,8,0.9998855590820312,0.5453645278394711,APPROVE,Colorectal Adenocarcinoma
5,5,0.9999055862426758,0.5453785468519222,APPROVE,Smooth Muscle
8,7,0.5467243194580078,0.22815166010265467,BLOCK,Cancer-Assoc. Stroma
6,6,0.9999984502792358,0.5454435516775143,APPROVE,Normal Colon Mucosa
5,5,0.998714804649353,0.5445449997365963,APPROVE,Smooth Muscle
8,8,0.9999812841415405,0.5454315353811275,APPROVE,Colorectal Adenocarcinoma
7,7,0.9991137385368347,0.5448242534578335,APPROVE,Cancer-Assoc. Stroma
3,3,0.9325109124183655,0.498202275174905,BLOCK,Lymphocytes
3,3,0.9992619156837463,0.5449279774606717,APPROVE,Lymphocytes
2,2,0.9659140706062317,0.5215844859064114,APPROVE,Debris
8,8,0.9972085356712341,0.5434906114519131,APPROVE,Colorectal Adenocarcinoma
2,2,0.9993771910667419,0.5450086702287685,APPROVE,Debris
0,0,0.9996899366378784,0.5452275921285641,APPROVE,Adipose
5,5,0.9996452331542969,0.545196299690057,APPROVE,Smooth Muscle
8,8,0.9998936653137207,0.5453702022016537,APPROVE,Colorectal Adenocarcinoma
1,1,0.999982476234436,0.5454323698461544,APPROVE,Background
7,7,0.8416270017623901,0.43458353771572233,BLOCK,Cancer-Assoc. Stroma
3,3,0.9999730587005615,0.5454257775724423,APPROVE,Lymphocytes
6,6,0.981002926826477,0.5321466852605832,APPROVE,Normal Colon Mucosa
4,4,0.9999909400939941,0.5454382945478451,APPROVE,Mucus
6,6,1.0,0.5454446364820492,APPROVE,Normal Colon Mucosa
6,6,0.9994832277297974,0.5450828958929074,APPROVE,Normal Colon Mucosa
4,4,0.9963626265525818,0.5428984750688565,APPROVE,Mucus
0,0,0.911929190158844,0.48379506959324003,BLOCK,Adipose
0,0,0.9997968077659607,0.5453024019182217,APPROVE,Adipose
6,6,0.9987610578536987,0.5445773769796384,APPROVE,Normal Colon Mucosa
5,5,0.9996381998062134,0.5451913763463986,APPROVE,Smooth Muscle
8,4,0.669377863407135,0.31400914086704373,BLOCK,Mucus
5,5,0.9998650550842285,0.5453501750410091,APPROVE,Smooth Muscle
5,5,0.9968547821044922,0.5432115015944187,APPROVE,Smooth Muscle
4,4,0.9997747540473938,0.5452554819544497,APPROVE,Mucus
7,7,0.9986928105354309,0.5444981214960758,APPROVE,Cancer-Assoc. Stroma
2,2,0.978725790977478,0.5305212078055087,APPROVE,Debris
1,1,0.9999901056289673,0.5454062280615513,APPROVE,Background
3,3,0.9999493360519409,0.5453776893576328,APPROVE,Lymphocytes
0,0,0.97117018699646,0.525232285018796,APPROVE,Adipose
0,0,0.9921560287475586,0.5399223742445651,APPROVE,Adipose
8,8,0.999935507774353,0.5453680095633212,APPROVE,Colorectal Adenocarcinoma
0,0,0.9999978542327881,0.5454116520842258,APPROVE,Adipose
4,4,0.9999653100967407,0.5453888711889926,APPROVE,Mucus
5,0,0.7684125304222107,0.3833019254168217,BLOCK,Adipose
4,4,0.9977675676345825,0.5438504514654818,APPROVE,Mucus
8,8,0.9900761246681213,0.538466441388959,APPROVE,Colorectal Adenocarcinoma
4,5,0.6731081604957581,0.3165888664683048,BLOCK,Smooth Muscle
3,3,0.9999943971633911,0.5454092321356478,APPROVE,Lymphocytes
6,6,0.9995916485786438,0.5451273081263248,APPROVE,Normal Colon Mucosa
0,0,0.9984037280082703,0.5442957637270633,APPROVE,Adipose
0,0,0.9999639987945557,0.545387953277463,APPROVE,Adipose
8,8,0.9952507019042969,0.5420886454542819,APPROVE,Colorectal Adenocarcinoma
3,3,0.9999953508377075,0.5454098997076694,APPROVE,Lymphocytes
7,7,0.7538557648658752,0.37311218952738684,BLOCK,Cancer-Assoc. Stroma
0,0,0.9998319149017334,0.5452954945524875,APPROVE,Adipose
8,8,0.9999712705612183,0.5453930435141269,APPROVE,Colorectal Adenocarcinoma
5,5,0.9471848607063293,0.5084425566157047,APPROVE,Smooth Muscle
1,1,0.9999842643737793,0.5454021391829196,APPROVE,Background
0,0,0.9922093152999878,0.5399596748312656,APPROVE,Adipose
0,0,0.9955407977104187,0.5422917125185672,APPROVE,Adipose
7,7,0.9844980835914612,0.5345618126352969,APPROVE,Cancer-Assoc. Stroma
0,0,0.9969883561134338,0.5433050034006778,APPROVE,Adipose
0,0,0.7731886506080627,0.3866452095469181,BLOCK,Adipose
0,0,0.9990158081054688,0.5447242197951022,APPROVE,Adipose
1,1,0.9999531507492065,0.5453521281117644,APPROVE,Background
8,8,0.9999914169311523,0.5453789144391263,APPROVE,Colorectal Adenocarcinoma
6,6,0.9997827410697937,0.5452328413361753,APPROVE,Normal Colon Mucosa
2,2,0.9986528158187866,0.5444418936604704,APPROVE,Debris
5,0,0.8421702980995178,0.43490413125698224,BLOCK,Adipose
7,7,0.5796002149581909,0.2511050730580534,BLOCK,Cancer-Assoc. Stroma
0,0,0.9999113082885742,0.5453228383893217,APPROVE,Adipose
3,3,0.9998879432678223,0.5453064828747953,APPROVE,Lymphocytes
5,5,0.5903873443603516,0.25865606363956584,BLOCK,Smooth Muscle
4,4,0.9989237189292908,0.5446315258378233,APPROVE,Mucus
5,2,0.7166686654090881,0.3470529883736815,BLOCK,Debris
5,5,0.9999022483825684,0.5453164964551176,APPROVE,Smooth Muscle
0,0,0.9920252561569214,0.5398026018971647,APPROVE,Adipose
3,3,0.9999983310699463,0.5453837543362822,APPROVE,Lymphocytes
2,2,0.9995856881141663,0.5450949042672362,APPROVE,Debris
8,8,0.9254165887832642,0.49317653473560463,BLOCK,Colorectal Adenocarcinoma
8,8,0.9999721050262451,0.5453653961056913,APPROVE,Colorectal Adenocarcinoma
4,4,0.999674916267395,0.5451573639744962,APPROVE,Mucus
4,4,0.999997615814209,0.545383253657266,APPROVE,Mucus
0,0,0.9993047714233398,0.5448982625836576,APPROVE,Adipose
4,4,0.9999992847442627,0.5453844219083036,APPROVE,Mucus
7,7,0.6033039689064026,0.26769770082180155,BLOCK,Cancer-Assoc. Stroma
7,7,0.9952293634414673,0.5420454769963469,APPROVE,Cancer-Assoc. Stroma
4,4,0.9999815225601196,0.5453719883794035,APPROVE,Mucus
2,2,0.999995231628418,0.5453815847272123,APPROVE,Debris
6,6,0.9967100620269775,0.5430819660062041,APPROVE,Normal Colon Mucosa
3,3,0.9989272952079773,0.5446340292329038,APPROVE,Lymphocytes
3,3,0.9996737241744995,0.5451565295094694,APPROVE,Lymphocytes
6,4,0.8391685485839844,0.43280290659610876,BLOCK,Mucus
3,3,0.9660852551460266,0.5216446011895384,APPROVE,Lymphocytes
5,5,0.9999598264694214,0.5453568011159147,APPROVE,Smooth Muscle
1,1,0.9999713897705078,0.5453648954266752,APPROVE,Background
0,0,0.9997478127479553,0.5453228292354642,APPROVE,Adipose
8,8,0.9999798536300659,0.5454852578529416,APPROVE,Colorectal Adenocarcinoma
6,6,0.7544274926185608,0.3735986051448879,BLOCK,Normal Colon Mucosa
1,1,0.9999456405639648,0.5454613087066708,APPROVE,Background
4,4,0.9999945163726807,0.5454955217727718,APPROVE,Mucus
4,4,0.9976392984390259,0.5438468692192135,APPROVE,Mucus
2,2,0.9990494847297668,0.5448339996227322,APPROVE,Debris
1,1,0.9999542236328125,0.5454673168548642,APPROVE,Background
6,6,0.9988147020339966,0.544669651735693,APPROVE,Normal Colon Mucosa
8,8,0.9999344348907471,0.5454534647354183,APPROVE,Colorectal Adenocarcinoma
0,0,0.9863141775131226,0.5359192845710812,APPROVE,Adipose
3,3,0.9999871253967285,0.5454903480896054,APPROVE,Lymphocytes
2,2,0.998747706413269,0.5446227548011837,APPROVE,Debris
5,7,0.9997583031654358,0.5453301725277004,APPROVE,Cancer-Assoc. Stroma
7,7,0.9999576807022095,0.545469736803442,APPROVE,Cancer-Assoc. Stroma
4,4,0.9999856948852539,0.5454893467315731,APPROVE,Mucus
0,0,0.9883663058280945,0.5373557743915616,APPROVE,Adipose
1,1,0.9999520778656006,0.5454658148178158,APPROVE,Background
0,0,0.9889488220214844,0.5377635357269345,APPROVE,Adipose
6,6,0.9855013489723206,0.5353503045925198,APPROVE,Normal Colon Mucosa
0,4,0.8245271444320679,0.4226683614143429,BLOCK,Mucus
3,3,0.9999476671218872,0.5454627272972165,APPROVE,Lymphocytes
0,0,0.9998966455459595,0.545427012194067,APPROVE,Adipose
4,4,0.9998499155044556,0.5453943011650143,APPROVE,Mucus
6,6,0.9999569654464722,0.5454692361244259,APPROVE,Normal Colon Mucosa
0,0,0.9607930183410645,0.5180544731506405,APPROVE,Adipose
6,6,0.9697501063346863,0.5243244347461757,APPROVE,Normal Colon Mucosa
5,5,0.9999291896820068,0.5454497930893002,APPROVE,Smooth Muscle
2,2,0.9984394907951355,0.5444070038684903,APPROVE,Debris
3,3,0.850662350654602,0.44096300577011677,BLOCK,Lymphocytes
2,2,0.9998846054077148,0.5454185840972958,APPROVE,Debris
1,1,0.9999879598617554,0.5454909322151241,APPROVE,Background
3,8,0.743059515953064,0.3655717050842071,BLOCK,Colorectal Adenocarcinoma
8,8,0.9986427426338196,0.544479963760736,APPROVE,Colorectal Adenocarcinoma
5,5,0.997198224067688,0.5434688007644439,APPROVE,Smooth Muscle
5,0,0.6122598648071289,0.2740119492820525,BLOCK,Adipose
8,8,0.9997026324272156,0.5452218866161131,APPROVE,Colorectal Adenocarcinoma
1,4,0.8207477927207947,0.4199534988216186,BLOCK,Mucus
8,7,0.6976792812347412,0.33380554078138114,BLOCK,Cancer-Assoc. Stroma
5,5,0.999716579914093,0.5452316498569274,APPROVE,Smooth Muscle
0,0,0.9998568296432495,0.5453298246673369,APPROVE,Adipose
7,7,0.9997379183769226,0.5452465867809081,APPROVE,Cancer-Assoc. Stroma
6,6,0.9903106689453125,0.538647512178781,APPROVE,Normal Colon Mucosa
3,3,0.9999990463256836,0.5454293763450409,APPROVE,Lymphocytes
3,8,0.997512936592102,0.5436890995315338,APPROVE,Colorectal Adenocarcinoma
8,8,0.9999995231628418,0.5454297101310516,APPROVE,Colorectal Adenocarcinoma
5,5,0.9999651908874512,0.5454056775382781,APPROVE,Smooth Muscle
6,6,0.9134095311164856,0.4848167156986022,BLOCK,Normal Colon Mucosa
4,4,0.9831629991531372,0.5336441433242584,APPROVE,Mucus
8,7,0.660571277141571,0.30782993791616203,BLOCK,Cancer-Assoc. Stroma
8,8,0.9999083280563354,0.5453658735564971,APPROVE,Colorectal Adenocarcinoma
8,8,0.999969482421875,0.5454086816123748,APPROVE,Colorectal Adenocarcinoma
8,8,0.9999943971633911,0.545426121931436,APPROVE,Colorectal Adenocarcinoma
0,0,0.9986438155174255,0.5444807147792602,APPROVE,Adipose
8,8,0.9999804496765137,0.5454163586906219,APPROVE,Colorectal Adenocarcinoma
0,0,0.999951958656311,0.5453964149764801,APPROVE,Adipose
4,4,0.9994239807128906,0.5450268304160857,APPROVE,Mucus
3,3,0.9999998807907104,0.5454299604705596,APPROVE,Lymphocytes
4,2,0.9143628478050232,0.48548403738057855,BLOCK,Debris
2,2,0.9997954964637756,0.5452868914417053,APPROVE,Debris
0,0,0.9999635219573975,0.5454045092872405,APPROVE,Adipose
4,4,0.9999445676803589,0.5453912412933135,APPROVE,Mucus
5,2,0.9986206293106079,0.5444644844344878,APPROVE,Debris
6,6,1.0,0.5454300439170623,APPROVE,Normal Colon Mucosa
3,3,0.9999997615814209,0.5454521931660887,APPROVE,Lymphocytes
6,4,0.5958824753761292,0.2625700928223845,BLOCK,Mucus
6,6,0.9999974966049194,0.5454506076825377,APPROVE,Normal Colon Mucosa
7,7,0.9996598958969116,0.5452142871869323,APPROVE,Cancer-Assoc. Stroma
4,4,0.9968276619911194,0.5432317234528777,APPROVE,Mucus
0,0,0.7544347643852234,0.3735566951287505,BLOCK,Adipose
4,4,0.9943813681602478,0.5415193177712676,APPROVE,Mucus
1,1,0.9999516010284424,0.5454184807790038,APPROVE,Background
4,4,0.9998325109481812,0.545335117722821,APPROVE,Mucus
4,4,0.9988763928413391,0.5446658350480316,APPROVE,Mucus
1,1,0.9999679327011108,0.5454299129498718,APPROVE,Background
4,4,0.9998723268508911,0.5453629888547179,APPROVE,Mucus
8,8,0.9997195601463318,0.5452560521615264,APPROVE,Colorectal Adenocarcinoma
0,0,0.9742099046707153,0.5273992933285949,APPROVE,Adipose
0,0,0.9991366267204285,0.5448479987633941,APPROVE,Adipose
1,1,0.9999892711639404,0.5454448498738524,APPROVE,Background
4,4,0.9997019171714783,0.545243702079129,APPROVE,Mucus
0,0,0.9269777536392212,0.4943367876065489,BLOCK,Adipose
4,4,0.9999467134475708,0.5454150594723937,APPROVE,Mucus
4,4,0.9999936819076538,0.5454479373944519,APPROVE,Mucus
3,3,0.9999958276748657,0.5454494394315001,APPROVE,Lymphocytes
0,0,0.9970402121543884,0.543380508567166,APPROVE,Adipose
4,4,0.9999983310699463,0.5454511918080566,APPROVE,Mucus
8,8,0.9970797896385193,0.5434082128060577,APPROVE,Colorectal Adenocarcinoma
5,7,0.9214916229248047,0.49049649610645735,BLOCK,Cancer-Assoc. Stroma
5,2,0.9930009841918945,0.5405530489934203,APPROVE,Debris
6,6,0.999396562576294,0.5450299538624999,APPROVE,Normal Colon Mucosa
2,2,0.9996631145477295,0.5452165402425048,APPROVE,Debris
8,8,0.9712150692939758,0.5253029085648773,APPROVE,Colorectal Adenocarcinoma
0,0,0.7904039025306702,0.39873509183056316,BLOCK,Adipose
4,4,0.9982525706291199,0.544229159499478,APPROVE,Mucus
0,0,0.9997559189796448,0.5452815033448455,APPROVE,Adipose
5,5,0.9998403787612915,0.5453379784054367,APPROVE,Smooth Muscle
5,5,0.9999737739562988,0.5454313550419418,APPROVE,Smooth Muscle
8,8,0.9992688298225403,0.5449378941483108,APPROVE,Colorectal Adenocarcinoma
6,6,0.9999103546142578,0.5453869615025131,APPROVE,Normal Colon Mucosa
6,6,0.9999864101409912,0.5454402003712265,APPROVE,Normal Colon Mucosa
2,2,0.9999499320983887,0.5454146657414047,APPROVE,Debris
0,0,0.9953664541244507,0.5422062311596482,APPROVE,Adipose
4,4,0.9999985694885254,0.5454487119145004,APPROVE,Mucus
0,0,0.9817137122154236,0.5326493118233292,APPROVE,Adipose
0,0,0.9866256713867188,0.5360876832432357,APPROVE,Adipose
3,3,0.9996170997619629,0.5451816831059066,APPROVE,Lymphocytes
4,4,1.0,0.5454497132725327,APPROVE,Mucus
8,8,0.9983251690864563,0.544277331633052,APPROVE,Colorectal Adenocarcinoma
3,3,0.9971875548362732,0.5434810016579239,APPROVE,Lymphocytes
0,0,0.9646756052970886,0.5207226369804947,APPROVE,Adipose
6,4,0.7029685974121094,0.3375277314610093,BLOCK,Mucus
6,6,0.999609649181366,0.5451764676994888,APPROVE,Normal Colon Mucosa
5,0,0.5460869073867798,0.2277105484432786,BLOCK,Adipose
3,3,0.9987323880195618,0.5445623848862259,APPROVE,Lymphocytes
6,6,0.9999998807907104,0.54544962982603,APPROVE,Normal Colon Mucosa
5,7,0.9999630451202393,0.5454238448567001,APPROVE,Cancer-Assoc. Stroma
5,5,0.9998559951782227,0.5453489098972886,APPROVE,Smooth Muscle
0,0,0.997611403465271,0.5437776956982223,APPROVE,Adipose
7,7,0.9992196559906006,0.544903472465953,APPROVE,Cancer-Assoc. Stroma
8,8,0.999910831451416,0.5453872952885239,APPROVE,Colorectal Adenocarcinoma
1,1,0.9999444484710693,0.5454108272022812,APPROVE,Background
1,1,0.9999079704284668,0.5453852925724594,APPROVE,Background
8,8,0.9998598098754883,0.5453515801853744,APPROVE,Colorectal Adenocarcinoma
4,4,0.9993483424186707,0.5449935529656021,APPROVE,Mucus
3,8,0.7918669581413269,0.3997565839714616,BLOCK,Colorectal Adenocarcinoma
5,5,0.9999862909317017,0.5454401169247238,APPROVE,Smooth Muscle
4,4,0.995061457157135,0.5419927332825272,APPROVE,Mucus
6,6,0.9998856782913208,0.5453332693875237,APPROVE,Normal Colon Mucosa
0,0,0.9817002415657043,0.5326034636795921,APPROVE,Adipose
4,4,0.9979425072669983,0.5439730496704979,APPROVE,Mucus
0,0,0.9980494976043701,0.5440479429066581,APPROVE,Adipose
6,6,0.9999804496765137,0.5453996093571587,APPROVE,Normal Colon Mucosa
1,1,0.9999898672103882,0.5454062016308708,APPROVE,Background
1,1,0.9999552965164185,0.545382002145092,APPROVE,Background
6,6,0.9997562766075134,0.5452426882088585,APPROVE,Normal Colon Mucosa
8,8,0.9999610185623169,0.5453860075772209,APPROVE,Colorectal Adenocarcinoma
0,0,0.9996477365493774,0.5451667101681633,APPROVE,Adipose
6,6,0.9994369149208069,0.5450191350281639,APPROVE,Normal Colon Mucosa
7,7,0.9908041954040527,0.538976231366436,APPROVE,Cancer-Assoc. Stroma
1,1,0.9999059438705444,0.5453474552929802,APPROVE,Background
4,4,0.9999986886978149,0.5454123766720695,APPROVE,Mucus
4,4,0.9998558759689331,0.5453124077618523,APPROVE,Mucus
0,0,0.9814804196357727,0.53244958832864,APPROVE,Adipose
8,8,0.9999747276306152,0.5453956039250297,APPROVE,Colorectal Adenocarcinoma
8,8,0.9999598264694214,0.545385173112194,APPROVE,Colorectal Adenocarcinoma
8,8,0.9998791217803955,0.545328679829876,APPROVE,Colorectal Adenocarcinoma
4,4,0.9999994039535522,0.5454128773510857,APPROVE,Mucus
8,8,0.9994117021560669,0.5450014860928459,APPROVE,Colorectal Adenocarcinoma
6,6,0.9996289014816284,0.545153525620739,APPROVE,Normal Colon Mucosa
1,1,0.9999620914459229,0.5453867585957451,APPROVE,Background
4,4,0.9998807907104492,0.5453298480809136,APPROVE,Mucus
7,7,0.9268773794174194,0.49422746017579267,BLOCK,Cancer-Assoc. Stroma
0,0,0.9905390739440918,0.5387906463444634,APPROVE,Adipose
6,6,0.9999221563339233,0.5453588040173455,APPROVE,Normal Colon Mucosa
5,7,0.9999176263809204,0.5453556330502434,APPROVE,Cancer-Assoc. Stroma
3,3,0.9994307160377502,0.5450147958100243,APPROVE,Lymphocytes
1,1,0.9999356269836426,0.5453682334721489,APPROVE,Background
8,8,0.8279950022697449,0.4250097961724205,BLOCK,Colorectal Adenocarcinoma
2,2,0.9993568062782288,0.5449630589783593,APPROVE,Debris
8,8,0.9998363256454468,0.5453357702094173,APPROVE,Colorectal Adenocarcinoma
6,6,0.9994601607322693,0.545072454770193,APPROVE,Normal Colon Mucosa
0,0,0.9112966656684875,0.48335800822554575,BLOCK,Adipose
7,7,0.9996026158332825,0.5451721733409022,APPROVE,Cancer-Assoc. Stroma
6,6,0.999980092048645,0.5454364066916559,APPROVE,Normal Colon Mucosa
8,8,0.9999250173568726,0.5453978544074153,APPROVE,Colorectal Adenocarcinoma
8,8,0.9999935626983643,0.5454458361464595,APPROVE,Colorectal Adenocarcinoma
6,6,0.4333608150482178,0.1488029127913569,BLOCK,Normal Colon Mucosa
8,8,0.9988695979118347,0.5446590607958888,APPROVE,Colorectal Adenocarcinoma
8,8,0.995103120803833,0.5420225268202876,APPROVE,Colorectal Adenocarcinoma
0,0,0.9803204536437988,0.5316746598082637,APPROVE,Adipose
4,4,0.9999181032180786,0.5453930145102595,APPROVE,Mucus
7,7,0.9998623132705688,0.5453539615470027,APPROVE,Cancer-Assoc. Stroma
8,8,0.9999123811721802,0.5453890090781306,APPROVE,Colorectal Adenocarcinoma
5,5,0.9999648332595825,0.5454257255393122,APPROVE,Smooth Muscle
8,8,0.9999979734420776,0.5454489236670588,APPROVE,Colorectal Adenocarcinoma
5,7,0.995394766330719,0.5422266786891078,APPROVE,Cancer-Assoc. Stroma
8,8,0.9999579191207886,0.5454208856421565,APPROVE,Colorectal Adenocarcinoma
1,1,0.9999481439590454,0.5454140430289363,APPROVE,Background
4,4,0.9998453855514526,0.5453421121436213,APPROVE,Mucus
3,3,0.9997439980506897,0.5452711408930873,APPROVE,Lymphocytes
1,1,0.999964714050293,0.5454256420928095,APPROVE,Background
8,8,0.9903694987297058,0.5387089913683986,APPROVE,Colorectal Adenocarcinoma
3,3,0.9994866847991943,0.5450910216170405,APPROVE,Lymphocytes
0,0,0.9503050446510315,0.5106638735133265,APPROVE,Adipose
7,7,0.44793951511383057,0.15900800283728586,BLOCK,Cancer-Assoc. Stroma
3,3,0.9933261871337891,0.5407786732512568,APPROVE,Lymphocytes
8,8,0.6992608904838562,0.3349329655963038,BLOCK,Colorectal Adenocarcinoma
8,8,0.999930739402771,0.5454018598395441,APPROVE,Colorectal Adenocarcinoma
3,3,0.9993213415145874,0.5449752813178157,APPROVE,Lymphocytes
4,4,0.9999264478683472,0.5453988557654474,APPROVE,Mucus
5,2,0.9286548495292664,0.49550873692809094,BLOCK,Debris
1,1,0.9999558925628662,0.5454425011706037,APPROVE,Background
8,8,0.9994801878929138,0.545109507901637,APPROVE,Colorectal Adenocarcinoma
1,1,0.9999940395355225,0.545469204051463,APPROVE,Background
4,4,0.9999715089797974,0.5454534326624555,APPROVE,Mucus
2,2,0.9991106390953064,0.5448508237433118,APPROVE,Debris
5,5,0.9999606609344482,0.5454458390307111,APPROVE,Smooth Muscle
4,4,0.9999680519104004,0.5454510127138776,APPROVE,Mucus
1,1,0.9999741315841675,0.5454552684855145,APPROVE,Background
3,3,0.9995520710945129,0.5451598261427564,APPROVE,Lymphocytes
3,3,0.989544689655304,0.5381546591353101,APPROVE,Lymphocytes
1,1,0.9999175071716309,0.5454156313967389,APPROVE,Background
7,6,0.9154706001281738,0.486302796466319,BLOCK,Normal Colon Mucosa
3,3,0.9903263449668884,0.5387018178534192,APPROVE,Lymphocytes
2,2,0.9996321201324463,0.5452158604693097,APPROVE,Debris
2,2,0.9991801381111145,0.5448994730543775,APPROVE,Debris
4,5,0.6854848265647888,0.3253127549719495,BLOCK,Smooth Muscle
0,0,0.9943947792053223,0.5415497218203229,APPROVE,Adipose
8,8,0.9999750852584839,0.5454559360575361,APPROVE,Colorectal Adenocarcinoma
4,4,0.9643163084983826,0.5204947923254651,APPROVE,Mucus
8,8,0.9986560344696045,0.5445326005053205,APPROVE,Colorectal Adenocarcinoma
2,2,0.9998130202293396,0.545342490537135,APPROVE,Debris
8,8,0.9948260188102722,0.5418515895437879,APPROVE,Colorectal Adenocarcinoma
1,1,0.9999750852584839,0.5454559360575361,APPROVE,Background
5,5,0.6416646838188171,0.2946386550497693,BLOCK,Smooth Muscle
6,6,0.9986099004745483,0.5445003067087811,APPROVE,Normal Colon Mucosa
5,5,0.9988186955451965,0.5446464632582348,APPROVE,Smooth Muscle
6,6,0.8661456108093262,0.4517753039431256,BLOCK,Normal Colon Mucosa
8,8,0.9970881342887878,0.5434350703787488,APPROVE,Colorectal Adenocarcinoma
5,0,0.8476853966712952,0.43885315404650393,BLOCK,Adipose
8,8,0.9977529644966125,0.5439004515242261,APPROVE,Colorectal Adenocarcinoma
0,0,0.9999991655349731,0.5454727922510785,APPROVE,Adipose
1,1,0.9999494552612305,0.5454379950594587,APPROVE,Background
8,8,0.9998340606689453,0.5452678145426216,APPROVE,Colorectal Adenocarcinoma
3,3,0.9992103576660156,0.5448312224405709,APPROVE,Lymphocytes
0,0,0.9967378973960876,0.5431005002516213,APPROVE,Adipose
1,1,0.9999791383743286,0.54536936893639,APPROVE,Background
0,0,0.9976867437362671,0.5437646926897469,APPROVE,Adipose
6,6,0.9998830556869507,0.5453021110552254,APPROVE,Normal Colon Mucosa
8,8,0.9999703168869019,0.5453631938951913,APPROVE,Colorectal Adenocarcinoma
3,3,0.9997326731681824,0.5451968432920876,APPROVE,Lymphocytes
0,0,0.9996253252029419,0.5451216997164193,APPROVE,Adipose
4,4,0.9999375343322754,0.5453402461069528,APPROVE,Mucus
1,2,0.9996036887168884,0.5451065541761818,APPROVE,Debris
7,7,0.9998365640640259,0.545269566919178,APPROVE,Cancer-Assoc. Stroma
3,3,0.999984622001648,0.5453732074755135,APPROVE,Lymphocytes
4,4,0.999955415725708,0.5453527630823556,APPROVE,Mucus
2,2,0.9976488947868347,0.5437381984251443,APPROVE,Debris
0,0,0.9997480511665344,0.545207607890934,APPROVE,Adipose
1,1,0.9999295473098755,0.5453346551912728,APPROVE,Background
8,8,0.9999301433563232,0.5453350724237862,APPROVE,Colorectal Adenocarcinoma
7,7,0.9999761581420898,0.5453672827738228,APPROVE,Cancer-Assoc. Stroma
3,3,0.998751163482666,0.5445097865122261,APPROVE,Lymphocytes
0,0,0.9996323585510254,0.5451266230600778,APPROVE,Adipose
5,2,0.642855703830719,0.2953829647558633,BLOCK,Debris
1,1,0.9999575614929199,0.5453542651194039,APPROVE,Background
8,8,0.9999725818634033,0.5453647793787423,APPROVE,Colorectal Adenocarcinoma
8,8,0.8446102142333984,0.4366111220377389,BLOCK,Colorectal Adenocarcinoma
0,0,0.9969122409820557,0.5432225407617989,APPROVE,Adipose
6,6,0.9999971389770508,0.5453819693582955,APPROVE,Normal Colon Mucosa
4,5,0.5315592288970947,0.21747543230232627,BLOCK,Smooth Muscle
8,8,0.9977036118507385,0.5437765003698769,APPROVE,Colorectal Adenocarcinoma
8,8,0.999498724937439,0.5450330795305672,APPROVE,Colorectal Adenocarcinoma
8,8,0.9991243481636047,0.5447710157888833,APPROVE,Colorectal Adenocarcinoma
0,0,0.9978603720664978,0.5438862325209084,APPROVE,Adipose
7,7,0.9998916387557983,0.5453816846540684,APPROVE,Cancer-Assoc. Stroma
0,0,0.9973492622375488,0.5436020210912937,APPROVE,Adipose
0,0,0.9957647323608398,0.5424928501775975,APPROVE,Adipose
4,4,0.9999995231628418,0.5454572037389989,APPROVE,Mucus
4,4,0.9999998807907104,0.5454574540785069,APPROVE,Mucus
3,3,0.9998111128807068,0.5453253165415043,APPROVE,Lymphocytes
3,3,0.9969494938850403,0.5433221832445377,APPROVE,Lymphocytes
2,2,0.9990648627281189,0.5448029414346928,APPROVE,Debris
0,4,0.9997701048851013,0.5452966109445805,APPROVE,Mucus
0,0,0.9741429686546326,0.5273576155832523,APPROVE,Adipose
8,8,0.9973204731941223,0.5435818687608952,APPROVE,Colorectal Adenocarcinoma
2,2,0.9999984502792358,0.5454564527204747,APPROVE,Debris
1,1,0.9999948740005493,0.5454539493253941,APPROVE,Background
6,6,0.999998927116394,0.5454567865064854,APPROVE,Normal Colon Mucosa
5,5,0.9902346134185791,0.538621766918015,APPROVE,Smooth Muscle
1,1,0.9999170303344727,0.5453994587591404,APPROVE,Background
1,1,0.9999524354934692,0.5454242423704381,APPROVE,Background
8,8,0.9999873638153076,0.5454486921957249,APPROVE,Colorectal Adenocarcinoma
1,1,0.9999188184738159,0.5454007104566807,APPROVE,Background
6,6,0.9993162155151367,0.5449788883856053,APPROVE,Normal Colon Mucosa
5,5,0.9994944334030151,0.5451036409071202,APPROVE,Smooth Muscle
8,8,0.9995481371879578,0.5451412335565801,APPROVE,Colorectal Adenocarcinoma
4,4,0.9998931884765625,0.5453827694586033,APPROVE,Mucus
5,5,0.9998658895492554,0.5453636602094883,APPROVE,Smooth Muscle
3,3,0.9996781349182129,0.5452322319677586,APPROVE,Lymphocytes
8,8,0.9999867677688599,0.5454482749632115,APPROVE,Colorectal Adenocarcinoma
3,3,0.9999963045120239,0.5454549506834263,APPROVE,Lymphocytes
6,6,0.9999971389770508,0.5454555348089452,APPROVE,Normal Colon Mucosa
5,7,0.9932936429977417,0.5407630876234287,APPROVE,Cancer-Assoc. Stroma
5,5,0.9993778467178345,0.5450220302274937,APPROVE,Smooth Muscle
5,5,0.9999912977218628,0.5454514459303136,APPROVE,Smooth Muscle
2,2,0.9987521171569824,0.5445840195348973,APPROVE,Debris
8,8,0.998755693435669,0.5445294292915089,APPROVE,Colorectal Adenocarcinoma
4,5,0.7348986268043518,0.3598294826495869,BLOCK,Smooth Muscle
0,0,0.9999775886535645,0.5453847559440358,APPROVE,Adipose
8,8,0.999879002571106,0.5453157456863148,APPROVE,Colorectal Adenocarcinoma
4,4,0.9999043941497803,0.5453335197913868,APPROVE,Mucus
5,5,0.9999990463256836,0.5453997763145192,APPROVE,Smooth Muscle
3,3,0.9996684789657593,0.5451683791625721,APPROVE,Lymphocytes
8,8,0.9824574589729309,0.5331206651675923,APPROVE,Colorectal Adenocarcinoma
8,8,0.9999377727508545,0.5453568848121387,APPROVE,Colorectal Adenocarcinoma
7,7,0.9988793730735779,0.5446160050380452,APPROVE,Cancer-Assoc. Stroma
2,2,0.9994275569915771,0.5449997337806446,APPROVE,Debris
2,2,0.9987527132034302,0.5445273431289418,APPROVE,Debris
6,6,1.0,0.5454004438865406,APPROVE,Normal Colon Mucosa
1,1,0.9999185800552368,0.5453434499252064,APPROVE,Background
3,3,0.9999969005584717,0.5453982742774708,APPROVE,Lymphocytes
7,7,0.7358057498931885,0.36046446881177263,BLOCK,Cancer-Assoc. Stroma
2,2,0.999915599822998,0.5453413637626393,APPROVE,Debris
8,7,0.4959511458873749,0.19256624600770303,BLOCK,Cancer-Assoc. Stroma
8,8,0.9996458292007446,0.5451525243270618,APPROVE,Colorectal Adenocarcinoma
0,0,0.9999953508377075,0.5453971894729359,APPROVE,Adipose
8,8,0.9986783862113953,0.5444753142345173,APPROVE,Colorectal Adenocarcinoma
0,0,0.9988371729850769,0.5445864649760944,APPROVE,Adipose
5,5,0.9969611763954163,0.543273267363332,APPROVE,Smooth Muscle
0,0,0.9257099032402039,0.4933973761546834,BLOCK,Adipose
3,3,0.9999823570251465,0.5453880938041432,APPROVE,Lymphocytes
3,3,0.9970918893814087,0.5433647664535267,APPROVE,Lymphocytes
8,8,0.6065427660942078,0.2699803801524861,BLOCK,Colorectal Adenocarcinoma
1,1,0.9999607801437378,0.5453729899871571,APPROVE,Background
6,6,0.9995700716972351,0.5450994940746052,APPROVE,Normal Colon Mucosa
0,4,0.8933075666427612,0.47071574053647347,BLOCK,Mucus
5,0,0.6430886387825012,0.2955624910342915,BLOCK,Adipose
3,3,0.9961099028587341,0.5426773758876545,APPROVE,Lymphocytes
0,0,0.999526858329773,0.5451074505533648,APPROVE,Adipose
5,5,0.9873375296592712,0.5365749204840137,APPROVE,Smooth Muscle
3,3,0.9999994039535522,0.5454382324900103,APPROVE,Lymphocytes
5,5,0.9975833892822266,0.5437470222200823,APPROVE,Smooth Muscle
4,4,0.9985964894294739,0.5444561923231555,APPROVE,Mucus
8,8,0.9999905824661255,0.5454320574488116,APPROVE,Colorectal Adenocarcinoma
7,7,0.9190673232078552,0.48878577596802236,BLOCK,Cancer-Assoc. Stroma
2,2,0.9914723038673401,0.5394692624296619,APPROVE,Debris
5,5,0.9763919711112976,0.5289130295004321,APPROVE,Smooth Muscle
0,0,0.9977582097053528,0.5438693965162708,APPROVE,Adipose
5,5,0.9799705743789673,0.5314180517878009,APPROVE,Smooth Muscle
0,0,0.949871838092804,0.5103489363874866,APPROVE,Adipose
0,0,0.8924314975738525,0.4701406980242205,BLOCK,Adipose
0,0,0.9895654916763306,0.5381344938959551,APPROVE,Adipose
5,5,0.9999924898147583,0.5454333925928546,APPROVE,Smooth Muscle
4,4,0.9998856782913208,0.5453586245264483,APPROVE,Mucus
0,0,0.9096635580062866,0.4822031403269243,BLOCK,Adipose
1,1,0.9999781847000122,0.5454233790125323,APPROVE,Background
2,2,0.9996570348739624,0.5451985741342974,APPROVE,Debris
5,5,0.999913215637207,0.5453779006685687,APPROVE,Smooth Muscle
3,3,0.9996073842048645,0.5451638186659289,APPROVE,Lymphocytes
8,8,0.9999568462371826,0.5454084420885515,APPROVE,Colorectal Adenocarcinoma
5,5,0.9979758858680725,0.5440217698301745,APPROVE,Smooth Muscle
5,5,0.998627781867981,0.5444780970301104,APPROVE,Smooth Muscle
8,8,0.999994158744812,0.5454345608438922,APPROVE,Colorectal Adenocarcinoma
7,7,0.9185225367546082,0.4884044254507494,BLOCK,Cancer-Assoc. Stroma
8,8,0.9998313188552856,0.5453205729212237,APPROVE,Colorectal Adenocarcinoma
3,3,0.9997132420539856,0.5452379191603137,APPROVE,Lymphocytes
8,8,0.9999849796295166,0.5454281354631854,APPROVE,Colorectal Adenocarcinoma
6,6,1.0,0.5454386497225238,APPROVE,Normal Colon Mucosa
0,0,0.9992328882217407,0.5449016714777423,APPROVE,Adipose
4,4,0.9949817061424255,0.5419258440222217,APPROVE,Mucus
8,8,0.9543282389640808,0.5134695934502007,APPROVE,Colorectal Adenocarcinoma
3,3,0.9976556301116943,0.5437987672535302,APPROVE,Lymphocytes
0,0,0.9970292448997498,0.543360297605169,APPROVE,Adipose
4,4,0.9997746348381042,0.5452820705620172,APPROVE,Mucus
1,1,0.9998615980148315,0.5453429447857262,APPROVE,Background
0,0,0.9366976618766785,0.501128189489019,APPROVE,Adipose
3,3,0.9971467852592468,0.5434425758568169,APPROVE,Lymphocytes
0,0,0.9969630837440491,0.5433139847961785,APPROVE,Adipose
6,6,0.9882534742355347,0.5372172581402184,APPROVE,Normal Colon Mucosa
4,4,0.9994775652885437,0.5450741218773247,APPROVE,Mucus
0,0,0.9999966621398926,0.545437489673269,APPROVE,Adipose
1,1,0.9999681711196899,0.5454175459591271,APPROVE,Background
8,8,0.999993085861206,0.5454349862781884,APPROVE,Colorectal Adenocarcinoma
0,0,0.9999874830245972,0.5454310642925622,APPROVE,Adipose
6,6,0.999998927116394,0.54543907515682,APPROVE,Normal Colon Mucosa
5,5,0.998001754283905,0.5440410541740777,APPROVE,Smooth Muscle
8,8,0.9989975094795227,0.54473808281101,APPROVE,Colorectal Adenocarcinoma
4,4,0.9944156408309937,0.5415307747570397,APPROVE,Mucus
8,8,0.9999351501464844,0.5453944312778832,APPROVE,Colorectal Adenocarcinoma
3,3,0.9934212565422058,0.5408347057548882,APPROVE,Lymphocytes
8,8,0.9929386973381042,0.5404969143120171,APPROVE,Colorectal Adenocarcinoma
0,0,0.9999849796295166,0.5454293119160057,APPROVE,Adipose
5,0,0.5500460267066956,0.23047204487003106,BLOCK,Adipose
3,3,0.9904860854148865,0.5387800859657647,APPROVE,Lymphocytes
6,6,0.9999204874038696,0.5453841673580528,APPROVE,Normal Colon Mucosa
8,8,0.9996600151062012,0.5452018367496849,APPROVE,Colorectal Adenocarcinoma
3,3,0.9999712705612183,0.5454197155681969,APPROVE,Lymphocytes
3,3,0.9999935626983643,0.5454353200641991,APPROVE,Lymphocytes
0,0,0.997361958026886,0.5435931967941643,APPROVE,Adipose
8,8,0.9864815473556519,0.5359769093243004,APPROVE,Colorectal Adenocarcinoma
8,8,0.9951386451721191,0.5420368777958275,APPROVE,Colorectal Adenocarcinoma
4,4,0.9958868622779846,0.5425606297699334,APPROVE,Mucus
6,6,0.9584437012672424,0.5162772361441601,APPROVE,Normal Colon Mucosa
5,5,0.9999960660934448,0.5453638915225019,APPROVE,Smooth Muscle
0,0,0.8288121223449707,0.42553513089857,BLOCK,Adipose
1,1,0.9998974800109863,0.5452948812647809,APPROVE,Background
1,1,0.9998358488082886,0.5452517394228924,APPROVE,Background
6,6,0.9994266033172607,0.544965267579173,APPROVE,Normal Colon Mucosa
5,5,0.9995201826095581,0.5450307730837811,APPROVE,Smooth Muscle
8,8,0.921226441860199,0.49022515455922977,BLOCK,Colorectal Adenocarcinoma
3,3,0.999832034111023,0.5452490691348065,APPROVE,Lymphocytes
8,8,0.999830961227417,0.5452483181162824,APPROVE,Colorectal Adenocarcinoma
0,0,0.9999866485595703,0.5453572992487896,APPROVE,Adipose
8,8,0.99623042345047,0.5427279416724194,APPROVE,Colorectal Adenocarcinoma
2,2,0.9547629952430725,0.5137007419272412,APPROVE,Debris
1,1,0.9999343156814575,0.5453206662341107,APPROVE,Background
4,4,0.9999719858169556,0.5453470353289593,APPROVE,Mucus
6,6,1.0,0.5453666452570904,APPROVE,Normal Colon Mucosa
4,4,0.9999995231628418,0.5453663114710797,APPROVE,Mucus
0,0,0.927975594997406,0.4949495617552746,BLOCK,Adipose
0,0,0.9999970197677612,0.5453645590945233,APPROVE,Adipose
0,0,0.9735686182975769,0.5268646780653943,APPROVE,Adipose
0,0,0.9999889135360718,0.5453588847323407,APPROVE,Adipose
5,5,0.9992625117301941,0.5448504034682263,APPROVE,Smooth Muscle
2,2,0.9222827553749084,0.4909645740195263,BLOCK,Debris
1,1,0.9999579191207886,0.5453371886416425,APPROVE,Background
8,8,0.9999938011169434,0.5453623060389508,APPROVE,Colorectal Adenocarcinoma
1,1,0.9999885559082031,0.5453586343928326,APPROVE,Background
5,5,0.9998636245727539,0.5452711824580182,APPROVE,Smooth Muscle
5,0,0.5842155814170837,0.25431755224904906,BLOCK,Adipose
6,8,0.9987614154815674,0.5444996360941876,APPROVE,Colorectal Adenocarcinoma
0,0,0.9021007418632507,0.47683716456136593,BLOCK,Adipose
6,6,0.9999550580978394,0.545335185925578,APPROVE,Normal Colon Mucosa
5,5,0.8910921812057495,0.4691311721011151,BLOCK,Smooth Muscle
5,5,0.9999840259552002,0.5454377359850261,APPROVE,Smooth Muscle
3,3,0.9496741890907288,0.510220850179896,APPROVE,Lymphocytes
8,8,0.9995662569999695,0.5451452977163646,APPROVE,Colorectal Adenocarcinoma
8,8,0.9999661445617676,0.5454252190096233,APPROVE,Colorectal Adenocarcinoma
1,1,0.9999216794967651,0.5453940934641215,APPROVE,Background
8,8,0.7596254944801331,0.3771867639524791,BLOCK,Colorectal Adenocarcinoma
1,1,0.999970555305481,0.5454283065302226,APPROVE,Background
0,0,0.5089731216430664,0.20173010296653246,BLOCK,Adipose
0,0,0.7127560973167419,0.3443781859381053,BLOCK,Adipose
1,1,0.9998340606689453,0.5453327602846476,APPROVE,Background
0,0,0.9941465854644775,0.5413515276415202,APPROVE,Adipose
8,8,0.8025205135345459,0.4072132772905681,BLOCK,Colorectal Adenocarcinoma
4,4,0.9999997615814209,0.5454487509233805,APPROVE,Mucus
1,1,0.9999452829360962,0.5454106158716533,APPROVE,Background
5,5,0.9999746084213257,0.545431143711314,APPROVE,Smooth Muscle
8,8,0.9999978542327881,0.5454474157793376,APPROVE,Colorectal Adenocarcinoma
1,1,0.9999569654464722,0.5454187936289164,APPROVE,Background
5,5,0.9999281167984009,0.5453985995752666,APPROVE,Smooth Muscle
0,0,0.9999995231628418,0.5454485840303752,APPROVE,Adipose
0,0,0.6585143208503723,0.30640894241164657,BLOCK,Adipose
8,7,0.8830959796905518,0.4636161035997721,BLOCK,Cancer-Assoc. Stroma
7,7,0.6922866702079773,0.33004958696197007,BLOCK,Cancer-Assoc. Stroma
6,6,0.9999516010284424,0.5454150385362956,APPROVE,Normal Colon Mucosa
0,0,0.9999802112579346,0.5454350656969401,APPROVE,Adipose
0,0,0.9998534917831421,0.5453463620645854,APPROVE,Adipose
8,8,0.9997567534446716,0.5452786452276561,APPROVE,Colorectal Adenocarcinoma
0,0,0.9750677347183228,0.5279963321192118,APPROVE,Adipose
0,0,0.9999879598617554,0.5454404897196147,APPROVE,Adipose
8,8,0.9991451501846313,0.5448505229456279,APPROVE,Colorectal Adenocarcinoma
0,0,0.9999613761901855,0.5454218811495158,APPROVE,Adipose
0,0,0.9871470928192139,0.5364518827898357,APPROVE,Adipose
8,8,0.9997993111610413,0.5453084356291148,APPROVE,Colorectal Adenocarcinoma
8,7,0.9175233840942383,0.4876512532918536,BLOCK,Cancer-Assoc. Stroma
0,0,0.9973456263542175,0.543526822873839,APPROVE,Adipose
1,1,0.9999279975891113,0.5453344827382647,APPROVE,Background
6,6,0.9999990463256836,0.5453842168538653,APPROVE,Normal Colon Mucosa
5,5,0.9999963045120239,0.5453822975843035,APPROVE,Smooth Muscle
2,2,0.9999426603317261,0.545344746658095,APPROVE,Debris
8,8,0.984673261642456,0.534656167575606,APPROVE,Colorectal Adenocarcinoma
7,7,0.9674467444419861,0.522597605535277,APPROVE,Cancer-Assoc. Stroma
0,0,0.8599085211753845,0.44732084924865595,BLOCK,Adipose
3,3,0.9967292547225952,0.5430953627317033,APPROVE,Lymphocytes
0,0,0.9951053857803345,0.5419586544721209,APPROVE,Adipose
2,2,0.999152660369873,0.5447917466847979,APPROVE,Debris
4,4,0.99993896484375,0.5453421598165117,APPROVE,Mucus
6,6,0.999998927116394,0.5453841334073626,APPROVE,Normal Colon Mucosa
3,3,0.9996756315231323,0.5451578264920793,APPROVE,Lymphocytes
0,0,0.9999908208847046,0.5453784590451799,APPROVE,Adipose
5,0,0.6834108233451843,0.3237724607675158,BLOCK,Adipose
5,5,0.9999901056289673,0.5453779583661639,APPROVE,Smooth Muscle
8,8,0.9963192939758301,0.5428083902089678,APPROVE,Colorectal Adenocarcinoma
6,6,0.9952231049537659,0.5420410578935229,APPROVE,Normal Colon Mucosa
1,1,0.9999492168426514,0.5453493362157427,APPROVE,Background
0,0,0.9618947505950928,0.5187112098424517,APPROVE,Adipose
4,4,0.9999922513961792,0.5453794604032122,APPROVE,Mucus
0,0,0.974934995174408,0.5278393810479723,APPROVE,Adipose
4,4,0.9980650544166565,0.5440304225175463,APPROVE,Mucus
7,5,0.7650017142295837,0.3808860843865954,BLOCK,Smooth Muscle
5,5,0.999948263168335,0.5453486686437212,APPROVE,Smooth Muscle
0,0,0.9988065958023071,0.5445495014875017,APPROVE,Adipose
8,8,0.999957799911499,0.5453553443639361,APPROVE,Colorectal Adenocarcinoma
6,6,0.9999994039535522,0.5453844671933733,APPROVE,Normal Colon Mucosa
7,5,0.5683995485305786,0.24326456839729182,BLOCK,Smooth Muscle
8,8,0.9999703168869019,0.545364106246718,APPROVE,Colorectal Adenocarcinoma
3,3,0.9999918937683105,0.545390086308891,APPROVE,Lymphocytes
5,5,0.9999833106994629,0.5453840781606976,APPROVE,Smooth Muscle
0,0,0.9994947910308838,0.5450421143926922,APPROVE,Adipose
6,6,0.9999719858169556,0.5453761507429424,APPROVE,Normal Colon Mucosa
4,4,0.9899625182151794,0.5383695234216992,APPROVE,Mucus
8,8,0.9999754428863525,0.5453785706915203,APPROVE,Colorectal Adenocarcinoma
4,4,0.9868952631950378,0.5362224449076001,APPROVE,Mucus
1,1,0.9999189376831055,0.5453390170492474,APPROVE,Background
0,0,0.9273647665977478,0.49455109728949703,BLOCK,Adipose
0,0,0.9913934469223022,0.5393711735166851,APPROVE,Adipose
7,7,0.9955778121948242,0.5423002292074505,APPROVE,Cancer-Assoc. Stroma
3,3,0.9999245405197144,0.5453429390348736,APPROVE,Lymphocytes
8,8,0.546787679195404,0.22814713610785647,BLOCK,Colorectal Adenocarcinoma
6,6,0.999997615814209,0.5453940917410198,APPROVE,Normal Colon Mucosa
0,0,0.9999880790710449,0.545387416020805,APPROVE,Adipose
3,8,0.5789998173713684,0.2506956328310315,BLOCK,Colorectal Adenocarcinoma
6,6,0.9999990463256836,0.5453950930990521,APPROVE,Normal Colon Mucosa
1,1,0.9999426603317261,0.5453556229032818,APPROVE,Background
3,3,0.9999995231628418,0.5453954268850628,APPROVE,Lymphocytes
2,2,0.9996435642242432,0.5451462556280438,APPROVE,Debris
3,3,0.9998598098754883,0.5452976275839153,APPROVE,Lymphocytes
3,3,0.9997367262840271,0.5452114690698925,APPROVE,Lymphocytes
3,3,0.9999980926513672,0.5453944255270305,APPROVE,Lymphocytes
1,1,0.9999901056289673,0.5453888346113507,APPROVE,Background
8,8,0.9144396185874939,0.4855034936823193,BLOCK,Colorectal Adenocarcinoma
6,6,0.9999992847442627,0.5453952599920574,APPROVE,Normal Colon Mucosa
5,5,0.8336933255195618,0.42898108853476685,BLOCK,Smooth Muscle
8,7,0.722863495349884,0.3514002074159925,BLOCK,Cancer-Assoc. Stroma
1,4,0.5220261812210083,0.2108140875257794,BLOCK,Mucus
8,8,0.7585113644599915,0.3763537157930676,BLOCK,Colorectal Adenocarcinoma
2,2,0.9988481998443604,0.5445895005621257,APPROVE,Debris
1,1,0.9999704360961914,0.5453750659384076,APPROVE,Background
6,6,0.9999990463256836,0.5454318634086864,APPROVE,Normal Colon Mucosa
6,6,0.9960577487945557,0.5426729551368968,APPROVE,Normal Colon Mucosa
0,0,0.9975849390029907,0.5437419882828014,APPROVE,Adipose
0,0,0.9999741315841675,0.5454144230896251,APPROVE,Adipose
4,4,0.9999676942825317,0.5454099169784801,APPROVE,Mucus
2,2,0.9997981190681458,0.5452912143284099,APPROVE,Debris
3,3,0.9999997615814209,0.5454323640877025,APPROVE,Lymphocytes
8,8,0.9999775886535645,0.545416843038203,APPROVE,Colorectal Adenocarcinoma
8,8,0.9999459981918335,0.5453947297149914,APPROVE,Colorectal Adenocarcinoma
1,1,0.9999096393585205,0.5453692785316723,APPROVE,Background
6,6,0.9999797344207764,0.5454183450752513,APPROVE,Normal Colon Mucosa
6,6,0.9999991655349731,0.545431946855189,APPROVE,Normal Colon Mucosa
0,0,0.9815230369567871,0.5324986568504588,APPROVE,Adipose
1,1,0.9997780919075012,0.5452771953159588,APPROVE,Background
8,8,0.9876962304115295,0.5368198922687786,APPROVE,Colorectal Adenocarcinoma
1,1,0.9999779462814331,0.545417093377711,APPROVE,Background
1,1,0.9999352693557739,0.5453872195297497,APPROVE,Background
3,3,0.9999833106994629,0.5454208484703319,APPROVE,Lymphocytes
0,0,0.9063988327980042,0.4799117139393107,BLOCK,Adipose
4,4,0.999984860420227,0.5454219332748668,APPROVE,Mucus
8,8,0.9999932050704956,0.5454277745300548,APPROVE,Colorectal Adenocarcinoma
5,5,0.9932612776756287,0.5407154253536479,APPROVE,Smooth Muscle
8,8,0.9964841604232788,0.5429714432770031,APPROVE,Colorectal Adenocarcinoma
0,0,0.9999873638153076,0.5454236856514232,APPROVE,Adipose
1,1,0.999992847442627,0.5454275241905467,APPROVE,Background
3,3,0.999984860420227,0.5454219332748668,APPROVE,Lymphocytes
0,0,0.9995846152305603,0.5451417616421,APPROVE,Adipose
4,4,0.9978664517402649,0.5439390471988933,APPROVE,Mucus
6,7,0.5971271991729736,0.2634215704017894,BLOCK,Cancer-Assoc. Stroma
8,8,0.9991095662117004,0.5448092273288981,APPROVE,Colorectal Adenocarcinoma
8,8,0.9980372786521912,0.5440586260372416,APPROVE,Colorectal Adenocarcinoma
5,5,0.9964824914932251,0.5429702750259654,APPROVE,Smooth Muscle
1,1,0.9998822212219238,0.5453254551242674,APPROVE,Background
6,6,0.9999997615814209,0.5454077333759153,APPROVE,Normal Colon Mucosa
5,2,0.8021101951599121,0.4068850368808592,BLOCK,Debris
4,4,0.9999945163726807,0.5454040617297972,APPROVE,Mucus
5,5,0.9991957545280457,0.5448449284385527,APPROVE,Smooth Muscle
8,8,0.965059757232666,0.5209497303317869,APPROVE,Colorectal Adenocarcinoma
8,8,0.9996212720870972,0.5451427907298887,APPROVE,Colorectal Adenocarcinoma
3,3,0.999984860420227,0.5453973025630796,APPROVE,Lymphocytes
0,0,0.999984860420227,0.5453973025630796,APPROVE,Adipose
3,3,0.9999810457229614,0.5453946322749937,APPROVE,Lymphocytes
6,6,0.99996018409729,0.5453800291370238,APPROVE,Normal Colon Mucosa
8,8,0.9996094107627869,0.5451344878028715,APPROVE,Colorectal Adenocarcinoma
0,0,0.9999717473983765,0.5453881234477842,APPROVE,Adipose
6,6,0.9596580266952515,0.5171685189555968,APPROVE,Normal Colon Mucosa
4,4,0.9998136162757874,0.5452774316619718,APPROVE,Mucus
0,0,0.9296941757202148,0.49619382327307116,BLOCK,Adipose
3,3,0.9999662637710571,0.5453842849086608,APPROVE,Lymphocytes
3,3,0.9999426603317261,0.545367762501129,APPROVE,Lymphocytes
3,3,0.9996585845947266,0.5451689094852293,APPROVE,Lymphocytes
4,4,0.9937173128128052,0.5410100192378844,APPROVE,Mucus
7,7,0.9901186227798462,0.538490936214813,APPROVE,Cancer-Assoc. Stroma
8,8,0.9993067979812622,0.5449226588558043,APPROVE,Colorectal Adenocarcinoma
1,1,0.9999890327453613,0.5454002231906736,APPROVE,Background
0,0,0.9996461868286133,0.5451602310489501,APPROVE,Adipose
0,0,0.9870424270629883,0.5363375992130125,APPROVE,Adipose
5,5,0.9620533585548401,0.5188452512573087,APPROVE,Smooth Muscle
6,6,0.9993420243263245,0.5449473172973478,APPROVE,Normal Colon Mucosa
5,4,0.5494440197944641,0.23001871412504563,BLOCK,Mucus
8,8,0.9980837106704712,0.5440664977382506,APPROVE,Colorectal Adenocarcinoma
1,1,0.9999697208404541,0.5453867048572386,APPROVE,Background
1,1,0.9999556541442871,0.5453768581699217,APPROVE,Background
1,1,0.9999791383743286,0.5453932971309507,APPROVE,Background
8,8,0.8325082659721375,0.4282366029121565,BLOCK,Colorectal Adenocarcinoma
3,3,0.9999877214431763,0.5454722217418837,APPROVE,Lymphocytes
0,0,0.9775484204292297,0.5297647110321211,APPROVE,Adipose
0,0,0.9985234141349792,0.5444472066261458,APPROVE,Adipose
3,3,0.9999707937240601,0.5454603723385023,APPROVE,Lymphocytes
0,0,0.8176558613777161,0.4178399196960615,BLOCK,Adipose
0,0,0.9630067348480225,0.519585531125276,APPROVE,Adipose
3,3,0.9900534749031067,0.538518249163835,APPROVE,Lymphocytes
2,2,0.9999395608901978,0.5454385093547987,APPROVE,Debris
8,7,0.3964424729347229,0.12299054778596628,BLOCK,Cancer-Assoc. Stroma
7,7,0.8637182712554932,0.4500836066105055,BLOCK,Cancer-Assoc. Stroma
4,4,0.9879712462425232,0.5370606891014265,APPROVE,Mucus
4,4,0.9996720552444458,0.5452512554027723,APPROVE,Mucus
0,0,0.9759522080421448,0.5286473623611616,APPROVE,Adipose
4,4,0.998778760433197,0.5446259490348981,APPROVE,Mucus
0,0,0.9973899722099304,0.5436537972786115,APPROVE,Adipose
0,0,0.9999855756759644,0.5454707197048353,APPROVE,Adipose
5,5,0.9980050921440125,0.5440843812324689,APPROVE,Smooth Muscle
0,0,0.5023835301399231,0.19714928782960642,BLOCK,Adipose
5,0,0.9624238014221191,0.5191774777271436,APPROVE,Adipose
8,8,0.9886572957038879,0.5375409237243818,APPROVE,Colorectal Adenocarcinoma
2,2,0.999031662940979,0.5448029807903456,APPROVE,Debris
8,7,0.9386953711509705,0.5025675765373396,APPROVE,Cancer-Assoc. Stroma
0,0,0.5718785524368286,0.2457958034374403,BLOCK,Adipose
0,0,0.999966025352478,0.5454570344783949,APPROVE,Adipose
0,0,0.9952439665794373,0.5421515933372664,APPROVE,Adipose
0,4,0.47422516345977783,0.17743843115350474,BLOCK,Mucus
4,4,0.9990012049674988,0.5447816602089094,APPROVE,Mucus
6,6,0.9999897480010986,0.5454736403324293,APPROVE,Normal Colon Mucosa
4,4,0.9999963045120239,0.545478229890077,APPROVE,Mucus
4,4,0.6916518807411194,0.32963713325044386,BLOCK,Mucus
0,0,0.999777615070343,0.5453251472809004,APPROVE,Adipose
5,5,0.9993941783905029,0.5450161231166056,APPROVE,Smooth Muscle
6,6,0.997687578201294,0.5438215029841594,APPROVE,Normal Colon Mucosa
8,8,0.9999475479125977,0.545403481782072,APPROVE,Colorectal Adenocarcinoma
8,8,0.9999858140945435,0.5454302681094341,APPROVE,Colorectal Adenocarcinoma
8,8,0.9839703440666199,0.5342194390898876,APPROVE,Colorectal Adenocarcinoma
8,8,0.9999892711639404,0.5454326880580119,APPROVE,Colorectal Adenocarcinoma
7,7,0.9886259436607361,0.5374783588057689,APPROVE,Cancer-Assoc. Stroma
6,6,0.9530943036079407,0.5126062107688121,APPROVE,Normal Colon Mucosa
4,4,0.9999995231628418,0.5454398644572429,APPROVE,Mucus
1,1,0.9999560117721558,0.5454094064837627,APPROVE,Background
1,1,0.999990701675415,0.5454336894160442,APPROVE,Background
4,4,0.9792550206184387,0.5309187126761608,APPROVE,Mucus
6,6,0.9999997615814209,0.5454400313502482,APPROVE,Normal Colon Mucosa
6,6,0.9999874830245972,0.5454314363604716,APPROVE,Normal Colon Mucosa
0,0,0.9999198913574219,0.5453841221934489,APPROVE,Adipose
1,1,0.9999401569366455,0.5453983080989054,APPROVE,Background
5,5,0.9992218017578125,0.5448954594737224,APPROVE,Smooth Muscle
2,8,0.7274600863456726,0.35466225868522455,BLOCK,Colorectal Adenocarcinoma
2,2,0.9980395436286926,0.5440678787833385,APPROVE,Debris
4,4,0.9936054944992065,0.5409640443926982,APPROVE,Mucus
8,8,0.9999969005584717,0.5454380286341838,APPROVE,Colorectal Adenocarcinoma
6,6,0.9951238036155701,0.5420268607741526,APPROVE,Normal Colon Mucosa
4,4,0.9995296001434326,0.5451109183436564,APPROVE,Mucus
4,4,0.987863302230835,0.5369445098048381,APPROVE,Mucus
0,0,0.9992874264717102,0.5449413967734508,APPROVE,Adipose
6,6,0.999968409538269,0.545418084920042,APPROVE,Normal Colon Mucosa
1,1,0.9999765157699585,0.5454237592822245,APPROVE,Background
4,4,0.9999462366104126,0.5454025638705424,APPROVE,Mucus
4,4,0.9999938011169434,0.5454358590251139,APPROVE,Mucus
5,0,0.6178036332130432,0.277902741492384,BLOCK,Adipose
0,0,0.9999890327453613,0.5454325211650065,APPROVE,Adipose
0,0,0.9998257756233215,0.5453182411795787,APPROVE,Adipose
0,0,0.9999901056289673,0.5453902416633308,APPROVE,Adipose
5,5,0.9922217726707458,0.5399524085925758,APPROVE,Smooth Muscle
8,8,0.9999827146530151,0.5453850679801643,APPROVE,Colorectal Adenocarcinoma
1,1,0.9999804496765137,0.5453834824966133,APPROVE,Background
6,6,0.9999982118606567,0.5453959160255134,APPROVE,Normal Colon Mucosa
8,8,0.9999420642852783,0.5453566127227485,APPROVE,Colorectal Adenocarcinoma
8,8,0.9874481558799744,0.5366108768390357,APPROVE,Colorectal Adenocarcinoma
4,4,0.9999992847442627,0.5453966670440376,APPROVE,Mucus
1,1,0.9999831914901733,0.545385401766175,APPROVE,Background
4,4,0.9999922513961792,0.5453917437003791,APPROVE,Mucus
3,3,0.9998513460159302,0.5452931099342048,APPROVE,Lymphocytes
2,2,0.999998927116394,0.5453964167045295,APPROVE,Debris
1,1,0.9999840259552002,0.5453859858916938,APPROVE,Background
8,8,0.9999706745147705,0.545376639883393,APPROVE,Colorectal Adenocarcinoma
4,5,0.8185405135154724,0.4183755271838844,BLOCK,Smooth Muscle
1,1,0.9999910593032837,0.5453909092353523,APPROVE,Background
4,4,0.9999867677688599,0.5453879051612556,APPROVE,Mucus
4,4,1.0,0.5453971677230537,APPROVE,Mucus
0,0,0.9672675132751465,0.5224844270156562,APPROVE,Adipose
4,4,0.9999985694885254,0.5453961663650214,APPROVE,Mucus
8,8,0.9998974800109863,0.5453254037307441,APPROVE,Colorectal Adenocarcinoma
0,0,0.9946512579917908,0.5416530483173072,APPROVE,Adipose
2,2,0.9961010217666626,0.5426678829597175,APPROVE,Debris
8,8,0.9984741806983948,0.54432909421193,APPROVE,Colorectal Adenocarcinoma
3,3,0.9999990463256836,0.5453965001510322,APPROVE,Lymphocytes
2,2,0.9997482895851135,0.5452209704326332,APPROVE,Debris
8,8,0.9999910593032837,0.5453909092353523,APPROVE,Colorectal Adenocarcinoma
8,8,0.9993066787719727,0.5449118428634345,APPROVE,Colorectal Adenocarcinoma
0,0,0.9981051683425903,0.5440707855628669,APPROVE,Adipose
3,3,0.99874347448349,0.5445175998614967,APPROVE,Lymphocytes
0,0,0.9977813363075256,0.5438441031383217,APPROVE,Adipose
1,1,0.9999064207077026,0.5453316622184455,APPROVE,Background
3,3,0.9999616146087646,0.545441279665411,APPROVE,Lymphocytes
1,1,0.9998836517333984,0.5453867056526547,APPROVE,Background
6,6,0.9990411400794983,0.5447969474949246,APPROVE,Normal Colon Mucosa
5,5,0.9785504341125488,0.5304534533180599,APPROVE,Smooth Muscle
6,6,0.9999501705169678,0.5454332688011533,APPROVE,Normal Colon Mucosa
6,6,0.9688887596130371,0.5236902811684018,APPROVE,Normal Colon Mucosa
1,1,0.9999721050262451,0.5454486229576474,APPROVE,Background
1,1,0.9999872446060181,0.5454592206634884,APPROVE,Background
8,8,0.9999964237213135,0.5454656460441952,APPROVE,Colorectal Adenocarcinoma
5,0,0.9249411821365356,0.4929269769348508,BLOCK,Adipose
4,4,0.5371860265731812,0.22149836804050263,BLOCK,Mucus
1,1,0.9999880790710449,0.5454598047890072,APPROVE,Background
7,7,0.9418995976448059,0.50479786779064,APPROVE,Cancer-Assoc. Stroma
8,8,0.999996542930603,0.5454657294906979,APPROVE,Colorectal Adenocarcinoma
0,0,0.9554176330566406,0.5142604925789243,APPROVE,Adipose
3,3,0.9997448325157166,0.5452895322002774,APPROVE,Lymphocytes
6,6,0.9999593496322632,0.54543969418186,APPROVE,Normal Colon Mucosa
7,7,0.9952760934829712,0.5421614148773556,APPROVE,Cancer-Assoc. Stroma
2,2,0.9944807291030884,0.5416046598114377,APPROVE,Debris
4,4,0.752255380153656,0.37204691554683506,BLOCK,Mucus
8,8,0.9999693632125854,0.5454467036880856,APPROVE,Colorectal Adenocarcinoma
1,1,0.9999715089797974,0.545448205725134,APPROVE,Background
3,6,0.5524062514305115,0.2321525254406339,BLOCK,Normal Colon Mucosa
1,1,0.9999827146530151,0.5454560496963864,APPROVE,Background
1,1,0.9999842643737793,0.5454571345009213,APPROVE,Background
8,5,0.6156346201896667,0.2764123835720426,BLOCK,Smooth Muscle
0,0,0.9885327816009521,0.5374410965599423,APPROVE,Adipose
0,0,0.9784383773803711,0.5303750136055355,APPROVE,Adipose
1,5,0.7473831176757812,0.36863633181232275,BLOCK,Smooth Muscle
3,3,0.9999971389770508,0.5454661467232114,APPROVE,Lymphocytes
3,3,0.9999346733093262,0.5454224207558042,APPROVE,Lymphocytes
8,8,0.998056173324585,0.5441074707664852,APPROVE,Colorectal Adenocarcinoma
6,6,0.9999948740005493,0.5452280952049432,APPROVE,Normal Colon Mucosa
1,1,0.9999785423278809,0.5452166630340752,APPROVE,Background
1,1,0.999984860420227,0.5452210856987175,APPROVE,Background
8,8,0.9999908208847046,0.5452252580238518,APPROVE,Colorectal Adenocarcinoma
7,7,0.8692277669906616,0.4536911202980217,BLOCK,Cancer-Assoc. Stroma
3,3,0.999984622001648,0.5452209188057122,APPROVE,Lymphocytes
8,8,0.9999830722808838,0.5452198340011772,APPROVE,Colorectal Adenocarcinoma
3,3,0.9998670816421509,0.5451386405540642,APPROVE,Lymphocytes
6,4,0.9376526474952698,0.5015885366512475,APPROVE,Mucus
0,0,0.999992847442627,0.5452266766143975,APPROVE,Adipose
0,0,0.9996857643127441,0.5450117184234795,APPROVE,Adipose
7,7,0.9434665441513062,0.5056582643104729,APPROVE,Cancer-Assoc. Stroma
1,1,0.9999581575393677,0.545202393682116,APPROVE,Background
6,6,0.9999986886978149,0.5452307654930291,APPROVE,Normal Colon Mucosa
6,6,0.9999237060546875,0.5451782776428399,APPROVE,Normal Colon Mucosa
4,4,0.9999947547912598,0.5452280117584405,APPROVE,Mucus
6,6,0.9946809411048889,0.5415083421779808,APPROVE,Normal Colon Mucosa
4,4,0.9999438524246216,0.5451923801017937,APPROVE,Mucus
0,0,0.9999591112136841,0.5452030612541375,APPROVE,Adipose
4,4,0.9963132739067078,0.5426509751392541,APPROVE,Mucus
2,2,0.9995265007019043,0.5449002338958916,APPROVE,Debris
4,4,0.9985400438308716,0.5442097140861687,APPROVE,Mucus
1,1,0.9999492168426514,0.5451961351944146,APPROVE,Background
8,8,0.9967235922813416,0.5429381980014977,APPROVE,Colorectal Adenocarcinoma
0,0,0.9997857213020325,0.5450816883159814,APPROVE,Adipose
3,3,0.9999992847442627,0.5452311827255425,APPROVE,Lymphocytes
1,1,0.9999715089797974,0.5452117396904168,APPROVE,Background
4,4,0.6772680878639221,0.31931934490930414,BLOCK,Mucus
0,0,0.49283328652381897,0.19021498397123193,BLOCK,Adipose
4,4,0.9999980926513672,0.5452303482605156,APPROVE,Mucus
8,8,0.9998261332511902,0.5451099766803917,APPROVE,Colorectal Adenocarcinoma
5,5,0.9929602742195129,0.5403038753582177,APPROVE,Smooth Muscle
6,6,0.9999840259552002,0.5454172624018757,APPROVE,Normal Colon Mucosa
6,6,0.9999239444732666,0.5453752053645222,APPROVE,Normal Colon Mucosa
0,0,0.9860556125640869,0.5356673730280964,APPROVE,Adipose
3,3,0.9999985694885254,0.5454274428752033,APPROVE,Lymphocytes
4,4,0.9999966621398926,0.5454261077311604,APPROVE,Mucus
2,0,0.8388542532920837,0.43262642153769415,BLOCK,Adipose
3,3,0.9999949932098389,0.5454249394801227,APPROVE,Lymphocytes
4,4,0.9999978542327881,0.5454269421961873,APPROVE,Mucus
0,0,0.9994882345199585,0.5450702083972065,APPROVE,Adipose
8,8,0.999954342842102,0.545396484222707,APPROVE,Colorectal Adenocarcinoma
8,8,0.9994164705276489,0.5450199736025898,APPROVE,Colorectal Adenocarcinoma
1,2,0.998231828212738,0.5441907239821522,APPROVE,Debris
6,6,0.9998216032981873,0.5453035665419667,APPROVE,Normal Colon Mucosa
6,6,0.9999747276306152,0.5454107535746662,APPROVE,Normal Colon Mucosa
6,6,0.9987564086914062,0.5445579303172199,APPROVE,Normal Colon Mucosa
0,0,0.9971774816513062,0.5434526813891498,APPROVE,Adipose
3,3,0.9999744892120361,0.5454105866816609,APPROVE,Lymphocytes
8,8,0.9995902180671692,0.545141596880254,APPROVE,Colorectal Adenocarcinoma
2,2,0.999848484992981,0.5453223837283222,APPROVE,Debris
1,1,0.999969482421875,0.545407081928548,APPROVE,Background
7,7,0.9997181296348572,0.5452311349776355,APPROVE,Cancer-Assoc. Stroma
0,0,0.9123482704162598,0.48407223352461737,BLOCK,Adipose
0,0,0.8913502097129822,0.4693735910323231,BLOCK,Adipose
5,5,0.9999344348907471,0.5453825486567585,APPROVE,Smooth Muscle
1,5,0.7526004314422607,0.3722487462428181,BLOCK,Smooth Muscle
6,6,0.9984110593795776,0.5443161857989399,APPROVE,Normal Colon Mucosa
8,8,0.9999984502792358,0.5454273594287007,APPROVE,Colorectal Adenocarcinoma
6,6,0.999997615814209,0.5454267753031818,APPROVE,Normal Colon Mucosa
8,8,0.999841570854187,0.5453175438311665,APPROVE,Colorectal Adenocarcinoma
4,4,0.9999444484710693,0.5453895581629841,APPROVE,Mucus
0,0,0.9999949932098389,0.5454249394801227,APPROVE,Adipose
8,8,0.9999641180038452,0.5454033268359272,APPROVE,Colorectal Adenocarcinoma
7,7,0.9998739957809448,0.5453817364185942,APPROVE,Cancer-Assoc. Stroma
1,1,0.9999383687973022,0.5454267975300444,APPROVE,Background
1,1,0.9998940229415894,0.5453957554310455,APPROVE,Background
3,3,0.9999953508377075,0.5454666849583282,APPROVE,Lymphocytes
1,1,0.999713122844696,0.5452691253632201,APPROVE,Background
5,7,0.9998668432235718,0.5453767296284331,APPROVE,Cancer-Assoc. Stroma
4,4,0.9999945163726807,0.5454661008328093,APPROVE,Mucus
8,8,0.9986396431922913,0.5445176896065368,APPROVE,Colorectal Adenocarcinoma
3,3,0.9995065927505493,0.5451245542973174,APPROVE,Lymphocytes
8,8,0.9942281246185303,0.5414296266049041,APPROVE,Colorectal Adenocarcinoma
6,6,1.0,0.5454699393719329,APPROVE,Normal Colon Mucosa
1,1,0.9999960660934448,0.5454671856373443,APPROVE,Background
5,5,0.9997840523719788,0.545318776032318,APPROVE,Smooth Muscle
0,0,0.7576009631156921,0.37579061355291743,BLOCK,Adipose
8,8,0.9998992681503296,0.5453994270771636,APPROVE,Colorectal Adenocarcinoma
2,2,0.9987909197807312,0.5446235832184447,APPROVE,Debris
0,0,0.9995686411857605,0.5451679882019652,APPROVE,Adipose
4,4,0.9999997615814209,0.5454697724789275,APPROVE,Mucus
1,1,0.9998722076416016,0.5453804847210539,APPROVE,Background
4,4,0.9943219423294067,0.5414952990025176,APPROVE,Mucus
4,4,0.9999783039093018,0.5454547521084441,APPROVE,Mucus
5,5,0.9999884366989136,0.5454618450611723,APPROVE,Smooth Muscle
0,0,0.983253002166748,0.5337470408886565,APPROVE,Adipose
0,4,0.647182822227478,0.2984979149311675,BLOCK,Mucus
1,1,0.9999438524246216,0.545430636069168,APPROVE,Background
8,8,0.9999845027923584,0.5454590913265838,APPROVE,Colorectal Adenocarcinoma
0,0,0.9996945858001709,0.5452561494320525,APPROVE,Adipose
1,1,0.9999302625656128,0.5454211231678618,APPROVE,Background
1,1,0.9999569654464722,0.5454398151844634,APPROVE,Background
4,4,0.9995169639587402,0.545131814143051,APPROVE,Mucus
5,7,0.999764621257782,0.5453051742523802,APPROVE,Cancer-Assoc. Stroma
5,5,0.9999790191650391,0.5454552527874602,APPROVE,Smooth Muscle
8,8,0.9991806149482727,0.5448590672698443,APPROVE,Colorectal Adenocarcinoma
2,2,0.9984328150749207,0.544335607358498,APPROVE,Debris
7,7,0.9856686592102051,0.535400698253197,APPROVE,Cancer-Assoc. Stroma
4,4,0.9972506165504456,0.5435080683913653,APPROVE,Mucus
3,3,0.9999822378158569,0.5454202032771533,APPROVE,Lymphocytes
6,6,0.6681261658668518,0.3131209529128498,BLOCK,Normal Colon Mucosa
6,6,0.9999371767044067,0.5453886604991381,APPROVE,Normal Colon Mucosa
8,8,0.9999039173126221,0.5453653789248889,APPROVE,Colorectal Adenocarcinoma
6,6,0.9979178309440613,0.5439751184668964,APPROVE,Normal Colon Mucosa
6,8,0.5662234425544739,0.24178904659418524,BLOCK,Colorectal Adenocarcinoma
3,3,0.9999865293502808,0.54542320735125,APPROVE,Lymphocytes
0,0,0.9825974106788635,0.5332508242812579,APPROVE,Adipose
4,4,0.9999971389770508,0.545430634089989,APPROVE,Mucus
4,4,0.654644787311554,0.3036839879241413,BLOCK,Mucus
2,2,0.9998190999031067,0.5453060067382282,APPROVE,Debris
4,4,0.9999687671661377,0.5454107738223498,APPROVE,Mucus
5,5,0.9999502897262573,0.5453978396144336,APPROVE,Smooth Muscle
8,8,0.9999978542327881,0.5454311347690052,APPROVE,Colorectal Adenocarcinoma
6,6,1.0,0.5454326368060535,APPROVE,Normal Colon Mucosa
1,1,0.9998791217803955,0.5453480220523304,APPROVE,Background
1,1,0.9999407529830933,0.5453911638942187,APPROVE,Background
1,1,0.9999134540557861,0.5453720546451037,APPROVE,Background
5,5,0.9999387264251709,0.5453897453036731,APPROVE,Smooth Muscle
4,4,0.9997071623802185,0.5452276504722064,APPROVE,Mucus
0,0,0.9607018232345581,0.5179239130702441,APPROVE,Adipose
0,0,0.9905834197998047,0.5388410306659167,APPROVE,Adipose
4,4,0.9999431371688843,0.5453928328242724,APPROVE,Mucus
7,7,0.9949468970298767,0.5418954647269671,APPROVE,Cancer-Assoc. Stroma
3,3,0.9973128437995911,0.5435516274657672,APPROVE,Lymphocytes
5,5,0.9999877214431763,0.5454240418162769,APPROVE,Smooth Muscle
4,4,0.9999880790710449,0.5454242921557849,APPROVE,Mucus
1,1,0.9999685287475586,0.5454106069293445,APPROVE,Background
4,4,0.9999990463256836,0.545443873637312,APPROVE,Mucus
0,0,0.9997124075889587,0.5452432265216045,APPROVE,Adipose
3,3,0.9996034502983093,0.5451669564181499,APPROVE,Lymphocytes
1,1,0.9999895095825195,0.5454371979170971,APPROVE,Background
6,6,0.9985021352767944,0.5443960359030895,APPROVE,Normal Colon Mucosa
2,2,0.9991089701652527,0.5448208203250102,APPROVE,Debris
3,3,0.9998818635940552,0.545361845725172,APPROVE,Lymphocytes
1,1,0.9999730587005615,0.5454256822997264,APPROVE,Background
1,1,0.9999955892562866,0.545441453688734,APPROVE,Background
4,2,0.8152055740356445,0.4160884430342846,BLOCK,Debris
0,0,0.9987542629241943,0.5445725252562694,APPROVE,Adipose
5,2,0.9402710199356079,0.503634255164259,APPROVE,Debris
5,4,0.606958270072937,0.27031533026038934,BLOCK,Mucus
0,0,0.9999902248382568,0.5454376985961131,APPROVE,Adipose
8,7,0.6555903553962708,0.3043577899867229,BLOCK,Cancer-Assoc. Stroma
5,5,0.9937323927879333,0.5410572161608868,APPROVE,Smooth Muscle
3,3,0.9841192364692688,0.5343280067378215,APPROVE,Lymphocytes
6,6,0.9999381303787231,0.5454012324744396,APPROVE,Normal Colon Mucosa
6,6,0.98577880859375,0.5354897072249584,APPROVE,Normal Colon Mucosa
4,4,0.9999127388000488,0.5453834583693675,APPROVE,Mucus
8,8,0.9999798536300659,0.5454304387503796,APPROVE,Colorectal Adenocarcinoma
0,0,0.9999861717224121,0.5454348614150218,APPROVE,Adipose
6,6,0.9999983310699463,0.5454433729582958,APPROVE,Normal Colon Mucosa
0,0,0.9591557383537292,0.5168535580569439,APPROVE,Adipose
6,8,0.7232256531715393,0.3517024984294109,BLOCK,Colorectal Adenocarcinoma
0,0,0.9925253391265869,0.5402122785979442,APPROVE,Adipose
8,8,0.9999570846557617,0.5454145004683666,APPROVE,Colorectal Adenocarcinoma
1,1,0.9999033212661743,0.5453768660956554,APPROVE,Background
0,0,0.9976822137832642,0.5438220908576183,APPROVE,Adipose
8,8,0.9988312125205994,0.5446263899737529,APPROVE,Colorectal Adenocarcinoma
4,4,0.9999933242797852,0.545439868205183,APPROVE,Mucus
0,0,0.9950460195541382,0.5419767548972301,APPROVE,Adipose
6,6,0.9999983310699463,0.5454556478148682,APPROVE,Normal Colon Mucosa
1,1,0.9999709129333496,0.5454364551192505,APPROVE,Background
7,2,0.7126690745353699,0.3443251682406648,BLOCK,Debris
2,7,0.9594864845275879,0.5170973552352173,APPROVE,Cancer-Assoc. Stroma
8,8,0.999967098236084,0.5454337848311646,APPROVE,Colorectal Adenocarcinoma
4,4,0.9999631643295288,0.545431031096576,APPROVE,Mucus
4,5,0.7309409976005554,0.3571155143862947,BLOCK,Smooth Muscle
1,1,0.999923586845398,0.5454033268576843,APPROVE,Background
4,4,0.9999985694885254,0.5454558147078735,APPROVE,Mucus
1,2,0.6297118663787842,0.2862551225310548,BLOCK,Debris
1,1,0.9999970197677612,0.5454547299033387,APPROVE,Background
4,4,0.850592315196991,0.4408714367037995,BLOCK,Mucus
0,0,0.9990835189819336,0.5448152793532594,APPROVE,Adipose
8,8,0.9997683167457581,0.5452946377879364,APPROVE,Colorectal Adenocarcinoma
3,3,0.9999860525131226,0.5454470528250915,APPROVE,Lymphocytes
0,0,0.9998511075973511,0.5453525913840516,APPROVE,Adipose
3,3,0.9996558427810669,0.5452159060126526,APPROVE,Lymphocytes
0,0,0.955207884311676,0.514102335084079,APPROVE,Adipose
6,6,0.9999876022338867,0.5454481376296265,APPROVE,Normal Colon Mucosa
6,6,0.992570698261261,0.5402563048487885,APPROVE,Normal Colon Mucosa
0,0,0.7498866319656372,0.37037745844185194,BLOCK,Adipose
1,1,0.9999730587005615,0.5454379571562988,APPROVE,Background
5,5,0.99998939037323,0.5454493893271668,APPROVE,Smooth Muscle
1,1,0.9999911785125732,0.5454506410247071,APPROVE,Background
5,5,0.9989953637123108,0.5447535706645233,APPROVE,Smooth Muscle
8,8,0.9999215602874756,0.5454019082671387,APPROVE,Colorectal Adenocarcinoma
5,7,0.9994589686393738,0.5450780941134674,APPROVE,Cancer-Assoc. Stroma
1,1,0.9999831914901733,0.5454450501090271,APPROVE,Background
0,0,0.9970564842224121,0.5433963550215942,APPROVE,Adipose
0,0,0.9999730587005615,0.5454379571562988,APPROVE,Adipose
8,8,0.9999985694885254,0.5454558147078735,APPROVE,Colorectal Adenocarcinoma
6,6,1.0,0.5454568160659058,APPROVE,Normal Colon Mucosa
5,5,0.9567161798477173,0.515120219258984,APPROVE,Smooth Muscle
0,0,0.6274368762969971,0.28462470677347995,BLOCK,Adipose
1,1,0.9999579191207886,0.545389436750134,APPROVE,Background
1,1,0.999971866607666,0.5453991999909481,APPROVE,Background
0,0,0.9798880815505981,0.5313405504510006,APPROVE,Adipose
4,4,0.9999755620956421,0.5454017868325314,APPROVE,Mucus
6,6,0.9999383687973022,0.5453757515236934,APPROVE,Normal Colon Mucosa
5,5,0.9999796152114868,0.5454046240136227,APPROVE,Smooth Muscle
3,3,0.9944471120834351,0.5415318718239864,APPROVE,Lymphocytes
0,0,0.9995321035385132,0.5450913658425411,APPROVE,Adipose
1,1,0.999980092048645,0.5454049577996334,APPROVE,Background
8,8,0.8298580646514893,0.42631953862162447,BLOCK,Colorectal Adenocarcinoma
8,8,0.9999977350234985,0.5454173078820309,APPROVE,Colorectal Adenocarcinoma
6,6,0.9999583959579468,0.5453897705361447,APPROVE,Normal Colon Mucosa
1,1,0.9999837875366211,0.5454075446412167,APPROVE,Background
6,6,0.904169499874115,0.4783375432774624,BLOCK,Normal Colon Mucosa
2,2,0.9997557997703552,0.5452479532048305,APPROVE,Debris
8,8,0.9999405145645142,0.5453772535607418,APPROVE,Colorectal Adenocarcinoma
0,0,0.9893317222595215,0.5379510989472469,APPROVE,Adipose
6,6,1.0,0.5454188933655819,APPROVE,Normal Colon Mucosa
0,0,0.9877851009368896,0.5368684640214046,APPROVE,Adipose
5,0,0.5764080286026001,0.24890451338740205,BLOCK,Adipose
8,8,0.990212619304657,0.5385677268788418,APPROVE,Colorectal Adenocarcinoma
4,4,0.9999001026153564,0.5453489651963315,APPROVE,Mucus
0,0,0.9999147653579712,0.5453592291161617,APPROVE,Adipose
0,0,0.571185290813446,0.24524859693499423,BLOCK,Adipose
7,7,0.6494839787483215,0.30005767848940706,BLOCK,Cancer-Assoc. Stroma
4,4,0.9999440908432007,0.5453797569558224,APPROVE,Mucus
4,4,0.9905479550361633,0.5388024618908962,APPROVE,Mucus
8,8,0.9998595714569092,0.5453205933854184,APPROVE,Colorectal Adenocarcinoma
0,0,0.999171257019043,0.544838773278912,APPROVE,Adipose
0,0,0.9373306632041931,0.5015503576085171,APPROVE,Adipose
0,4,0.9746922850608826,0.5277428182946169,APPROVE,Mucus
5,0,0.8334749937057495,0.4288907143460238,BLOCK,Adipose
8,8,0.9918513894081116,0.5397541913376772,APPROVE,Colorectal Adenocarcinoma
1,1,0.9999953508377075,0.5454549643383944,APPROVE,Background
8,8,0.9992495179176331,0.5449328812943423,APPROVE,Colorectal Adenocarcinoma
2,2,0.9997851252555847,0.5453078064309084,APPROVE,Debris
4,4,0.9996966123580933,0.5452458474026644,APPROVE,Mucus
1,1,0.999901294708252,0.5453891250477755,APPROVE,Background
4,4,0.9999997615814209,0.5454580518589937,APPROVE,Mucus
8,8,0.9997277855873108,0.5452676686631166,APPROVE,Colorectal Adenocarcinoma
4,4,0.9999996423721313,0.5454579684124911,APPROVE,Mucus
5,5,0.9999868869781494,0.5454490396367037,APPROVE,Smooth Muscle
0,0,0.9534233808517456,0.512854585348221,APPROVE,Adipose
3,3,0.9158318042755127,0.48654048174485803,BLOCK,Lymphocytes
3,3,0.9999935626983643,0.5454537126408541,APPROVE,Lymphocytes
4,4,0.9994238615036011,0.5450549218045199,APPROVE,Mucus
3,3,0.9999959468841553,0.5454553815709078,APPROVE,Lymphocytes
8,8,0.5255789160728455,0.21336346000299092,BLOCK,Colorectal Adenocarcinoma
1,1,0.9998619556427002,0.5453615877018892,APPROVE,Background
2,2,0.7401592135429382,0.3635696682320559,BLOCK,Debris
1,1,0.9999878406524658,0.5454497072087251,APPROVE,Background
8,8,0.9996131062507629,0.5451873931275332,APPROVE,Colorectal Adenocarcinoma
3,3,0.9999293088912964,0.5454087349759066,APPROVE,Lymphocytes
7,7,0.9988686442375183,0.5446662697182619,APPROVE,Cancer-Assoc. Stroma
8,8,0.9998284578323364,0.5453381392346346,APPROVE,Colorectal Adenocarcinoma
0,0,0.9999837875366211,0.5454468700276338,APPROVE,Adipose
5,5,0.9999645948410034,0.5454334351407014,APPROVE,Smooth Muscle
0,0,0.9923601746559143,0.5401103410111391,APPROVE,Adipose
8,8,0.9454613924026489,0.5072811934338534,APPROVE,Colorectal Adenocarcinoma
1,1,0.999920129776001,0.5454023095951998,APPROVE,Background
0,0,0.999688982963562,0.5452405068264925,APPROVE,Adipose
5,5,0.9997993111610413,0.5453177365647279,APPROVE,Smooth Muscle
6,6,0.9999979734420776,0.5453934984584463,APPROVE,Normal Colon Mucosa
0,0,0.993471622467041,0.5408250527759207,APPROVE,Adipose
1,1,0.999923586845398,0.5453414278407706,APPROVE,Background
0,0,0.9934710264205933,0.5408246355434073,APPROVE,Adipose
0,0,0.9395797252655029,0.503100724734844,APPROVE,Adipose
8,8,0.9710880517959595,0.5251565533061636,APPROVE,Colorectal Adenocarcinoma
5,5,0.9999465942382812,0.5453575330157889,APPROVE,Smooth Muscle
2,2,0.9996265172958374,0.5451334791560782,APPROVE,Debris
5,5,0.9984719157218933,0.5443252580543173,APPROVE,Smooth Muscle
0,0,0.9999438524246216,0.5453556137462271,APPROVE,Adipose
0,0,0.999994158744812,0.5453908281703604,APPROVE,Adipose
3,3,0.9999985694885254,0.5453939156909597,APPROVE,Lymphocytes
0,0,0.9999160766601562,0.5453361707111014,APPROVE,Adipose
8,8,0.9168065190315247,0.4871594803710593,BLOCK,Colorectal Adenocarcinoma
8,8,0.9816113114356995,0.5325228350539817,APPROVE,Colorectal Adenocarcinoma
4,4,0.9999951124191284,0.5453914957423819,APPROVE,Mucus
1,1,0.999958872795105,0.5453661280055655,APPROVE,Background
2,4,0.5028840899467468,0.19741378001171483,BLOCK,Mucus
8,8,0.9997528195381165,0.5452218907256735,APPROVE,Colorectal Adenocarcinoma
0,0,0.9552773833274841,0.514089085378231,APPROVE,Adipose
0,0,0.743230402469635,0.3656561987777366,BLOCK,Adipose
4,4,0.9998990297317505,0.5453242378612173,APPROVE,Mucus
0,0,0.9760309457778931,0.5286165790935171,APPROVE,Adipose
3,3,0.999977707862854,0.5453793125529898,APPROVE,Lymphocytes
4,4,0.9997636675834656,0.5452294843574179,APPROVE,Mucus
0,0,0.9999790191650391,0.5453802304645193,APPROVE,Adipose
3,3,0.579051673412323,0.25073108843761815,BLOCK,Lymphocytes
8,8,0.998656153678894,0.5444542246242179,APPROVE,Colorectal Adenocarcinoma
8,8,0.997532844543457,0.5436679082294119,APPROVE,Colorectal Adenocarcinoma
5,4,0.5920507311820984,0.2598304288764609,BLOCK,Mucus
6,6,0.9999903440475464,0.5453881578822745,APPROVE,Normal Colon Mucosa
0,0,0.9659162759780884,0.5215363102336539,APPROVE,Adipose
8,8,0.9992341995239258,0.5449320128195161,APPROVE,Colorectal Adenocarcinoma
7,7,0.8040058016777039,0.4082721343271607,BLOCK,Cancer-Assoc. Stroma
4,4,0.9986096620559692,0.5444948365919465,APPROVE,Mucus
6,6,0.9973083734512329,0.5435839345686311,APPROVE,Normal Colon Mucosa
8,8,0.989819347858429,0.5383416166536683,APPROVE,Colorectal Adenocarcinoma
6,6,0.9190995693206787,0.48883777167724307,BLOCK,Normal Colon Mucosa
5,5,0.9999159574508667,0.5454092433683747,APPROVE,Smooth Muscle
4,4,0.999936580657959,0.5454236796133393,APPROVE,Mucus
2,7,0.517203152179718,0.2075102796785707,BLOCK,Cancer-Assoc. Stroma
8,8,0.9997758269309998,0.5453111520044679,APPROVE,Colorectal Adenocarcinoma
5,5,0.9996989965438843,0.545257370733487,APPROVE,Smooth Muscle
0,0,0.9990625977516174,0.5448118915789002,APPROVE,Adipose
0,0,0.9810741543769836,0.5322199812166566,APPROVE,Adipose
8,8,0.9999381303787231,0.5454247644178742,APPROVE,Colorectal Adenocarcinoma
0,0,0.997501790523529,0.5437193265192384,APPROVE,Adipose
6,6,0.9999946355819702,0.5454643180601472,APPROVE,Normal Colon Mucosa
7,7,0.9978275895118713,0.5439473858110779,APPROVE,Cancer-Assoc. Stroma
0,0,0.9996516704559326,0.5452242424719208,APPROVE,Adipose
3,3,0.9999727010726929,0.545448963903653,APPROVE,Lymphocytes
3,3,0.9995775818824768,0.5451723804705018,APPROVE,Lymphocytes
5,5,0.9998237490653992,0.5453446974985474,APPROVE,Smooth Muscle
8,8,0.9999972581863403,0.5454661538832063,APPROVE,Colorectal Adenocarcinoma
1,1,0.9999468326568604,0.5454308560125702,APPROVE,Background
5,7,0.9999295473098755,0.5454187562696808,APPROVE,Cancer-Assoc. Stroma
0,0,0.9770597219467163,0.5294098785154694,APPROVE,Adipose
5,5,0.9975864887237549,0.5437786152593964,APPROVE,Smooth Muscle
0,0,0.9895718097686768,0.5381683399908418,APPROVE,Adipose
3,3,0.9999945163726807,0.5454642346136445,APPROVE,Lymphocytes
0,0,0.9108736515045166,0.4830796292059296,BLOCK,Adipose
0,0,0.9998206496238708,0.5453425278894776,APPROVE,Adipose
5,5,0.9999322891235352,0.5454206755392427,APPROVE,Smooth Muscle
1,1,0.999962329864502,0.5454417040579194,APPROVE,Background
0,0,0.9999581575393677,0.5454138241181425,APPROVE,Adipose
4,4,0.9999334812164307,0.5453965506920867,APPROVE,Mucus
8,8,0.9915285110473633,0.5395130715737395,APPROVE,Colorectal Adenocarcinoma
6,6,0.9978444576263428,0.5439342341790251,APPROVE,Normal Colon Mucosa
0,0,0.999406099319458,0.5450273833642058,APPROVE,Adipose
8,8,0.9440222382545471,0.5062586806187682,APPROVE,Colorectal Adenocarcinoma
5,5,0.9992467164993286,0.5449158153901152,APPROVE,Smooth Muscle
4,4,0.9999847412109375,0.5454324326882415,APPROVE,Mucus
0,0,0.9895681738853455,0.538140835560327,APPROVE,Adipose
0,0,0.9611753821372986,0.5182658813366942,APPROVE,Adipose
1,1,0.9999960660934448,0.5454403601059966,APPROVE,Background
8,8,0.9822872281074524,0.5330441735158019,APPROVE,Colorectal Adenocarcinoma
5,5,0.9999984502792358,0.5454420290360503,APPROVE,Smooth Muscle
6,6,0.9999719858169556,0.5454235039124541,APPROVE,Normal Colon Mucosa
4,4,0.999873161315918,0.5453543267617278,APPROVE,Mucus
6,6,0.9999868869781494,0.5454339347252898,APPROVE,Normal Colon Mucosa
7,7,0.9997133612632751,0.5452424667248778,APPROVE,Cancer-Assoc. Stroma
0,0,0.999504566192627,0.545096310175424,APPROVE,Adipose
5,2,0.9638620615005493,0.5201465568909697,APPROVE,Debris
6,6,0.9998314380645752,0.5453251204857879,APPROVE,Normal Colon Mucosa
0,0,0.9981718063354492,0.5441633782753996,APPROVE,Adipose
0,0,0.9999879598617554,0.5454346857438139,APPROVE,Adipose
0,0,0.9484953880310059,0.5093898854622892,APPROVE,Adipose
0,0,0.9994175434112549,0.5450353942284636,APPROVE,Adipose
3,3,0.9997106194496155,0.545240547455316,APPROVE,Lymphocytes
1,1,0.9999861717224121,0.5454334340462736,APPROVE,Background
6,6,0.6098842024803162,0.27236205557680654,BLOCK,Normal Colon Mucosa
8,8,0.9986624717712402,0.5445068440804534,APPROVE,Colorectal Adenocarcinoma
8,8,0.9999946355819702,0.5454393587479643,APPROVE,Colorectal Adenocarcinoma
1,1,0.9999712705612183,0.545423003233438,APPROVE,Background
8,8,0.9973742961883545,0.5436051211724333,APPROVE,Colorectal Adenocarcinoma
4,4,0.999982476234436,0.5454308472046904,APPROVE,Mucus
8,8,0.9999358654022217,0.5453596821396979,APPROVE,Colorectal Adenocarcinoma
5,5,0.9998220801353455,0.5452800324528845,APPROVE,Smooth Muscle
6,4,0.5023069977760315,0.19701947480136478,BLOCK,Mucus
7,7,0.6582961082458496,0.30621185213023744,BLOCK,Cancer-Assoc. Stroma
0,0,0.9997424483299255,0.5452242901890906,APPROVE,Adipose
4,4,0.9999891519546509,0.5453969827263982,APPROVE,Mucus
1,1,0.9999079704284668,0.5453401556580694,APPROVE,Background
1,1,0.9999833106994629,0.5453928938477667,APPROVE,Background
3,3,0.9999810457229614,0.5453913083642157,APPROVE,Lymphocytes
5,5,0.998060405254364,0.5440468600361975,APPROVE,Smooth Muscle
5,5,0.9999958276748657,0.5454016557305487,APPROVE,Smooth Muscle
4,4,0.9999924898147583,0.5453993192284735,APPROVE,Mucus
1,1,0.9999582767486572,0.5453753700822027,APPROVE,Background
2,2,0.9998328685760498,0.5452875843613775,APPROVE,Debris
7,7,0.5552487969398499,0.23407873421603764,BLOCK,Cancer-Assoc. Stroma
1,1,0.9999856948852539,0.5453945627778204,APPROVE,Background
8,8,0.9983154535293579,0.5442253938286932,APPROVE,Colorectal Adenocarcinoma
0,0,0.9990346431732178,0.5447288265793951,APPROVE,Adipose
5,5,0.9997522234916687,0.5452311328023107,APPROVE,Smooth Muscle
4,4,0.9999998807907104,0.54540449291164,APPROVE,Mucus
0,0,0.9818947911262512,0.5327309301465185,APPROVE,Adipose
3,3,0.9999994039535522,0.5454041591256292,APPROVE,Lymphocytes
8,8,0.80226731300354,0.4069916954606207,BLOCK,Colorectal Adenocarcinoma
5,5,0.9999412298202515,0.5453634372323187,APPROVE,Smooth Muscle
0,0,0.9989331364631653,0.5446577718823583,APPROVE,Adipose
3,8,0.9273449182510376,0.49454601913386903,BLOCK,Colorectal Adenocarcinoma
8,8,0.9559686779975891,0.5145826509564551,APPROVE,Colorectal Adenocarcinoma
8,8,0.9993250370025635,0.544932102259937,APPROVE,Colorectal Adenocarcinoma
0,0,0.950951337814331,0.5110705128281744,APPROVE,Adipose
4,4,0.9999970197677612,0.5454024901955755,APPROVE,Mucus
1,1,0.9999946355819702,0.5454008212655218,APPROVE,Background
0,0,0.9980612397193909,0.5440474441617162,APPROVE,Adipose
8,8,0.9997370839118958,0.5452867099865345,APPROVE,Colorectal Adenocarcinoma
2,2,0.9496260285377502,0.5102089712246326,APPROVE,Debris
8,8,0.9986009001731873,0.5444913813694385,APPROVE,Colorectal Adenocarcinoma
1,1,0.9999358654022217,0.5454258570297627,APPROVE,Background
3,3,0.9995477795600891,0.5451541969402698,APPROVE,Lymphocytes
8,8,0.9864393472671509,0.535978294335213,APPROVE,Colorectal Adenocarcinoma
8,8,0.9999995231628418,0.5454704174621967,APPROVE,Colorectal Adenocarcinoma
8,8,0.9998980760574341,0.5453994044884113,APPROVE,Colorectal Adenocarcinoma
8,8,0.9998378753662109,0.5453572640045551,APPROVE,Colorectal Adenocarcinoma
6,6,0.9999837875366211,0.5454594025238422,APPROVE,Normal Colon Mucosa
0,0,0.9960182309150696,0.5426835128887562,APPROVE,Adipose
0,0,0.977840006351471,0.5299587556942371,APPROVE,Adipose
8,8,0.9999788999557495,0.545455981217232,APPROVE,Colorectal Adenocarcinoma
5,0,0.7054930925369263,0.3393159160240558,BLOCK,Adipose
4,4,0.9999994039535522,0.545470334015694,APPROVE,Mucus
0,0,0.970490574836731,0.5248141536339191,APPROVE,Adipose
5,7,0.999962568283081,0.5454445490463642,APPROVE,Cancer-Assoc. Stroma
4,4,0.9999997615814209,0.545470584355202,APPROVE,Mucus
6,6,0.9999914169311523,0.545464743100014,APPROVE,Normal Colon Mucosa
0,0,0.9986333250999451,0.5445140788181689,APPROVE,Adipose
1,1,0.9999879598617554,0.5454623231514362,APPROVE,Background
2,2,0.9219840168952942,0.4908595630749134,BLOCK,Debris
3,3,0.9999740123748779,0.545452559910622,APPROVE,Lymphocytes
0,0,0.9904994368553162,0.5388203570469288,APPROVE,Adipose
8,8,0.9999539852142334,0.5454385408981708,APPROVE,Colorectal Adenocarcinoma
8,8,0.99950110912323,0.5451215276344684,APPROVE,Colorectal Adenocarcinoma
2,2,0.9997912049293518,0.5453245946987537,APPROVE,Debris
5,5,0.9999642372131348,0.5454457172974018,APPROVE,Smooth Muscle
1,1,0.9999297857284546,0.5454216012581257,APPROVE,Background
8,8,0.9055469036102295,0.4793535837753681,BLOCK,Colorectal Adenocarcinoma
5,0,0.9693233966827393,0.5239971289261249,APPROVE,Adipose
8,8,0.9931617975234985,0.5406840095146564,APPROVE,Colorectal Adenocarcinoma
1,1,0.9999746084213257,0.5453436287365708,APPROVE,Background
6,6,0.9999979734420776,0.5453599842510971,APPROVE,Normal Colon Mucosa
6,6,1.0,0.5453614028416428,APPROVE,Normal Colon Mucosa
8,8,0.8843696713447571,0.4644201727829727,BLOCK,Colorectal Adenocarcinoma
6,6,0.9999070167541504,0.5452963145695481,APPROVE,Normal Colon Mucosa
4,4,0.9999535083770752,0.5453288587055954,APPROVE,Mucus
0,0,0.999492883682251,0.5450064214192185,APPROVE,Adipose
1,1,0.9999799728393555,0.5453473838291917,APPROVE,Background
6,6,0.9979629516601562,0.5439354690037522,APPROVE,Normal Colon Mucosa
3,3,0.999974250793457,0.5453433783970627,APPROVE,Lymphocytes
8,8,0.9986814856529236,0.5444384427986894,APPROVE,Colorectal Adenocarcinoma
4,2,0.9282581806182861,0.49514212927444307,BLOCK,Debris
0,0,0.9996929168701172,0.5451464446507248,APPROVE,Adipose
8,8,0.9996048808097839,0.5450848194084915,APPROVE,Colorectal Adenocarcinoma
1,1,0.9999591112136841,0.5453327806912217,APPROVE,Background
8,8,0.9648562669754028,0.5207607897244247,APPROVE,Colorectal Adenocarcinoma
4,4,0.9986398816108704,0.544409319969252,APPROVE,Mucus
8,8,0.9999994039535522,0.5453609856091294,APPROVE,Colorectal Adenocarcinoma
5,5,0.999884843826294,0.5452807935200485,APPROVE,Smooth Muscle
4,4,0.9982866644859314,0.5441620679817948,APPROVE,Mucus
0,0,0.7241449356079102,0.35226285776717986,BLOCK,Adipose
0,0,0.9996849298477173,0.545140853735045,APPROVE,Adipose
8,8,0.9990930557250977,0.5447265418492112,APPROVE,Colorectal Adenocarcinoma
3,3,0.9993089437484741,0.5448776634655746,APPROVE,Lymphocytes
6,6,0.9999743700027466,0.5453434618435654,APPROVE,Normal Colon Mucosa
2,2,0.9995169639587402,0.5450232776127609,APPROVE,Debris
5,0,0.8423510789871216,0.43500715813262786,BLOCK,Adipose
1,1,0.9999619722366333,0.5453347834072861,APPROVE,Background
0,0,0.9999048709869385,0.5452948125324998,APPROVE,Adipose
8,8,0.7659448385238647,0.38152278980834803,BLOCK,Colorectal Adenocarcinoma
4,4,0.9991486072540283,0.5447654279194626,APPROVE,Mucus
1,1,0.9999834299087524,0.5453498037777695,APPROVE,Background
8,8,0.999981164932251,0.5454664741363275,APPROVE,Colorectal Adenocarcinoma
3,3,0.999842643737793,0.5453695093002069,APPROVE,Lymphocytes
1,1,0.9999462366104126,0.5454420243110406,APPROVE,Background
8,8,0.9998767375946045,0.545393374999975,APPROVE,Colorectal Adenocarcinoma
5,5,0.9999202489852905,0.5454238329734552,APPROVE,Smooth Muscle
7,7,0.9775543808937073,0.5297677253093469,APPROVE,Cancer-Assoc. Stroma
8,8,0.9986948370933533,0.5445660446490991,APPROVE,Colorectal Adenocarcinoma
1,1,0.9999855756759644,0.5454695616569268,APPROVE,Background
4,4,0.9993378520011902,0.5450161550845849,APPROVE,Mucus
6,6,0.9898056983947754,0.5383436475600946,APPROVE,Normal Colon Mucosa
5,5,0.9999668598175049,0.5454564605560053,APPROVE,Smooth Muscle
7,7,0.992547333240509,0.5402627919521081,APPROVE,Cancer-Assoc. Stroma
6,6,0.9999059438705444,0.5454138193931329,APPROVE,Normal Colon Mucosa
0,0,0.9442425966262817,0.506449476322149,APPROVE,Adipose
1,1,0.9999123811721802,0.5454183255042779,APPROVE,Background
6,6,0.9873726963996887,0.536640546163534,APPROVE,Normal Colon Mucosa
1,1,0.9999721050262451,0.5454601322021234,APPROVE,Background
4,4,0.9999966621398926,0.5454773221816767,APPROVE,Mucus
0,0,0.9999990463256836,0.5454789911117304,APPROVE,Adipose
0,0,0.9999939203262329,0.5454754029121148,APPROVE,Adipose
8,8,0.998488187789917,0.5444213901366937,APPROVE,Colorectal Adenocarcinoma
3,3,0.9998425245285034,0.5453694258537042,APPROVE,Lymphocytes
4,4,0.9998410940170288,0.545368424495672,APPROVE,Mucus
5,5,0.9998400211334229,0.5453676734771478,APPROVE,Smooth Muscle
3,3,0.9987971782684326,0.5446376834716546,APPROVE,Lymphocytes
4,4,0.999422550201416,0.545075443824743,APPROVE,Mucus
0,0,0.9999994039535522,0.5454792414512384,APPROVE,Adipose
1,5,0.6317355632781982,0.28769455297849056,BLOCK,Smooth Muscle
4,4,0.9750826954841614,0.5280375455226648,APPROVE,Mucus
8,8,0.996258020401001,0.5428602729644525,APPROVE,Colorectal Adenocarcinoma
6,6,1.0,0.5454796586837518,APPROVE,Normal Colon Mucosa
1,1,0.9999669790267944,0.5454565440025079,APPROVE,Background
8,8,0.9796741604804993,0.5312145435750532,APPROVE,Colorectal Adenocarcinoma
1,1,0.9999767541885376,0.5454263591706799,APPROVE,Background
1,4,0.6342905759811401,0.28944603442550165,BLOCK,Mucus
8,8,0.9611074328422546,0.5182178342282818,APPROVE,Colorectal Adenocarcinoma
6,6,0.9999891519546509,0.5454350376069592,APPROVE,Normal Colon Mucosa
0,0,0.9655628204345703,0.5213366055429028,APPROVE,Adipose
0,0,0.9834387898445129,0.5338497841298627,APPROVE,Adipose
6,6,0.9874371290206909,0.5366486215531873,APPROVE,Normal Colon Mucosa
3,3,0.99998939037323,0.5454352044999646,APPROVE,Lymphocytes
0,0,0.7711735367774963,0.38526410698295105,BLOCK,Adipose
2,2,0.9998445510864258,0.5453338169992017,APPROVE,Debris
3,3,0.9999897480010986,0.5454354548394726,APPROVE,Lymphocytes
4,4,0.9999816417694092,0.5454297804772901,APPROVE,Mucus
7,7,0.9945394396781921,0.5416202390134381,APPROVE,Cancer-Assoc. Stroma
5,7,0.9945088028907776,0.5415987932622479,APPROVE,Cancer-Assoc. Stroma
8,8,0.9998239874839783,0.5453194224774884,APPROVE,Colorectal Adenocarcinoma
0,0,0.9710058569908142,0.5251467311322736,APPROVE,Adipose
5,5,0.9999985694885254,0.5454416298806714,APPROVE,Smooth Muscle
5,7,0.8805302381515503,0.4618137979447888,BLOCK,Cancer-Assoc. Stroma
0,0,0.9890355467796326,0.5377675139844464,APPROVE,Adipose
5,5,0.8296675086021423,0.4262098872602032,BLOCK,Smooth Muscle
6,6,0.9999837875366211,0.5454312825143384,APPROVE,Normal Colon Mucosa
0,0,0.999931812286377,0.5453948998391674,APPROVE,Adipose
8,8,0.999935507774353,0.5453974866807507,APPROVE,Colorectal Adenocarcinoma
8,8,0.9970088601112366,0.5433488333165692,APPROVE,Colorectal Adenocarcinoma
4,4,0.996023416519165,0.5426590228021192,APPROVE,Mucus
0,0,0.9275307059288025,0.49471412538886533,BLOCK,Adipose
0,0,0.9856842756271362,0.535421624177699,APPROVE,Adipose
4,4,0.9993962049484253,0.5450199747026013,APPROVE,Mucus
4,4,0.9999556541442871,0.5454115891397046,APPROVE,Mucus
2,7,0.7912268042564392,0.39930139421821104,BLOCK,Cancer-Assoc. Stroma
8,8,0.9992808699607849,0.5449392402112531,APPROVE,Colorectal Adenocarcinoma
0,0,0.7352010607719421,0.3600696438391627,BLOCK,Adipose
5,5,0.9963305592536926,0.542860292776388,APPROVE,Smooth Muscle
4,4,0.9999386072158813,0.5453859263499201,APPROVE,Mucus
1,1,0.999984860420227,0.5454183035929621,APPROVE,Background
8,8,0.9947988986968994,0.5417881303866328,APPROVE,Colorectal Adenocarcinoma
0,0,0.8393176198005676,0.4329512351592005,BLOCK,Adipose
0,0,0.9526594877243042,0.5122905427058161,APPROVE,Adipose
1,1,0.9998551607131958,0.5453275137980402,APPROVE,Background
4,4,0.9999933242797852,0.5454242282946528,APPROVE,Mucus
3,3,0.9998681545257568,0.5453366094668329,APPROVE,Lymphocytes
4,4,0.999213457107544,0.544878321274084,APPROVE,Mucus
4,4,0.999962329864502,0.5454025322039545,APPROVE,Mucus
5,5,0.9996304512023926,0.545170217140478,APPROVE,Smooth Muscle
5,0,0.6130489706993103,0.27456318078832037,BLOCK,Adipose
1,1,0.9999827146530151,0.5454168015559138,APPROVE,Background
8,8,0.9994872808456421,0.5450699978907526,APPROVE,Colorectal Adenocarcinoma
1,1,0.9999454021453857,0.5453906828005732,APPROVE,Background
5,5,0.9999700784683228,0.5454079562266291,APPROVE,Smooth Muscle
8,8,0.9703125357627869,0.524647676332754,APPROVE,Colorectal Adenocarcinoma
4,4,0.9999915361404419,0.5454229765971125,APPROVE,Mucus
3,3,0.9964786171913147,0.5429639333327234,APPROVE,Lymphocytes
1,1,0.9999620914459229,0.5454023653109492,APPROVE,Background
5,5,0.9049875140190125,0.47892016111211183,BLOCK,Smooth Muscle
3,3,0.9999985694885254,0.5454278999407709,APPROVE,Lymphocytes
1,1,0.9999626874923706,0.5454027825434626,APPROVE,Background
6,6,0.9898592829704285,0.5383303993781031,APPROVE,Normal Colon Mucosa
4,4,0.999998927116394,0.545428150280279,APPROVE,Mucus
8,7,0.9917674660682678,0.5396661275465906,APPROVE,Cancer-Assoc. Stroma
0,0,0.9677478671073914,0.5228524082739772,APPROVE,Adipose
6,6,0.9999932050704956,0.54542414484815,APPROVE,Normal Colon Mucosa
5,5,0.8001458048820496,0.4055309647162378,BLOCK,Smooth Muscle
0,0,0.999977707862854,0.5454132968028009,APPROVE,Adipose
4,4,0.983025848865509,0.5335471397583791,APPROVE,Mucus
4,4,0.9969262480735779,0.5432774192040273,APPROVE,Mucus
1,5,0.5681538581848145,0.24313674628189297,BLOCK,Smooth Muscle
8,8,0.9953182339668274,0.542151809329302,APPROVE,Colorectal Adenocarcinoma
0,0,0.9998348951339722,0.5453134721463033,APPROVE,Adipose
0,0,0.9998468160629272,0.5453218167965719,APPROVE,Adipose
1,1,0.9999396800994873,0.5453868216221639,APPROVE,Background
0,0,0.999562680721283,0.5451229220574209,APPROVE,Adipose
1,1,0.9999862909317017,0.545419449204714,APPROVE,Background
4,4,0.9998272061347961,0.5453080898468801,APPROVE,Mucus
1,1,0.9999808073043823,0.5454156106655904,APPROVE,Background
8,8,0.9216939806938171,0.4906148320381948,BLOCK,Colorectal Adenocarcinoma
0,0,0.9999257326126099,0.5453770583813498,APPROVE,Adipose
6,6,0.9997801184654236,0.5452751284783193,APPROVE,Normal Colon Mucosa
6,6,0.9993808269500732,0.5449956244175741,APPROVE,Normal Colon Mucosa
0,0,0.9764704704284668,0.5289583748524496,APPROVE,Adipose
4,4,0.9996181726455688,0.545161766404421,APPROVE,Mucus
8,8,0.9999363422393799,0.5453844851200887,APPROVE,Colorectal Adenocarcinoma
8,7,0.9035212993621826,0.4778939551060506,BLOCK,Cancer-Assoc. Stroma
4,4,0.9997488856315613,0.5452532654946157,APPROVE,Mucus
0,0,0.999426007270813,0.5450272506420919,APPROVE,Adipose
5,7,0.9927529096603394,0.5403560823147604,APPROVE,Cancer-Assoc. Stroma
5,5,0.9999309778213501,0.5453807300274679,APPROVE,Smooth Muscle
8,8,0.9999910593032837,0.5454227870648214,APPROVE,Colorectal Adenocarcinoma
5,5,0.9999741315841675,0.54541093766144,APPROVE,Smooth Muscle
8,8,0.9999645948410034,0.5454042619412252,APPROVE,Colorectal Adenocarcinoma
1,2,0.999424934387207,0.5450264996235678,APPROVE,Debris
5,5,0.9895464777946472,0.5381115800087759,APPROVE,Smooth Muscle
8,8,0.9929167032241821,0.5404707378094503,APPROVE,Colorectal Adenocarcinoma
3,3,0.9991463422775269,0.5448314851467916,APPROVE,Lymphocytes
5,2,0.819179117679596,0.41885442792824,BLOCK,Debris
0,0,0.9119389057159424,0.4837862795536825,BLOCK,Adipose
8,8,0.9998098015785217,0.5452655718841614,APPROVE,Colorectal Adenocarcinoma
3,3,0.999982476234436,0.5453864441433013,APPROVE,Lymphocytes
2,2,0.7815609574317932,0.39249138098145137,BLOCK,Debris
8,8,0.9999041557312012,0.545331619791037,APPROVE,Colorectal Adenocarcinoma
4,4,0.9986336827278137,0.5444422886886657,APPROVE,Mucus
6,6,0.9999773502349854,0.5453828559436859,APPROVE,Normal Colon Mucosa
2,2,0.9996868371963501,0.5451794968166411,APPROVE,Debris
3,3,0.9999489784240723,0.5453629956760467,APPROVE,Lymphocytes
0,0,0.9999901056289673,0.5453917847194732,APPROVE,Adipose
6,6,0.9870992302894592,0.5363681719818175,APPROVE,Normal Colon Mucosa
3,3,0.9999226331710815,0.5453445539989532,APPROVE,Lymphocytes
6,6,0.9999996423721313,0.5453984604396881,APPROVE,Normal Colon Mucosa
8,8,0.8744534254074097,0.4575161085643829,BLOCK,Colorectal Adenocarcinoma
0,0,0.9086983799934387,0.48148757677460324,BLOCK,Adipose
0,4,0.7962651252746582,0.40278429847145686,BLOCK,Mucus
6,6,0.9999055862426758,0.5453326211490691,APPROVE,Normal Colon Mucosa
0,4,0.4535377025604248,0.16287510257149354,BLOCK,Mucus
1,1,0.999935507774353,0.5453535662212432,APPROVE,Background
8,8,0.9819761514663696,0.5327820168056548,APPROVE,Colorectal Adenocarcinoma
0,4,0.9871368408203125,0.5363944993534149,APPROVE,Mucus
5,5,0.9989122152328491,0.5446372614421905,APPROVE,Smooth Muscle
4,4,0.9998873472213745,0.5453198538341583,APPROVE,Mucus
5,5,0.9843143224716187,0.5344187365093291,APPROVE,Smooth Muscle
0,0,0.999996542930603,0.5453962908306182,APPROVE,Adipose
4,4,0.9999853372573853,0.5453884468593658,APPROVE,Mucus
3,3,0.997635006904602,0.5437432156124176,APPROVE,Lymphocytes
8,8,0.9994962215423584,0.545046065858847,APPROVE,Colorectal Adenocarcinoma
8,8,0.9989013671875,0.5446296678104461,APPROVE,Colorectal Adenocarcinoma
4,4,0.9999796152114868,0.5453844414272369,APPROVE,Mucus
4,4,0.9999973773956299,0.545396874956137,APPROVE,Mucus
3,3,0.9999589920043945,0.5453700051822723,APPROVE,Lymphocytes
8,8,0.9997687935829163,0.5452368662872374,APPROVE,Colorectal Adenocarcinoma
4,4,0.9999947547912598,0.5454887566830017,APPROVE,Mucus
7,7,0.9994994401931763,0.5451420364643432,APPROVE,Cancer-Assoc. Stroma
3,3,0.9999034404754639,0.5454248366619445,APPROVE,Lymphocytes
8,8,0.9999667406082153,0.5454691467548706,APPROVE,Colorectal Adenocarcinoma
8,8,0.999649167060852,0.5452468452717163,APPROVE,Colorectal Adenocarcinoma
5,7,0.5597663521766663,0.2373288748527862,BLOCK,Cancer-Assoc. Stroma
0,0,0.997126042842865,0.5434806583191253,APPROVE,Adipose
3,3,0.9999874830245972,0.5454836664463378,APPROVE,Lymphocytes
8,8,0.9937790036201477,0.5411377308632233,APPROVE,Colorectal Adenocarcinoma
5,5,0.997797966003418,0.5439510045315123,APPROVE,Smooth Muscle
6,6,0.9931764006614685,0.5407159087921478,APPROVE,Normal Colon Mucosa
2,7,0.443939745426178,0.15625025012744442,BLOCK,Cancer-Assoc. Stroma
5,0,0.8570314049720764,0.4454144118095733,BLOCK,Adipose
4,4,0.9987773299217224,0.5446365592743255,APPROVE,Mucus
1,2,0.9994294047355652,0.5450930116440155,APPROVE,Debris
4,4,0.5410538911819458,0.2242301521564819,BLOCK,Mucus
5,5,0.9999723434448242,0.5454730687404967,APPROVE,Smooth Muscle
8,6,0.6746112108230591,0.3177202759052612,BLOCK,Normal Colon Mucosa
7,7,0.9999895095825195,0.5454850850368835,APPROVE,Cancer-Assoc. Stroma
0,0,0.9726681113243103,0.526360106256137,APPROVE,Adipose
8,8,0.9999521970748901,0.5454589662815429,APPROVE,Colorectal Adenocarcinoma
4,4,0.9999997615814209,0.5454922614361144,APPROVE,Mucus
6,6,0.9999969005584717,0.54549025872005,APPROVE,Normal Colon Mucosa
4,4,0.972029983997345,0.5259134171272613,APPROVE,Mucus
6,6,1.0,0.5454924283291198,APPROVE,Normal Colon Mucosa
0,0,0.9998539686203003,0.54539020636333,APPROVE,Adipose
4,4,0.9998038411140442,0.5453551171089508,APPROVE,Mucus
6,6,0.9998037219047546,0.5453550336624481,APPROVE,Normal Colon Mucosa
0,0,0.9952919483184814,0.5421967921520569,APPROVE,Adipose
3,3,0.9994805455207825,0.5451288101936675,APPROVE,Lymphocytes
8,8,0.99826580286026,0.5442784903313018,APPROVE,Colorectal Adenocarcinoma
2,2,0.9998155236244202,0.5453632948662139,APPROVE,Debris
1,1,0.9997991919517517,0.5452915308778188,APPROVE,Background
4,4,0.9999918937683105,0.5454264221494101,APPROVE,Mucus
8,8,0.9999878406524658,0.5454235849683187,APPROVE,Colorectal Adenocarcinoma
1,1,0.9999880790710449,0.5454237518613241,APPROVE,Background
8,8,0.9997033476829529,0.5452244398896596,APPROVE,Colorectal Adenocarcinoma
5,7,0.8857117891311646,0.4654303489034079,BLOCK,Cancer-Assoc. Stroma
4,4,0.999526858329773,0.5451008973424337,APPROVE,Mucus
3,3,0.9999995231628418,0.5454317627255819,APPROVE,Lymphocytes
3,3,0.9992044568061829,0.5448752162759206,APPROVE,Lymphocytes
8,8,0.9977191090583801,0.5438354728524587,APPROVE,Colorectal Adenocarcinoma
5,7,0.8899275064468384,0.46838135102437956,BLOCK,Cancer-Assoc. Stroma
1,1,0.9999872446060181,0.5454231677358052,APPROVE,Background
5,5,0.9977411031723022,0.5438508687322042,APPROVE,Smooth Muscle
7,7,0.9999396800994873,0.5453898725812337,APPROVE,Cancer-Assoc. Stroma
3,3,0.9955469369888306,0.542314952403774,APPROVE,Lymphocytes
8,8,0.9999455213546753,0.5453939614598653,APPROVE,Colorectal Adenocarcinoma
8,8,0.9977152347564697,0.5438327608411214,APPROVE,Colorectal Adenocarcinoma
8,8,0.9993699193000793,0.5449910400216482,APPROVE,Colorectal Adenocarcinoma
1,1,0.9999316930770874,0.5453842816655539,APPROVE,Background
1,1,0.9999785423278809,0.5454170761411092,APPROVE,Background
0,0,0.9998164772987366,0.5453036306207082,APPROVE,Adipose
7,7,0.9996737241744995,0.5452037034337422,APPROVE,Cancer-Assoc. Stroma
8,8,0.99997878074646,0.5454172430341147,APPROVE,Colorectal Adenocarcinoma
4,4,0.9999905824661255,0.5454255042378805,APPROVE,Mucus
0,0,0.997218132019043,0.5434847889249227,APPROVE,Adipose
1,1,0.9999773502349854,0.5454162416760824,APPROVE,Background
1,1,0.9999701976776123,0.5454112348859212,APPROVE,Background
1,1,0.9999657869338989,0.5454081473653218,APPROVE,Background
8,8,0.999993085861206,0.5454272566144369,APPROVE,Colorectal Adenocarcinoma
0,0,0.8470451235771179,0.4383636830155752,BLOCK,Adipose
0,0,0.9967136383056641,0.5431316433255575,APPROVE,Adipose
8,8,0.986484706401825,0.5359713909928701,APPROVE,Colorectal Adenocarcinoma
4,4,0.9999995231628418,0.545435864754403,APPROVE,Mucus
1,5,0.6691358089447021,0.3138312648017052,BLOCK,Smooth Muscle
2,2,0.9951575398445129,0.5420464764315728,APPROVE,Debris
6,6,0.998450517654419,0.544351560898507,APPROVE,Normal Colon Mucosa
8,8,0.9996205568313599,0.5451705883223656,APPROVE,Colorectal Adenocarcinoma
3,3,0.999942421913147,0.5453958938796166,APPROVE,Lymphocytes
5,5,0.9996163845062256,0.5451676676947717,APPROVE,Smooth Muscle
5,0,0.6243536472320557,0.28248375160285266,BLOCK,Adipose
2,2,0.9999011754989624,0.5453670213896874,APPROVE,Debris
1,1,0.9999220371246338,0.5453816245276574,APPROVE,Background
5,5,0.999763548374176,0.5452706824023369,APPROVE,Smooth Muscle
5,7,0.8858900666236877,0.4655592451769951,BLOCK,Cancer-Assoc. Stroma
0,0,0.9998973608016968,0.5453643511016014,APPROVE,Adipose
3,3,0.9979221224784851,0.5439816842753533,APPROVE,Lymphocytes
0,0,0.9993137121200562,0.544955797024453,APPROVE,Adipose
8,8,0.9998769760131836,0.5453500817496422,APPROVE,Colorectal Adenocarcinoma
3,3,0.9999532699584961,0.5454034875113609,APPROVE,Lymphocytes
0,0,0.7828975319862366,0.3934644709307793,BLOCK,Adipose
3,3,1.0,0.5454361985404137,APPROVE,Lymphocytes
8,8,0.9999765157699585,0.5454197595793846,APPROVE,Colorectal Adenocarcinoma
3,3,0.9997976422309875,0.545294548102105,APPROVE,Lymphocytes
0,0,0.9894367456436157,0.5380419204909447,APPROVE,Adipose
5,5,0.9999830722808838,0.5454243491370323,APPROVE,Smooth Muscle
5,7,0.9539929628372192,0.5132312725264672,APPROVE,Cancer-Assoc. Stroma
2,2,0.9992777705192566,0.5449306379038933,APPROVE,Debris
0,0,0.9961073994636536,0.5427113781649712,APPROVE,Adipose
1,1,0.999977707862854,0.5454205940444115,APPROVE,Background
0,0,0.9988880753517151,0.5446578512866143,APPROVE,Adipose
6,6,0.9999959468841553,0.5454333613593224,APPROVE,Normal Colon Mucosa
4,4,0.999995231628418,0.5454328606803063,APPROVE,Mucus
1,5,0.6344693899154663,0.2895647714812401,BLOCK,Smooth Muscle
5,5,0.999962329864502,0.545409829445565,APPROVE,Smooth Muscle
8,8,0.9963803887367249,0.5427359822572911,APPROVE,Colorectal Adenocarcinoma
2,2,0.9999083280563354,0.5452055397810186,APPROVE,Debris
0,0,0.9998099207878113,0.5451366546930516,APPROVE,Adipose
8,8,0.9994916915893555,0.5449138942541326,APPROVE,Colorectal Adenocarcinoma
6,6,0.9905849099159241,0.5386791470827306,APPROVE,Normal Colon Mucosa
8,8,0.9999977350234985,0.5452681246580328,APPROVE,Colorectal Adenocarcinoma
1,1,0.9998214840888977,0.5451447490038122,APPROVE,Background
0,0,0.9999606609344482,0.5452421727956975,APPROVE,Adipose
8,8,0.9999955892562866,0.5452666226209844,APPROVE,Colorectal Adenocarcinoma
0,0,0.9996345043182373,0.5450138631643499,APPROVE,Adipose
8,8,0.9998778104782104,0.5451841774763311,APPROVE,Colorectal Adenocarcinoma
0,0,0.963346540927887,0.5196122887911047,APPROVE,Adipose
3,3,0.99986732006073,0.5451768341840948,APPROVE,Lymphocytes
5,5,0.9998050332069397,0.5451332333864416,APPROVE,Smooth Muscle
1,1,0.9999645948410034,0.5452449265302861,APPROVE,Background
0,0,0.9997650980949402,0.5451052788080419,APPROVE,Adipose
4,4,0.999763548374176,0.545104194003507,APPROVE,Mucus
3,3,0.9998359680175781,0.5451548877538884,APPROVE,Lymphocytes
6,6,1.0,0.5452697101415838,APPROVE,Normal Colon Mucosa
8,8,0.9998795986175537,0.5451854291738714,APPROVE,Colorectal Adenocarcinoma
3,3,0.9999438524246216,0.5452304068388188,APPROVE,Lymphocytes
5,5,0.9087483882904053,0.4813935819448674,BLOCK,Smooth Muscle
1,1,0.9999805688858032,0.5452561083616461,APPROVE,Background
3,3,0.9999009370803833,0.545200366097852,APPROVE,Lymphocytes
5,5,0.9999760389328003,0.545252937394544,APPROVE,Smooth Muscle
3,3,0.9998527765274048,0.5451666537107671,APPROVE,Lymphocytes
0,0,0.9993815422058105,0.5448367896856512,APPROVE,Adipose
6,6,0.7943758964538574,0.4013328376592839,BLOCK,Normal Colon Mucosa
7,7,0.9446726441383362,0.506540561038419,APPROVE,Cancer-Assoc. Stroma
8,8,0.9999898672103882,0.5452626171888555,APPROVE,Colorectal Adenocarcinoma
1,4,0.5560378432273865,0.23449620040075425,BLOCK,Mucus
4,5,0.8291890025138855,0.4257020119013036,BLOCK,Smooth Muscle
1,5,0.730974018573761,0.35697910848284187,BLOCK,Smooth Muscle
7,7,0.9991624355316162,0.5447110003533405,APPROVE,Cancer-Assoc. Stroma
0,0,0.9175489544868469,0.487581563622002,BLOCK,Adipose
1,1,0.9999520778656006,0.5452637499871296,APPROVE,Background
3,3,0.9999974966049194,0.5452955431046528,APPROVE,Lymphocytes
3,3,0.9999935626983643,0.5452927893700642,APPROVE,Lymphocytes
8,8,0.9999936819076538,0.5452928728165669,APPROVE,Colorectal Adenocarcinoma
8,8,0.9989927411079407,0.5445922142567676,APPROVE,Colorectal Adenocarcinoma
0,0,0.9822010397911072,0.5328380233349842,APPROVE,Adipose
0,0,0.9927696585655212,0.5402360564770741,APPROVE,Adipose
8,8,0.9999797344207764,0.5452831095757527,APPROVE,Colorectal Adenocarcinoma
0,0,0.9998726844787598,0.5452081746163411,APPROVE,Adipose
0,0,0.9989946484565735,0.5445935494008106,APPROVE,Adipose
3,3,0.9997069239616394,0.5450921422543568,APPROVE,Lymphocytes
0,0,0.5386990904808044,0.22238665881777228,BLOCK,Adipose
7,7,0.9863989353179932,0.5357765502038044,APPROVE,Cancer-Assoc. Stroma
4,4,0.9999264478683472,0.5452458089890522,APPROVE,Mucus
4,4,0.9431442618370056,0.5054982787671132,APPROVE,Mucus
4,4,0.9999899864196777,0.5452902859749836,APPROVE,Mucus
0,0,0.9966456294059753,0.5429492360653919,APPROVE,Adipose
0,0,0.9773724675178528,0.5294580227437061,APPROVE,Adipose
6,6,0.9379976987838745,0.5018956846299214,APPROVE,Normal Colon Mucosa
0,0,0.9852278232574463,0.5349567717614216,APPROVE,Adipose
8,8,0.9997013211250305,0.5450882202687306,APPROVE,Colorectal Adenocarcinoma
7,7,0.5337081551551819,0.2188930040898365,BLOCK,Cancer-Assoc. Stroma
3,3,0.9999998807907104,0.5452972120347065,APPROVE,Lymphocytes
4,4,0.9657780528068542,0.5213419324460071,APPROVE,Mucus
0,0,0.9999890327453613,0.5452896184029621,APPROVE,Adipose
0,0,0.9973016977310181,0.5434084838929218,APPROVE,Adipose
4,4,0.9999864101409912,0.5452877825799031,APPROVE,Mucus
1,1,0.9999842643737793,0.5452862805428547,APPROVE,Background
0,0,0.9981683492660522,0.5440151399674458,APPROVE,Adipose
4,4,0.9970766305923462,0.5433656357716533,APPROVE,Mucus
1,1,0.9999754428863525,0.5453948043774577,APPROVE,Background
0,0,0.9999873638153076,0.5454031490277262,APPROVE,Adipose
4,4,0.9999532699584961,0.5453792833279582,APPROVE,Mucus
6,6,0.9999979734420776,0.5454105757664652,APPROVE,Normal Colon Mucosa
6,6,0.9999579191207886,0.545382537741563,APPROVE,Normal Colon Mucosa
3,3,0.9992944002151489,0.5449180745076152,APPROVE,Lymphocytes
8,8,0.9989283680915833,0.5446618520211192,APPROVE,Colorectal Adenocarcinoma
7,7,0.9998519420623779,0.5453083538006754,APPROVE,Cancer-Assoc. Stroma
3,3,0.9921201467514038,0.5398960970829936,APPROVE,Lymphocytes
1,1,0.9999128580093384,0.5453509949635478,APPROVE,Background
8,8,0.9999772310256958,0.545396056074998,APPROVE,Colorectal Adenocarcinoma
8,8,0.6106118559837341,0.27284029354562483,BLOCK,Colorectal Adenocarcinoma
8,8,0.9999536275863647,0.5453795336674663,APPROVE,Colorectal Adenocarcinoma
8,8,0.9980887770652771,0.5440741383027049,APPROVE,Colorectal Adenocarcinoma
6,6,0.9998425245285034,0.5453017615269633,APPROVE,Normal Colon Mucosa
1,1,0.9999804496765137,0.5453983091305705,APPROVE,Background
3,3,0.9998393058776855,0.5452995084713909,APPROVE,Lymphocytes
1,1,0.9999955892562866,0.5454089068364115,APPROVE,Background
8,8,0.9998911619186401,0.5453358077000591,APPROVE,Colorectal Adenocarcinoma
8,8,0.998656153678894,0.5444713019322368,APPROVE,Colorectal Adenocarcinoma
8,8,0.99986732006073,0.545319118399522,APPROVE,Colorectal Adenocarcinoma
8,8,0.998823344707489,0.5445883356522533,APPROVE,Colorectal Adenocarcinoma
8,8,0.9999998807907104,0.5454119109105082,APPROVE,Colorectal Adenocarcinoma
3,3,0.9998812675476074,0.5453288816403361,APPROVE,Lymphocytes
1,1,0.9999830722808838,0.5454001449536295,APPROVE,Background
0,0,0.9663998484611511,0.5218918882798167,APPROVE,Adipose
8,8,0.999948263168335,0.5453757785748454,APPROVE,Colorectal Adenocarcinoma
6,6,0.9995781779289246,0.5451167189072581,APPROVE,Normal Colon Mucosa
8,8,0.9996838569641113,0.5451906942318888,APPROVE,Colorectal Adenocarcinoma
7,5,0.6272857189178467,0.28451199759950363,BLOCK,Smooth Muscle
8,6,0.7131748795509338,0.34463441004266465,BLOCK,Normal Colon Mucosa
6,6,0.9685114622116089,0.52334327136915,APPROVE,Normal Colon Mucosa
6,6,0.9998433589935303,0.545275599116495,APPROVE,Normal Colon Mucosa
8,8,0.9966818690299988,0.5430625561420229,APPROVE,Colorectal Adenocarcinoma
3,3,0.9989989399909973,0.5446845058147219,APPROVE,Lymphocytes
6,6,0.9999915361404419,0.5453793231193331,APPROVE,Normal Colon Mucosa
1,1,0.9999760389328003,0.545368475073984,APPROVE,Background
1,5,0.6507832407951355,0.30093351637761867,BLOCK,Smooth Muscle
7,7,0.9964908957481384,0.5429288748447207,APPROVE,Cancer-Assoc. Stroma
0,0,0.9987334609031677,0.5444986704532412,APPROVE,Adipose
4,4,0.9998477697372437,0.5452786866370943,APPROVE,Mucus
6,6,0.9999998807907104,0.5453851643745211,APPROVE,Normal Colon Mucosa
5,5,0.998731791973114,0.5444975022022036,APPROVE,Smooth Muscle
4,4,0.999913215637207,0.5453244987670688,APPROVE,Mucus
4,4,0.9997566342353821,0.5452148917857913,APPROVE,Mucus
0,0,0.9761389493942261,0.528682512396982,APPROVE,Adipose
2,7,0.5951448082923889,0.2619866136256961,BLOCK,Cancer-Assoc. Stroma
8,8,0.9996762275695801,0.5451586071197299,APPROVE,Colorectal Adenocarcinoma
2,7,0.7042925357818604,0.3383900228683261,BLOCK,Cancer-Assoc. Stroma
0,0,0.9604046940803528,0.5176685336772707,APPROVE,Adipose
0,0,0.9949396848678589,0.5418430272285251,APPROVE,Adipose
1,1,0.9999804496765137,0.5453715625945834,APPROVE,Background
8,8,0.9999842643737793,0.5453742328826693,APPROVE,Colorectal Adenocarcinoma
1,1,0.9999479055404663,0.5453487816993502,APPROVE,Background
0,0,0.9395989775657654,0.5031045321170596,APPROVE,Adipose
0,0,0.9998180270195007,0.5452578667346744,APPROVE,Adipose
8,8,0.9999299049377441,0.5453361812774448,APPROVE,Colorectal Adenocarcinoma
8,8,0.9999552965164185,0.5453539553825167,APPROVE,Colorectal Adenocarcinoma
8,8,0.9997190833091736,0.5451886061374454,APPROVE,Colorectal Adenocarcinoma
1,1,0.9999738931655884,0.5453669730369357,APPROVE,Background
6,6,1.0,0.5453852478210238,APPROVE,Normal Colon Mucosa
6,6,0.9998001456260681,0.5452453497592715,APPROVE,Normal Colon Mucosa
1,1,0.99993896484375,0.5453425232116488,APPROVE,Background
0,4,0.6843844652175903,0.32425602284807714,BLOCK,Mucus
6,6,0.9934543371200562,0.5406049331798032,APPROVE,Normal Colon Mucosa
5,7,0.5188815593719482,0.20840398875612767,BLOCK,Cancer-Assoc. Stroma
6,4,0.8798173666000366,0.46105905381578954,BLOCK,Mucus
5,5,0.9996815919876099,0.5449640115870907,APPROVE,Smooth Muscle
8,8,0.9956606030464172,0.5421493193282559,APPROVE,Colorectal Adenocarcinoma
8,8,0.9488508105278015,0.509382464565225,APPROVE,Colorectal Adenocarcinoma
0,0,0.9201290011405945,0.48927719799418007,BLOCK,Adipose
7,7,0.9789766073226929,0.5304705223216488,APPROVE,Cancer-Assoc. Stroma
8,8,0.999855637550354,0.5450858434810116,APPROVE,Colorectal Adenocarcinoma
5,5,0.9996708631515503,0.544956501401849,APPROVE,Smooth Muscle
0,0,0.9421068429946899,0.5046616872920469,APPROVE,Adipose
8,8,0.9998086094856262,0.5450529238357023,APPROVE,Colorectal Adenocarcinoma
1,1,0.9999810457229614,0.5451736292018369,APPROVE,Background
4,4,0.9849528670310974,0.534653904117532,APPROVE,Mucus
6,6,1.0,0.5451868971957639,APPROVE,Normal Colon Mucosa
0,0,0.9997596144676208,0.5450186273230985,APPROVE,Adipose
5,5,0.9999029636383057,0.5451189717425778,APPROVE,Smooth Muscle
0,0,0.8888853192329407,0.4674066206588224,BLOCK,Adipose
6,6,0.9999988079071045,0.545186062730737,APPROVE,Normal Colon Mucosa
3,3,0.9995418787002563,0.5448662122859433,APPROVE,Lymphocytes
7,7,0.8804481625556946,0.4615006109847501,BLOCK,Cancer-Assoc. Stroma
1,1,0.9999483823776245,0.5451507648601011,APPROVE,Background
0,0,0.9662907719612122,0.5215904375686123,APPROVE,Adipose
6,6,1.0,0.5451868971957639,APPROVE,Normal Colon Mucosa
5,5,0.9999759197235107,0.5451700410022213,APPROVE,Smooth Muscle
0,0,0.9999562501907349,0.5451562723292782,APPROVE,Adipose
6,6,0.9999908208847046,0.545180471815057,APPROVE,Normal Colon Mucosa
6,8,0.8971750140190125,0.4732094070090726,BLOCK,Colorectal Adenocarcinoma
0,0,0.7797475457191467,0.39101017919916664,BLOCK,Adipose
8,8,0.999829888343811,0.5450678190364315,APPROVE,Colorectal Adenocarcinoma
1,1,0.9999595880508423,0.5451586088313535,APPROVE,Background
3,3,0.9876965880393982,0.5368696967350934,APPROVE,Lymphocytes
4,4,0.999993085861206,0.545477245210359,APPROVE,Mucus
6,6,0.999849796295166,0.5453769425141309,APPROVE,Normal Colon Mucosa
7,7,0.9997168183326721,0.5452838579403853,APPROVE,Cancer-Assoc. Stroma
4,4,0.9954919219017029,0.5423264304387068,APPROVE,Mucus
8,8,0.9997642636299133,0.5453170696484541,APPROVE,Colorectal Adenocarcinoma
0,0,0.9999521970748901,0.5454486230599378,APPROVE,Adipose
8,8,0.9993798732757568,0.5450479964005445,APPROVE,Colorectal Adenocarcinoma
2,2,0.9994827508926392,0.5451200107323622,APPROVE,Debris
4,4,0.9999997615814209,0.5454819182145093,APPROVE,Mucus
4,4,0.9999680519104004,0.545459721444795,APPROVE,Mucus
4,4,0.9999797344207764,0.5454678992020582,APPROVE,Mucus
3,3,0.9999986886978149,0.5454811671959852,APPROVE,Lymphocytes
0,4,0.5796611309051514,0.25124487674112067,BLOCK,Mucus
7,7,0.9955993890762329,0.5424016574608778,APPROVE,Cancer-Assoc. Stroma
0,0,0.9999984502792358,0.5454810003029799,APPROVE,Adipose
1,1,0.9999135732650757,0.5454215863930677,APPROVE,Background
1,1,0.9999366998672485,0.5454377750145887,APPROVE,Background
1,1,0.9998592138290405,0.5453835347878431,APPROVE,Background
0,0,0.9645431637763977,0.5206622997509931,APPROVE,Adipose
5,5,0.9999134540557861,0.545421502946565,APPROVE,Smooth Muscle
3,3,0.9993788003921509,0.5450472453820203,APPROVE,Lymphocytes
6,6,0.9981324076652527,0.5441747704731916,APPROVE,Normal Colon Mucosa
5,5,0.9998905658721924,0.5454054812180494,APPROVE,Smooth Muscle
1,1,0.9999605417251587,0.5454544643151258,APPROVE,Background
2,2,0.9988331198692322,0.5446652690159772,APPROVE,Debris
4,4,0.9996602535247803,0.5452442625748609,APPROVE,Mucus
3,3,0.9999991655349731,0.5454815009819959,APPROVE,Lymphocytes
7,6,0.6447086930274963,0.2967781702267621,BLOCK,Normal Colon Mucosa
5,5,0.9986544847488403,0.5445402244317029,APPROVE,Smooth Muscle
2,2,0.9996960163116455,0.5452692965256666,APPROVE,Debris
0,0,0.9989972710609436,0.5447801748501753,APPROVE,Adipose
0,0,0.9590379595756531,0.5167055370598087,APPROVE,Adipose
1,1,0.999895453453064,0.5453057827739963,APPROVE,Background
1,1,0.9999552965164185,0.5453476729183445,APPROVE,Background
6,6,0.7495265603065491,0.370047557571436,BLOCK,Normal Colon Mucosa
1,1,0.9999784231185913,0.5453638615398655,APPROVE,Background
4,4,0.9998360872268677,0.545264226415659,APPROVE,Mucus
1,1,0.9999369382858276,0.545334822156931,APPROVE,Background
0,0,0.999985933303833,0.5453691186695347,APPROVE,Adipose
0,0,0.5662544369697571,0.2417570712356816,BLOCK,Adipose
2,2,0.9998341798782349,0.545262891271616,APPROVE,Debris
8,8,0.9996722936630249,0.545149570920969,APPROVE,Colorectal Adenocarcinoma
8,8,0.9999535083770752,0.5453464212208042,APPROVE,Colorectal Adenocarcinoma
5,5,0.9996128678321838,0.5451079728393803,APPROVE,Smooth Muscle
4,4,0.9999899864196777,0.545371955850626,APPROVE,Mucus
8,8,0.9989162683486938,0.5446203532009373,APPROVE,Colorectal Adenocarcinoma
8,8,0.99998939037323,0.5453715386181126,APPROVE,Colorectal Adenocarcinoma
1,1,0.9999934434890747,0.5453743757992039,APPROVE,Background
2,2,0.9638274908065796,0.5200582089214573,APPROVE,Debris
0,0,0.9999936819076538,0.5453745426922093,APPROVE,Adipose
6,6,0.9999903440475464,0.545372206190134,APPROVE,Normal Colon Mucosa
5,5,0.9999970197677612,0.5453768791942845,APPROVE,Smooth Muscle
3,3,0.9999812841415405,0.5453658642559299,APPROVE,Lymphocytes
5,5,0.9999079704284668,0.5453145446567783,APPROVE,Smooth Muscle
3,3,0.9993517994880676,0.5449252249984989,APPROVE,Lymphocytes
3,3,0.999846339225769,0.54527140281489,APPROVE,Lymphocytes
4,5,0.7765870690345764,0.3889899136810551,BLOCK,Smooth Muscle
8,8,0.9995003938674927,0.5450292410640964,APPROVE,Colorectal Adenocarcinoma
4,4,0.9969137907028198,0.5432186188488255,APPROVE,Mucus
1,1,0.9999747276306152,0.5453612746982822,APPROVE,Background
0,0,0.9999648332595825,0.5453543486385594,APPROVE,Adipose
3,3,0.9998841285705566,0.5452978553562412,APPROVE,Lymphocytes
8,8,0.9964224696159363,0.542874694088007,APPROVE,Colorectal Adenocarcinoma
7,7,0.6940954923629761,0.3313097194406688,BLOCK,Cancer-Assoc. Stroma
5,5,0.9999915361404419,0.5454369500848949,APPROVE,Smooth Muscle
8,8,0.9991803765296936,0.5448691383573712,APPROVE,Colorectal Adenocarcinoma
5,5,0.9945182204246521,0.541605629083842,APPROVE,Smooth Muscle
0,0,0.9709404706954956,0.5251012042734325,APPROVE,Adipose
1,1,0.9999972581863403,0.5454409555170239,APPROVE,Background
5,5,0.9953851103782654,0.5422124520513714,APPROVE,Smooth Muscle
0,0,0.9981710910797119,0.5441626385423839,APPROVE,Adipose
5,5,0.9999996423721313,0.5454426244470776,APPROVE,Smooth Muscle
1,1,0.9999734163284302,0.5454242662164868,APPROVE,Background
0,0,0.5196796655654907,0.2092186406824291,BLOCK,Adipose
3,3,0.9996496438980103,0.5451976255151928,APPROVE,Lymphocytes
6,6,0.9996155500411987,0.5451737598154247,APPROVE,Normal Colon Mucosa
5,5,0.9999939203262329,0.5454386190149486,APPROVE,Smooth Muscle
7,7,0.8606733679771423,0.4479142323705852,BLOCK,Cancer-Assoc. Stroma
0,0,0.9998667240142822,0.5453495815965832,APPROVE,Adipose
4,4,0.982860267162323,0.5334450618002117,APPROVE,Mucus
0,0,0.973812997341156,0.5271119729253948,APPROVE,Adipose
4,4,0.9998718500137329,0.5453531697961986,APPROVE,Mucus
3,3,0.9999291896820068,0.5453933075639904,APPROVE,Lymphocytes
5,7,0.7383256554603577,0.3622708336088359,BLOCK,Cancer-Assoc. Stroma
1,1,0.9999911785125732,0.5454366997453869,APPROVE,Background
1,1,0.9999179840087891,0.545385463592738,APPROVE,Background
3,3,0.999933123588562,0.545396061298579,APPROVE,Lymphocytes
4,4,0.999885082244873,0.5453624323579968,APPROVE,Mucus
4,4,0.9999281167984009,0.5453925565454663,APPROVE,Mucus
8,8,0.9998335838317871,0.5453263834688366,APPROVE,Colorectal Adenocarcinoma
4,4,0.9999997615814209,0.5454427078935802,APPROVE,Mucus
8,8,0.9999985694885254,0.5454418734285533,APPROVE,Colorectal Adenocarcinoma
6,6,0.999977707862854,0.5454272702905834,APPROVE,Normal Colon Mucosa
0,0,0.9816870093345642,0.5326237813207806,APPROVE,Adipose
7,7,0.9983546137809753,0.5442911044332683,APPROVE,Cancer-Assoc. Stroma
4,4,0.9998070597648621,0.5453364039417142,APPROVE,Mucus
1,1,0.9999258518218994,0.5454195583816404,APPROVE,Background
4,4,0.9964549541473389,0.5429899300094481,APPROVE,Mucus
4,4,0.9999958276748657,0.5454685414787168,APPROVE,Mucus
8,8,0.9999059438705444,0.5454056228156919,APPROVE,Colorectal Adenocarcinoma
0,0,0.9998325109481812,0.5453542197700376,APPROVE,Adipose
6,4,0.7178003191947937,0.3479316855426664,BLOCK,Mucus
4,4,0.9957616925239563,0.5425046468730802,APPROVE,Mucus
8,8,0.9982179999351501,0.5442240620609159,APPROVE,Colorectal Adenocarcinoma
0,0,0.9871997237205505,0.5365112687106962,APPROVE,Adipose
5,5,0.999832034111023,0.5453538859840269,APPROVE,Smooth Muscle
6,6,0.999998927116394,0.5454707110877867,APPROVE,Normal Colon Mucosa
1,1,0.9999606609344482,0.5454439247604246,APPROVE,Background
2,2,0.9995036125183105,0.5451239908691282,APPROVE,Debris
3,3,0.9998751878738403,0.545384093617999,APPROVE,Lymphocytes
0,0,0.6197981834411621,0.2793301905151243,BLOCK,Adipose
0,0,0.9860279560089111,0.5356910313125486,APPROVE,Adipose
5,7,0.6436864733695984,0.2960519934650297,BLOCK,Cancer-Assoc. Stroma
5,5,0.9998464584350586,0.5453639830108519,APPROVE,Smooth Muscle
8,8,0.9994964599609375,0.5451189840789671,APPROVE,Colorectal Adenocarcinoma
5,7,0.9901371002197266,0.5385674322601194,APPROVE,Cancer-Assoc. Stroma
4,4,0.6839155554771423,0.3242123509403105,BLOCK,Mucus
0,0,0.9999710321426392,0.5454511846061583,APPROVE,Adipose
8,7,0.739468514919281,0.36309942254980754,BLOCK,Cancer-Assoc. Stroma
6,6,0.9999878406524658,0.5454629505630368,APPROVE,Normal Colon Mucosa
2,2,0.8146225214004517,0.415707227086627,BLOCK,Debris
0,0,0.9972044825553894,0.5435145998950834,APPROVE,Adipose
4,2,0.913730800151825,0.48508302221258826,BLOCK,Debris
7,7,0.9997267127037048,0.5452801609989042,APPROVE,Cancer-Assoc. Stroma
3,3,0.9995720982551575,0.545171930884921,APPROVE,Lymphocytes
1,1,0.9998787641525269,0.5453865970130796,APPROVE,Background
0,0,0.9968679547309875,0.5432790304180021,APPROVE,Adipose
8,8,0.9998902082443237,0.5453369853798253,APPROVE,Colorectal Adenocarcinoma
0,0,0.9999281167984009,0.5453635213676794,APPROVE,Adipose
6,6,0.9999977350234985,0.5454122541252477,APPROVE,Normal Colon Mucosa
4,4,0.9999995231628418,0.545413505822788,APPROVE,Mucus
5,4,0.512346625328064,0.20405647733844356,BLOCK,Mucus
5,5,0.9999916553497314,0.5454079983536108,APPROVE,Smooth Muscle
2,2,0.9984771609306335,0.5443478522602422,APPROVE,Debris
8,8,0.999967098236084,0.5453908083740575,APPROVE,Colorectal Adenocarcinoma
8,8,0.9997050166130066,0.5452073512379033,APPROVE,Colorectal Adenocarcinoma
4,4,1.0,0.5454138396087987,APPROVE,Mucus
0,0,0.9997777342796326,0.5452582536045415,APPROVE,Adipose
0,0,0.984046995639801,0.5342467365566594,APPROVE,Adipose
0,0,0.9970607161521912,0.5433563409153326,APPROVE,Adipose
4,4,0.9999407529830933,0.545372366696964,APPROVE,Mucus
4,4,0.9995974898338318,0.545132082492481,APPROVE,Mucus
3,8,0.9325562119483948,0.49820318797267504,BLOCK,Colorectal Adenocarcinoma
5,5,0.9977598190307617,0.5438457129303319,APPROVE,Smooth Muscle
4,4,0.9958898425102234,0.5425367293659551,APPROVE,Mucus
1,1,0.9999786615371704,0.545398902684818,APPROVE,Background
0,0,0.9980883002281189,0.544075649768482,APPROVE,Adipose
4,4,0.9999971389770508,0.5454118368927343,APPROVE,Mucus
8,8,0.9839005470275879,0.5341442225281102,APPROVE,Colorectal Adenocarcinoma
3,3,0.9998465776443481,0.5453064439598424,APPROVE,Lymphocytes
3,8,0.615378737449646,0.27617895582355095,BLOCK,Colorectal Adenocarcinoma
8,8,0.9999467134475708,0.5453765390220983,APPROVE,Colorectal Adenocarcinoma
8,8,0.999943733215332,0.5453744528595311,APPROVE,Colorectal Adenocarcinoma
1,1,0.99998939037323,0.5454064128700598,APPROVE,Background
0,0,0.9999936819076538,0.5454094169441565,APPROVE,Adipose
4,4,0.9999042749404907,0.5453468320671423,APPROVE,Mucus
7,7,0.9988773465156555,0.5446279821697576,APPROVE,Cancer-Assoc. Stroma
4,4,0.8162533640861511,0.4167911944691045,BLOCK,Mucus
1,1,0.9999556541442871,0.5453827975097997,APPROVE,Background
1,1,0.9999935626983643,0.545448574536278,APPROVE,Background
4,4,0.999993085861206,0.5454482407502673,APPROVE,Mucus
1,1,0.9999912977218628,0.545446989052727,APPROVE,Background
0,0,0.9997909665107727,0.5453067572049639,APPROVE,Adipose
8,8,0.9998838901519775,0.5453718037538073,APPROVE,Colorectal Adenocarcinoma
8,8,0.9967461824417114,0.543175408356621,APPROVE,Colorectal Adenocarcinoma
6,6,0.9999456405639648,0.5454150290421984,APPROVE,Normal Colon Mucosa
8,8,0.9997885823249817,0.5453050882749102,APPROVE,Colorectal Adenocarcinoma
7,7,0.9956275224685669,0.5423923463754199,APPROVE,Cancer-Assoc. Stroma
1,1,0.9999701976776123,0.5454322190217517,APPROVE,Background
1,1,0.9999819993972778,0.5454404802255175,APPROVE,Background
0,0,0.9096208214759827,0.48218765568061095,BLOCK,Adipose
3,3,0.9587846398353577,0.5166023285321734,APPROVE,Lymphocytes
0,0,0.9999986886978149,0.5454521627358935,APPROVE,Adipose
5,5,0.9985199570655823,0.5444170505933307,APPROVE,Smooth Muscle
0,0,0.5682488083839417,0.2432272465161822,BLOCK,Adipose
0,0,0.9955233335494995,0.5423194141320727,APPROVE,Adipose
8,8,0.9919531941413879,0.5398203165463946,APPROVE,Colorectal Adenocarcinoma
4,4,0.40882283449172974,0.13162906479163386,BLOCK,Mucus
3,3,0.9992483258247375,0.5449269087247394,APPROVE,Lymphocytes
1,1,0.9999896287918091,0.5454458208016894,APPROVE,Background
3,3,0.9522390365600586,0.5120204062394641,APPROVE,Lymphocytes
8,8,0.9994290471076965,0.5450534136228106,APPROVE,Colorectal Adenocarcinoma
8,8,0.9965079426765442,0.543008640521004,APPROVE,Colorectal Adenocarcinoma
4,4,0.9997944235801697,0.5453091771535418,APPROVE,Mucus
2,2,0.9992096424102783,0.5448998303346179,APPROVE,Debris
1,1,0.9999188184738159,0.5453962535790942,APPROVE,Background
0,0,0.9999809265136719,0.5454397292069934,APPROVE,Adipose
5,5,0.9999562501907349,0.5454224557809374,APPROVE,Smooth Muscle
8,8,0.9926385879516602,0.5403000922135851,APPROVE,Colorectal Adenocarcinoma
0,0,0.9989302754402161,0.5447042734555743,APPROVE,Adipose
4,4,0.999656081199646,0.5452123374871752,APPROVE,Mucus
5,0,0.9757738709449768,0.5284182057764981,APPROVE,Adipose
2,2,0.999782383441925,0.545224164524362,APPROVE,Debris
4,4,0.9999905824661255,0.5453699038413022,APPROVE,Mucus
0,0,0.9540238976478577,0.5131932244685148,APPROVE,Adipose
6,6,0.9999995231628418,0.5453761623290037,APPROVE,Normal Colon Mucosa
1,1,0.9998342990875244,0.5452605054762815,APPROVE,Background
6,6,0.999976634979248,0.545360140600488,APPROVE,Normal Colon Mucosa
6,6,0.999947190284729,0.5453395293143247,APPROVE,Normal Colon Mucosa
3,3,0.9999411106109619,0.5453352735426877,APPROVE,Lymphocytes
0,0,0.997394323348999,0.5435525224593137,APPROVE,Adipose
0,0,0.9996627569198608,0.545140425958917,APPROVE,Adipose
8,8,0.9999973773956299,0.5453746602919552,APPROVE,Colorectal Adenocarcinoma
4,4,0.9999960660934448,0.5453737423804258,APPROVE,Mucus
6,6,0.999995231628418,0.545373158254907,APPROVE,Normal Colon Mucosa
0,0,0.9999943971633911,0.5453725741293881,APPROVE,Adipose
8,8,0.9993798732757568,0.5449424074080441,APPROVE,Colorectal Adenocarcinoma
6,6,0.9999920129776001,0.5453709051993344,APPROVE,Normal Colon Mucosa
0,0,0.9958452582359314,0.5424681768801664,APPROVE,Adipose
8,8,0.9999608993530273,0.5453491256621336,APPROVE,Colorectal Adenocarcinoma
8,8,0.9999333620071411,0.5453298495200132,APPROVE,Colorectal Adenocarcinoma
1,1,0.9998898506164551,0.545299391546533,APPROVE,Background
8,8,0.9999858140945435,0.5453665659811948,APPROVE,Colorectal Adenocarcinoma
5,0,0.6658997535705566,0.3115063236144041,BLOCK,Adipose
0,0,0.999964714050293,0.5453517959502194,APPROVE,Adipose
6,6,0.9737799763679504,0.5270224795725796,APPROVE,Normal Colon Mucosa
8,8,0.9998472929000854,0.5452696011450742,APPROVE,Colorectal Adenocarcinoma
8,8,0.9998248219490051,0.5452538714793179,APPROVE,Colorectal Adenocarcinoma
5,5,0.9999887943267822,0.545368652143762,APPROVE,Smooth Muscle
0,0,0.9832327961921692,0.5336394534495328,APPROVE,Adipose
2,2,0.9997332692146301,0.5451897845652555,APPROVE,Debris
8,8,0.9996726512908936,0.5451473520186398,APPROVE,Colorectal Adenocarcinoma
5,5,0.9999586343765259,0.5453475401785824,APPROVE,Smooth Muscle
5,5,0.999382734298706,0.5449873062329702,APPROVE,Smooth Muscle
4,4,0.9999889135360718,0.5454116316991262,APPROVE,Mucus
6,6,0.9998983144760132,0.5453482123570852,APPROVE,Normal Colon Mucosa
2,2,0.9989978671073914,0.5447178991990499,APPROVE,Debris
4,4,0.9343165755271912,0.49944099509290973,BLOCK,Mucus
7,5,0.5361295938491821,0.2207101079183034,BLOCK,Smooth Muscle
5,7,0.8069446682929993,0.41028066002897545,BLOCK,Cancer-Assoc. Stroma
7,7,0.9997871518135071,0.5452703984933309,APPROVE,Cancer-Assoc. Stroma
5,5,0.9997805953025818,0.5452658089356832,APPROVE,Smooth Muscle
5,5,0.9999829530715942,0.5454074593739919,APPROVE,Smooth Muscle
6,6,0.9932845830917358,0.540718600388091,APPROVE,Normal Colon Mucosa
1,1,0.9999774694442749,0.5454036208348684,APPROVE,Background
0,0,0.9999178647994995,0.5453618975835256,APPROVE,Adipose
4,4,0.9999641180038452,0.5453942748265675,APPROVE,Mucus
0,0,0.9999868869781494,0.5454102131085805,APPROVE,Adipose
6,6,0.9954804182052612,0.5422556849675588,APPROVE,Normal Colon Mucosa
4,4,0.9999996423721313,0.5454191418843679,APPROVE,Mucus
1,1,0.9999810457229614,0.5454061242299489,APPROVE,Background
0,4,0.9776290655136108,0.5297597380834035,APPROVE,Mucus
8,8,0.9998846054077148,0.5453386160092764,APPROVE,Colorectal Adenocarcinoma
5,5,0.999987006187439,0.5454102965550832,APPROVE,Smooth Muscle
0,0,0.9834383130073547,0.5338262113290242,APPROVE,Adipose
2,2,0.6387097835540771,0.29251624071172994,BLOCK,Debris
5,5,0.9987221360206604,0.5445248874383382,APPROVE,Smooth Muscle
1,1,0.9999598264694214,0.5453912707524708,APPROVE,Background
0,0,0.9999667406082153,0.5453961106496267,APPROVE,Adipose
4,4,0.9999872446060181,0.5454104634480885,APPROVE,Mucus
8,8,0.9999758005142212,0.5454024525838308,APPROVE,Colorectal Adenocarcinoma
8,8,0.9996127486228943,0.5451483162599019,APPROVE,Colorectal Adenocarcinoma
6,6,0.9998997449874878,0.5453492137151174,APPROVE,Normal Colon Mucosa
1,2,0.9999604225158691,0.5453916879849843,APPROVE,Debris
6,6,0.9999985694885254,0.5454183908658436,APPROVE,Normal Colon Mucosa
8,8,0.9999916553497314,0.5453490664015935,APPROVE,Colorectal Adenocarcinoma
0,0,0.9889418482780457,0.5376142014514135,APPROVE,Adipose
4,4,0.9999973773956299,0.5453530718337224,APPROVE,Mucus
1,1,0.9999855756759644,0.5453448106299565,APPROVE,Background
1,1,0.9998683929443359,0.5452627827178167,APPROVE,Background
3,3,0.9999809265136719,0.5453415562163518,APPROVE,Lymphocytes
6,6,0.9999769926071167,0.5453388024817633,APPROVE,Normal Colon Mucosa
8,8,0.9998397827148438,0.5452427555571722,APPROVE,Colorectal Adenocarcinoma
2,2,0.9996641874313354,0.5451198388587163,APPROVE,Debris
0,0,0.5669812560081482,0.2422417868624852,BLOCK,Adipose
8,8,0.9990476965904236,0.544688295270078,APPROVE,Colorectal Adenocarcinoma
4,2,0.9176498651504517,0.48770981326209767,BLOCK,Debris
1,1,0.9999635219573975,0.5453293730269597,APPROVE,Background
0,0,0.9999796152114868,0.5453406383048223,APPROVE,Adipose
6,6,0.9976510405540466,0.5437106360446141,APPROVE,Normal Colon Mucosa
8,8,0.9999300241470337,0.5453059245597051,APPROVE,Colorectal Adenocarcinoma
5,7,0.9671761393547058,0.5223782052050756,APPROVE,Cancer-Assoc. Stroma
8,8,0.9863240122795105,0.5357817162524389,APPROVE,Colorectal Adenocarcinoma
1,1,0.9999845027923584,0.5453440596114324,APPROVE,Background
4,4,0.9999994039535522,0.5453544904242681,APPROVE,Mucus
6,4,0.5708313584327698,0.2449368585597203,BLOCK,Mucus
8,8,0.9994912147521973,0.5449987579833196,APPROVE,Colorectal Adenocarcinoma
6,6,0.9999998807907104,0.5453548242102788,APPROVE,Normal Colon Mucosa
6,6,0.9999985694885254,0.5453539062987492,APPROVE,Normal Colon Mucosa
0,0,0.9999798536300659,0.5453408051978277,APPROVE,Adipose
3,3,0.9988483190536499,0.5445487309943364,APPROVE,Lymphocytes
8,8,0.9943694472312927,0.5414135207186864,APPROVE,Colorectal Adenocarcinoma
6,6,0.9961963891983032,0.5426923800955937,APPROVE,Normal Colon Mucosa
5,5,0.9999260902404785,0.5453031708251165,APPROVE,Smooth Muscle
3,3,0.9997566342353821,0.545184551621549,APPROVE,Lymphocytes
8,8,0.999087929725647,0.5447164584647344,APPROVE,Colorectal Adenocarcinoma
3,3,0.9999927282333374,0.5453498174201177,APPROVE,Lymphocytes
6,6,0.9999983310699463,0.545451646763396,APPROVE,Normal Colon Mucosa
0,0,0.9614400863647461,0.5184608754697558,APPROVE,Adipose
6,6,0.9999580383300781,0.5454234418454882,APPROVE,Normal Colon Mucosa
0,0,0.9869945645332336,0.5363490101876971,APPROVE,Adipose
7,7,0.9638031125068665,0.5201149937692401,APPROVE,Cancer-Assoc. Stroma
8,8,0.771607518196106,0.3855780777517077,BLOCK,Colorectal Adenocarcinoma
4,4,0.9999995231628418,0.5454524812284228,APPROVE,Mucus
6,6,0.9999779462814331,0.5454373774114367,APPROVE,Normal Colon Mucosa
6,6,0.9999934434890747,0.5454482254567858,APPROVE,Normal Colon Mucosa
8,8,0.9991342425346375,0.5448467847886798,APPROVE,Colorectal Adenocarcinoma
4,0,0.6979857683181763,0.33404285283715696,BLOCK,Adipose
8,8,0.9885854125022888,0.5374626037660357,APPROVE,Colorectal Adenocarcinoma
4,4,0.9999094009399414,0.5453893956723925,APPROVE,Mucus
1,2,0.9998799562454224,0.5453687843862292,APPROVE,Debris
3,3,0.9994552731513977,0.5450715062204119,APPROVE,Lymphocytes
1,5,0.5302627086639404,0.21663671107919183,BLOCK,Smooth Muscle
0,0,0.9007506370544434,0.4759782609525439,BLOCK,Adipose
0,0,0.8411350846290588,0.4342473742547748,BLOCK,Adipose
6,6,0.9940512776374817,0.5412887093606708,APPROVE,Normal Colon Mucosa
6,6,0.9997236132621765,0.5452593442979571,APPROVE,Normal Colon Mucosa
0,0,0.9999957084655762,0.5454498109403368,APPROVE,Adipose
8,8,0.9999910593032837,0.5454465565267321,APPROVE,Colorectal Adenocarcinoma
8,8,0.9997197985649109,0.5452566740098712,APPROVE,Colorectal Adenocarcinoma
8,8,0.9966017007827759,0.5430740055623766,APPROVE,Colorectal Adenocarcinoma
5,5,0.9984551668167114,0.5443714317861316,APPROVE,Smooth Muscle
4,4,0.9999260902404785,0.5454010781827685,APPROVE,Mucus
8,6,0.8748084902763367,0.4578187582078692,BLOCK,Normal Colon Mucosa
0,0,0.5037472248077393,0.198075872379851,BLOCK,Adipose
0,0,0.9690080881118774,0.5237584766927478,APPROVE,Adipose
1,1,0.999967098236084,0.5454297837796923,APPROVE,Background
1,1,0.9999316930770874,0.5454050001683948,APPROVE,Background
1,1,0.9999446868896484,0.5454140958371875,APPROVE,Background
4,4,0.9999969005584717,0.5454040544091797,APPROVE,Mucus
0,0,0.9996787309646606,0.545181335693512,APPROVE,Adipose
1,1,0.9999712705612183,0.5453861134111023,APPROVE,Background
5,5,0.994671642780304,0.5416763739644623,APPROVE,Smooth Muscle
8,8,0.9981662631034851,0.5441226081906891,APPROVE,Colorectal Adenocarcinoma
0,0,0.9947185516357422,0.5417092101632691,APPROVE,Adipose
3,3,0.9999804496765137,0.5453925387918092,APPROVE,Lymphocytes
1,1,0.9999812841415405,0.5453931229173279,APPROVE,Background
8,8,0.9998306035995483,0.5452876465379334,APPROVE,Colorectal Adenocarcinoma
0,0,0.9984495639801025,0.5443209188043213,APPROVE,Adipose
8,8,0.999935507774353,0.5453610794602967,APPROVE,Colorectal Adenocarcinoma
2,2,0.9999102354049683,0.5453433888017274,APPROVE,Debris
4,2,0.9428772330284119,0.5054202871381379,APPROVE,Debris
6,6,0.9492919445037842,0.5099105851708985,APPROVE,Normal Colon Mucosa
6,6,1.0,0.5454062240182496,APPROVE,Normal Colon Mucosa
1,1,0.9999324083328247,0.5453589098512268,APPROVE,Background
5,5,0.9962664246559143,0.5427927212773895,APPROVE,Smooth Muscle
1,1,0.9997068047523499,0.5452009873448944,APPROVE,Background
5,5,0.9850753545761108,0.5349589722215271,APPROVE,Smooth Muscle
3,3,0.999491810798645,0.5450504915773011,APPROVE,Lymphocytes
3,3,0.9999634027481079,0.5453806059419251,APPROVE,Lymphocytes
4,4,0.9999867677688599,0.5453969614564514,APPROVE,Mucus
2,2,0.9983342289924622,0.544240184312973,APPROVE,Debris
3,3,0.9993101358413696,0.5449233191072083,APPROVE,Lymphocytes
6,6,0.7529364228248596,0.37246171999565125,BLOCK,Normal Colon Mucosa
0,0,0.999222993850708,0.5448623197137452,APPROVE,Adipose
4,5,0.6521885991096497,0.30193824339500436,BLOCK,Smooth Muscle
8,8,0.9999608993530273,0.5453788535653687,APPROVE,Colorectal Adenocarcinoma
3,3,0.9998970031738281,0.5453341262399293,APPROVE,Lymphocytes
5,5,0.9999434947967529,0.5453666703759766,APPROVE,Smooth Muscle
2,2,0.999995231628418,0.5454028861581421,APPROVE,Debris
6,6,0.9999816417694092,0.545393373256836,APPROVE,Normal Colon Mucosa
0,0,0.9988804459571838,0.5446710181908899,APPROVE,Adipose
6,6,0.9997184872627258,0.5452576471047693,APPROVE,Normal Colon Mucosa
3,8,0.8365146517753601,0.4310149622636132,BLOCK,Colorectal Adenocarcinoma
8,8,0.9999696016311646,0.5454334271626764,APPROVE,Colorectal Adenocarcinoma
4,4,0.9990574717521667,0.544794936247378,APPROVE,Mucus
8,8,0.9996652603149414,0.5452203882413202,APPROVE,Colorectal Adenocarcinoma
0,0,0.971891462802887,0.5257787299828821,APPROVE,Adipose
4,5,0.6901927590370178,0.32858963734677366,BLOCK,Smooth Muscle
4,4,0.999695897102356,0.5452418339925104,APPROVE,Mucus
6,6,0.9999969005584717,0.5454525364117914,APPROVE,Normal Colon Mucosa
5,7,0.9975389242172241,0.5437319529729181,APPROVE,Cancer-Assoc. Stroma
8,8,0.9998244643211365,0.5453318310456567,APPROVE,Colorectal Adenocarcinoma
2,2,0.998115062713623,0.5441352499203973,APPROVE,Debris
3,3,0.9996219873428345,0.5451900971608453,APPROVE,Lymphocytes
6,6,1.0,0.5454547060208612,APPROVE,Normal Colon Mucosa
0,0,0.9972752928733826,0.543547411032229,APPROVE,Adipose
5,5,0.9999963045120239,0.5454521191792779,APPROVE,Smooth Muscle
4,4,0.9987578392028809,0.5445851934628778,APPROVE,Mucus
4,4,0.9998069405555725,0.5453195644097619,APPROVE,Mucus
4,4,0.9999620914459229,0.5454281700330073,APPROVE,Mucus
3,3,0.8843222856521606,0.4644803059773736,BLOCK,Lymphocytes
1,1,0.9999760389328003,0.5454379332738214,APPROVE,Background
1,2,0.9982230067253113,0.5442108107285791,APPROVE,Debris
0,0,0.5618007183074951,0.23871520883610778,BLOCK,Adipose
8,8,0.9992114305496216,0.5449027074055963,APPROVE,Colorectal Adenocarcinoma
6,6,0.9999957084655762,0.5454517019467645,APPROVE,Normal Colon Mucosa
8,8,0.998980700969696,0.5447411966996485,APPROVE,Colorectal Adenocarcinoma
1,1,0.9999535083770752,0.5454221618848138,APPROVE,Background
6,6,0.9992159605026245,0.5449058783726983,APPROVE,Normal Colon Mucosa
1,1,0.9999445676803589,0.5454159033971124,APPROVE,Background
1,1,0.9999874830245972,0.5454459441380792,APPROVE,Background
0,0,0.9683502316474915,0.5232998681741052,APPROVE,Adipose
3,3,0.9998455047607422,0.5451897041751136,APPROVE,Lymphocytes
5,5,0.9987849593162537,0.5444473223639716,APPROVE,Smooth Muscle
8,8,0.9997373223304749,0.5451139764739265,APPROVE,Colorectal Adenocarcinoma
8,8,0.9997593760490417,0.5451294140769233,APPROVE,Colorectal Adenocarcinoma
8,8,0.9886122345924377,0.5373264150573005,APPROVE,Colorectal Adenocarcinoma
5,5,0.999841570854187,0.545186950440525,APPROVE,Smooth Muscle
6,6,0.9948166012763977,0.5416694717360725,APPROVE,Normal Colon Mucosa
0,0,0.9979800581932068,0.5438838915778388,APPROVE,Adipose
0,0,0.9999960660934448,0.5452950971080055,APPROVE,Adipose
1,1,0.9998873472213745,0.5452189938975562,APPROVE,Background
8,8,0.9996484518051147,0.5450517671061744,APPROVE,Colorectal Adenocarcinoma
8,8,0.9999634027481079,0.5452722327662696,APPROVE,Colorectal Adenocarcinoma
6,6,0.9999507665634155,0.545263387436985,APPROVE,Normal Colon Mucosa
5,2,0.8775759339332581,0.4596010045958748,BLOCK,Debris
8,5,0.5310021638870239,0.21699936556351088,BLOCK,Smooth Muscle
8,8,0.9722568988800049,0.5258776800585975,APPROVE,Colorectal Adenocarcinoma
5,7,0.9996422529220581,0.5450474278880347,APPROVE,Cancer-Assoc. Stroma
5,0,0.6036282181739807,0.26783760356438063,BLOCK,Adipose
8,8,0.9992542862892151,0.5447758512450447,APPROVE,Colorectal Adenocarcinoma
0,0,0.9998778104782104,0.5452123181773414,APPROVE,Adipose
4,4,0.9975946545600891,0.5436141090346565,APPROVE,Mucus
4,4,0.9724491834640503,0.5260122792674293,APPROVE,Mucus
1,1,0.9999744892120361,0.5452799932910194,APPROVE,Background
6,6,0.9995920062065125,0.5450122551871528,APPROVE,Normal Colon Mucosa
4,4,0.9977359771728516,0.5437130348635901,APPROVE,Mucus
8,8,0.9999940395355225,0.5452936785174598,APPROVE,Colorectal Adenocarcinoma
4,4,0.9999090433120728,0.545234181161045,APPROVE,Mucus
5,5,0.9997093081474304,0.5450943665457954,APPROVE,Smooth Muscle
5,5,0.9969797730445862,0.5431836919738045,APPROVE,Smooth Muscle
1,1,0.9999805688858032,0.5452842490626564,APPROVE,Background
8,8,0.9994646906852722,0.5449231343222847,APPROVE,Colorectal Adenocarcinoma
6,6,0.9999451637268066,0.5452594654513587,APPROVE,Normal Colon Mucosa
0,0,0.9999233484268188,0.5452439555726607,APPROVE,Adipose
5,7,0.8060457706451416,0.40952965112548656,BLOCK,Cancer-Assoc. Stroma
1,1,0.9999940395355225,0.5452934393487532,APPROVE,Background
0,0,0.9637505412101746,0.5199229905210097,APPROVE,Adipose
5,7,0.9586946368217468,0.5163838574491102,APPROVE,Cancer-Assoc. Stroma
4,4,0.999934196472168,0.545251549204405,APPROVE,Mucus
2,2,0.9996721744537354,0.5450681337915022,APPROVE,Debris
1,1,0.9999682903289795,0.5452754149041731,APPROVE,Background
0,0,0.992749810218811,0.5402224788270552,APPROVE,Adipose
2,2,0.9995930790901184,0.5450127670369703,APPROVE,Debris
2,2,0.9556478261947632,0.5142510900102217,APPROVE,Debris
5,5,0.9994317889213562,0.5448998639188368,APPROVE,Smooth Muscle
0,0,0.9998542070388794,0.5451955566011031,APPROVE,Adipose
1,1,0.9999376535415649,0.545253969152983,APPROVE,Background
5,0,0.6708406805992126,0.31488608809333635,BLOCK,Adipose
4,4,0.9858647584915161,0.5354029426179487,APPROVE,Mucus
6,6,0.9847223162651062,0.5346032330594618,APPROVE,Normal Colon Mucosa
3,3,0.9996620416641235,0.5450610408387739,APPROVE,Lymphocytes
6,6,0.9982762336730957,0.5440909752450545,APPROVE,Normal Colon Mucosa
6,6,0.9999891519546509,0.545290018042143,APPROVE,Normal Colon Mucosa
5,5,0.9069989323616028,0.48019686432700937,BLOCK,Smooth Muscle
8,8,0.9993292093276978,0.5448280582032758,APPROVE,Colorectal Adenocarcinoma
5,5,0.9935355186462402,0.5407724747262557,APPROVE,Smooth Muscle
6,6,0.9999979734420776,0.5452961930833418,APPROVE,Normal Colon Mucosa
1,1,0.9999539852142334,0.5452654013238508,APPROVE,Background
1,1,0.9999771118164062,0.5452815899453718,APPROVE,Background
1,1,0.9999707937240601,0.5452771672807295,APPROVE,Background
6,6,0.9993454813957214,0.5448394486508925,APPROVE,Normal Colon Mucosa
1,1,0.9999362230300903,0.5452529677949507,APPROVE,Background
0,0,0.9605373740196228,0.5176737734876234,APPROVE,Adipose
3,3,0.9998161196708679,0.545168895443495,APPROVE,Lymphocytes
8,8,0.9999964237213135,0.5452951082788069,APPROVE,Colorectal Adenocarcinoma
5,5,0.9999041557312012,0.5453154984049657,APPROVE,Smooth Muscle
5,7,0.9293584823608398,0.4959335270457128,BLOCK,Cancer-Assoc. Stroma
8,8,0.9997597336769104,0.5452144029669622,APPROVE,Colorectal Adenocarcinoma
4,4,0.9992542862892151,0.5448605897955755,APPROVE,Mucus
8,8,0.9868015050888062,0.5361436429552892,APPROVE,Colorectal Adenocarcinoma
4,4,0.9993190765380859,0.544905942969785,APPROVE,Mucus
3,3,0.9997841715812683,0.5452315095000128,APPROVE,Lymphocytes
5,5,0.9996476173400879,0.5451359215311864,APPROVE,Smooth Muscle
0,0,0.8472599387168884,0.4384645464949468,BLOCK,Adipose
4,4,0.9999834299087524,0.5453709903292516,APPROVE,Mucus
0,0,0.9999996423721313,0.5453823390536169,APPROVE,Adipose
1,1,0.9999628067016602,0.545356554084287,APPROVE,Background
6,6,0.6193709373474121,0.2789422455363134,BLOCK,Normal Colon Mucosa
6,6,0.9998282194137573,0.545262342982755,APPROVE,Normal Colon Mucosa
8,8,0.9999686479568481,0.5453606429629186,APPROVE,Colorectal Adenocarcinoma
3,3,0.9998273849487305,0.5452617588572363,APPROVE,Lymphocytes
3,3,0.9999998807907104,0.5453825059466222,APPROVE,Lymphocytes
0,0,0.9312000870704651,0.4972226503424505,BLOCK,Adipose
0,0,0.8846968412399292,0.4646703782610754,BLOCK,Adipose
4,4,0.9999978542327881,0.5453810873560766,APPROVE,Mucus
4,4,0.9999898672103882,0.5453754964403966,APPROVE,Mucus
8,8,0.9999915361404419,0.5453766646914342,APPROVE,Colorectal Adenocarcinoma
7,7,0.9668499827384949,0.5221775773100713,APPROVE,Cancer-Assoc. Stroma
5,5,0.999703586101532,0.5451750996641973,APPROVE,Smooth Muscle
0,0,0.9923800230026245,0.540048605494962,APPROVE,Adipose
1,1,0.9999600648880005,0.5453546348147252,APPROVE,Background
4,4,0.9999004602432251,0.5453129115633825,APPROVE,Mucus
0,0,0.9996739625930786,0.5451543632082799,APPROVE,Adipose
1,1,0.9999614953994751,0.5453556361727575,APPROVE,Background
4,8,0.8694703578948975,0.4540118399195531,BLOCK,Colorectal Adenocarcinoma
3,3,0.9997405409812927,0.5452009680800298,APPROVE,Lymphocytes
3,3,0.999755322933197,0.5452113154463628,APPROVE,Lymphocytes
3,3,0.9999934434890747,0.5454190826262058,APPROVE,Lymphocytes
5,5,0.9982752799987793,0.544216368182999,APPROVE,Smooth Muscle
8,8,0.999974250793457,0.5454056477392734,APPROVE,Colorectal Adenocarcinoma
4,4,0.9969397783279419,0.5432815170134128,APPROVE,Mucus
6,6,0.9997230172157288,0.5452297842348636,APPROVE,Normal Colon Mucosa
4,4,0.9999890327453613,0.5454159951056063,APPROVE,Mucus
4,4,0.9999597072601318,0.5453954672659458,APPROVE,Mucus
4,4,0.9975082874298096,0.5436794733847201,APPROVE,Mucus
4,4,0.9997493624687195,0.5452482259119571,APPROVE,Mucus
5,5,0.9998267292976379,0.5453023826922,APPROVE,Smooth Muscle
6,8,0.9462037086486816,0.5077662682379306,APPROVE,Colorectal Adenocarcinoma
1,1,0.9999769926071167,0.5454075670088352,APPROVE,Background
6,6,0.8807646632194519,0.4619589364374697,BLOCK,Normal Colon Mucosa
0,0,0.9999918937683105,0.5454179978216709,APPROVE,Adipose
5,0,0.6100844740867615,0.27248280404458647,BLOCK,Adipose
5,5,0.9995879530906677,0.5451352393473209,APPROVE,Smooth Muscle
8,8,0.9999994039535522,0.54542325495134,APPROVE,Colorectal Adenocarcinoma
4,4,0.9990645051002502,0.5447688257540286,APPROVE,Mucus
6,6,0.9928423166275024,0.5404132938231052,APPROVE,Normal Colon Mucosa
5,5,0.9999493360519409,0.5453882074202121,APPROVE,Smooth Muscle
5,7,0.7822861075401306,0.39302394746194486,BLOCK,Cancer-Assoc. Stroma
5,5,0.9999839067459106,0.5454124069059909,APPROVE,Smooth Muscle
8,8,0.9999788999557495,0.5454089021528781,APPROVE,Colorectal Adenocarcinoma
0,4,0.9893161058425903,0.5379449462736667,APPROVE,Mucus
0,0,0.9994567036628723,0.5450433647478641,APPROVE,Adipose
4,4,0.9941275119781494,0.541312930568558,APPROVE,Mucus
0,0,0.9567466378211975,0.5151463186586918,APPROVE,Adipose
4,4,0.9999955892562866,0.545420584663254,APPROVE,Mucus
6,6,0.999998927116394,0.5454229211653293,APPROVE,Normal Colon Mucosa
1,1,0.9999819993972778,0.5454110717619479,APPROVE,Background
3,3,0.9999967813491821,0.5454214191282809,APPROVE,Lymphocytes
1,1,0.9999240636825562,0.5453705167616427,APPROVE,Background
2,2,0.9998180270195007,0.545313143459649,APPROVE,Debris
1,1,0.999992847442627,0.5454355177558373,APPROVE,Background
4,4,0.9999046325683594,0.54537376734385,APPROVE,Mucus
5,0,0.7012061476707458,0.3362848279155206,BLOCK,Adipose
5,5,0.9991922974586487,0.5448751327670526,APPROVE,Smooth Muscle
8,8,0.9853129982948303,0.5351596233523797,APPROVE,Colorectal Adenocarcinoma
8,8,0.9822595119476318,0.5330221829093408,APPROVE,Colorectal Adenocarcinoma
1,1,0.9999735355377197,0.5454219994224022,APPROVE,Background
5,5,0.9999048709869385,0.5453739342368554,APPROVE,Smooth Muscle
8,8,0.9962220191955566,0.542795937982888,APPROVE,Colorectal Adenocarcinoma
1,1,0.999808132648468,0.545306217399926,APPROVE,Background
6,6,0.9999990463256836,0.545439856973977,APPROVE,Normal Colon Mucosa
6,6,0.999990701675415,0.545434015718789,APPROVE,Normal Colon Mucosa
3,3,0.9995850920677185,0.5451500889934014,APPROVE,Lymphocytes
8,8,0.8248082399368286,0.42280629250177854,BLOCK,Colorectal Adenocarcinoma
2,7,0.5046138167381287,0.19867019626268861,BLOCK,Cancer-Assoc. Stroma
6,6,0.9994983673095703,0.5450893816626977,APPROVE,Normal Colon Mucosa
1,1,0.9999533891677856,0.5454078969634484,APPROVE,Background
4,4,0.9993521571159363,0.5449870345271538,APPROVE,Mucus
2,2,0.9999998807907104,0.5454404410994957,APPROVE,Debris
1,1,0.9999719858169556,0.5454209146178673,APPROVE,Background
0,0,0.7945914268493652,0.4016545233405541,BLOCK,Adipose
4,4,0.9999431371688843,0.5454007205642174,APPROVE,Mucus
1,1,0.9999508857727051,0.545406144586892,APPROVE,Background
2,2,0.9995043277740479,0.545093553987832,APPROVE,Debris
8,8,0.9987176656723022,0.54454289051661,APPROVE,Colorectal Adenocarcinoma
6,6,0.9990983009338379,0.544809335199685,APPROVE,Normal Colon Mucosa
4,4,0.9999375343322754,0.5453967985785912,APPROVE,Mucus
3,3,0.9998262524604797,0.5453189012683343,APPROVE,Lymphocytes
4,4,0.9999125003814697,0.5453792748130273,APPROVE,Mucus
8,8,0.9972997307777405,0.5435503360904168,APPROVE,Colorectal Adenocarcinoma
5,5,0.9627308249473572,0.5193521020091485,APPROVE,Smooth Muscle
1,1,0.9999830722808838,0.5453699724513327,APPROVE,Background
8,8,0.9911195635795593,0.5391655163604056,APPROVE,Colorectal Adenocarcinoma
3,3,0.9999985694885254,0.5453808204966818,APPROVE,Lymphocytes
8,8,0.9998657703399658,0.5452878610926901,APPROVE,Colorectal Adenocarcinoma
4,4,0.9924095869064331,0.5400685326892173,APPROVE,Mucus
1,1,0.9999916553497314,0.5453759805995261,APPROVE,Background
3,3,0.9999967813491821,0.5453795687991415,APPROVE,Lymphocytes
3,3,0.9993162155151367,0.5449031727153097,APPROVE,Lymphocytes
0,0,0.9999734163284302,0.5453632132846152,APPROVE,Adipose
3,3,0.9996535778045654,0.5451393263179098,APPROVE,Lymphocytes
3,3,0.9967196583747864,0.5430855827170645,APPROVE,Lymphocytes
0,0,0.9999606609344482,0.5453542845088278,APPROVE,Adipose
4,4,0.9999631643295288,0.5453560368853843,APPROVE,Mucus
1,1,0.9999580383300781,0.5453524486857687,APPROVE,Background
8,8,0.9998114705085754,0.5452498512107169,APPROVE,Colorectal Adenocarcinoma
2,2,0.939582109451294,0.5030892984706198,APPROVE,Debris
0,0,0.9538601040840149,0.5130838947135244,APPROVE,Adipose
0,0,0.9998847246170044,0.5453011290866171,APPROVE,Adipose
1,1,0.9999842643737793,0.5453708069163595,APPROVE,Background
6,6,0.9999914169311523,0.5453758137065207,APPROVE,Normal Colon Mucosa
8,8,0.9999914169311523,0.5453758137065207,APPROVE,Colorectal Adenocarcinoma
8,8,0.9982352256774902,0.5441464798289573,APPROVE,Colorectal Adenocarcinoma
0,0,0.9810158610343933,0.5320929245787894,APPROVE,Adipose
8,8,0.9999638795852661,0.5453565375644004,APPROVE,Colorectal Adenocarcinoma
6,6,0.9994908571243286,0.5450254218417441,APPROVE,Normal Colon Mucosa
1,1,0.9998493194580078,0.5452763454753196,APPROVE,Background
1,1,0.9998980760574341,0.5453104750949179,APPROVE,Background
3,3,0.9999892711639404,0.5453743116694724,APPROVE,Lymphocytes
5,5,0.9993516802787781,0.5449279980498587,APPROVE,Smooth Muscle
0,0,0.9999926090240479,0.5453766481715475,APPROVE,Adipose
0,0,0.9345227479934692,0.4995477454501426,BLOCK,Adipose
1,1,0.999915599822998,0.5453227417308127,APPROVE,Background
8,8,0.9999783039093018,0.5454527094712148,APPROVE,Colorectal Adenocarcinoma
5,5,0.8265016078948975,0.4240190222611318,BLOCK,Smooth Muscle
5,0,0.41449812054634094,0.13561658111714225,BLOCK,Adipose
8,8,0.9986746311187744,0.5445401385178458,APPROVE,Colorectal Adenocarcinoma
0,0,0.9998999834060669,0.5453978851189505,APPROVE,Adipose
1,1,0.9999912977218628,0.5454618051400076,APPROVE,Background
1,1,0.9999878406524658,0.5454593851914297,APPROVE,Background
1,1,0.9999637603759766,0.5454425289978873,APPROVE,Background
8,8,0.9999788999557495,0.5454531267037283,APPROVE,Colorectal Adenocarcinoma
0,0,0.9742789268493652,0.5274631455292593,APPROVE,Adipose
1,1,0.9996858835220337,0.5452480152001272,APPROVE,Background
4,4,0.9999988079071045,0.5454670622696768,APPROVE,Mucus
8,7,0.5524110198020935,0.23215561059616907,BLOCK,Cancer-Assoc. Stroma
8,8,0.9999526739120483,0.5454347684731374,APPROVE,Colorectal Adenocarcinoma
3,3,0.9993652701377869,0.5450235858311544,APPROVE,Lymphocytes
3,3,0.9987748265266418,0.5446102753033529,APPROVE,Lymphocytes
1,1,0.9999840259552002,0.5454567149033438,APPROVE,Background
0,0,0.9999898672103882,0.5454608037819754,APPROVE,Adipose
5,7,0.6313579678535461,0.2874184742321859,BLOCK,Cancer-Assoc. Stroma
1,1,0.9999799728393555,0.5454538777222525,APPROVE,Background
5,5,0.9996956586837769,0.5452548578133475,APPROVE,Smooth Muscle
1,4,0.4820835590362549,0.18292638806008205,BLOCK,Mucus
3,3,0.9962612986564636,0.5428508057942282,APPROVE,Lymphocytes
1,1,0.9999465942382812,0.5454305127015006,APPROVE,Background
1,1,0.9999516010284424,0.5454340174546133,APPROVE,Background
8,8,0.9999995231628418,0.5454675629486929,APPROVE,Colorectal Adenocarcinoma
2,2,0.9999442100524902,0.5454288437714468,APPROVE,Debris
1,1,0.9999358654022217,0.5454230025162589,APPROVE,Background
0,0,0.9983437061309814,0.5443084910263907,APPROVE,Adipose
1,5,0.7936364412307739,0.4010134055962454,BLOCK,Smooth Muscle
8,8,0.9987227320671082,0.5445738091816793,APPROVE,Colorectal Adenocarcinoma
4,4,0.9999585151672363,0.5454388573517691,APPROVE,Mucus
6,6,0.9999994039535522,0.545366450319111,APPROVE,Normal Colon Mucosa
4,4,0.9999212026596069,0.5453117094133493,APPROVE,Mucus
6,6,0.9997550845146179,0.545195426711857,APPROVE,Normal Colon Mucosa
8,8,0.8112735152244568,0.41325832820874425,BLOCK,Colorectal Adenocarcinoma
8,7,0.9441298842430115,0.5062577865217325,APPROVE,Cancer-Assoc. Stroma
5,7,0.999920129776001,0.5453109583948251,APPROVE,Cancer-Assoc. Stroma
0,0,0.8062383532524109,0.40973371482831217,BLOCK,Adipose
1,1,0.9999611377716064,0.5453396639917489,APPROVE,Background
3,3,0.9995959401130676,0.5450840256307717,APPROVE,Lymphocytes
1,1,0.9999793767929077,0.5453524313066599,APPROVE,Background
0,0,0.9998444318771362,0.5452579698656198,APPROVE,Adipose
1,1,0.9999790191650391,0.5453521809671518,APPROVE,Background
0,0,0.8048465847969055,0.4087594769094584,BLOCK,Adipose
5,5,0.999665379524231,0.5451326332185861,APPROVE,Smooth Muscle
8,8,0.9998588562011719,0.5452680668924448,APPROVE,Colorectal Adenocarcinoma
5,5,0.9970501661300659,0.5433019838426706,APPROVE,Smooth Muscle
7,7,0.9999911785125732,0.5453606925104257,APPROVE,Cancer-Assoc. Stroma
5,2,0.560765266418457,0.23790255404454447,BLOCK,Debris
4,4,0.9896191954612732,0.5381003043745157,APPROVE,Mucus
0,0,0.9970134496688843,0.5432762823198435,APPROVE,Adipose
3,3,0.9998698234558105,0.5452757439706918,APPROVE,Lymphocytes
5,5,0.9990280866622925,0.5446865282152292,APPROVE,Smooth Muscle
4,4,0.9536355137825012,0.5129117271993753,APPROVE,Mucus
0,0,0.8465560078620911,0.43795607305508827,BLOCK,Adipose
4,4,0.9999977350234985,0.5453652820680734,APPROVE,Mucus
3,3,0.7406015992164612,0.36378798700314735,BLOCK,Lymphocytes
8,8,0.9999923706054688,0.5453615269754526,APPROVE,Colorectal Adenocarcinoma
1,1,0.9999841451644897,0.5453557691667673,APPROVE,Background
8,8,0.8794509172439575,0.4609825096223948,BLOCK,Colorectal Adenocarcinoma
1,1,0.9999451637268066,0.5453284821603891,APPROVE,Background
8,8,0.9919143915176392,0.5397069416139718,APPROVE,Colorectal Adenocarcinoma
3,3,0.9999994039535522,0.545366450319111,APPROVE,Lymphocytes
6,6,0.8149088621139526,0.4158830464833102,BLOCK,Normal Colon Mucosa
5,7,0.9999570846557617,0.5454168022625766,APPROVE,Cancer-Assoc. Stroma
0,0,0.998330295085907,0.5442780495636783,APPROVE,Adipose
6,6,0.9704148769378662,0.5247372568600498,APPROVE,Normal Colon Mucosa
1,1,0.999967098236084,0.5454238117688022,APPROVE,Background
5,5,0.9998798370361328,0.5453627289288364,APPROVE,Smooth Muscle
4,5,0.6878470778465271,0.3269397974961124,BLOCK,Smooth Muscle
5,5,0.9999788999557495,0.545432072972568,APPROVE,Smooth Muscle
5,5,0.9999419450759888,0.5454062045567355,APPROVE,Smooth Muscle
4,4,0.9997087121009827,0.5452429414742312,APPROVE,Mucus
7,7,0.897419273853302,0.47364033470085476,BLOCK,Cancer-Assoc. Stroma
4,4,0.999871015548706,0.5453565538876376,APPROVE,Mucus
0,0,0.9981591105461121,0.5441582203858218,APPROVE,Adipose
8,8,0.9993683695793152,0.545004701709064,APPROVE,Colorectal Adenocarcinoma
0,0,0.7845367789268494,0.394622588252338,BLOCK,Adipose
0,0,0.9831691980361938,0.533665281628879,APPROVE,Adipose
6,6,0.9978030323982239,0.5439089656823001,APPROVE,Normal Colon Mucosa
1,1,0.9999752044677734,0.5454294861309849,APPROVE,Background
1,1,0.9999768733978271,0.5454306543820224,APPROVE,Background
6,6,0.9999927282333374,0.5454417527668796,APPROVE,Normal Colon Mucosa
3,3,0.9998533725738525,0.5453442038052402,APPROVE,Lymphocytes
0,0,0.9998923540115356,0.5453714908116184,APPROVE,Adipose
5,5,0.9999676942825317,0.5454242290013156,APPROVE,Smooth Muscle
1,1,0.999993085861206,0.5454420031063877,APPROVE,Background
1,1,0.9999654293060303,0.5454226435177646,APPROVE,Background
3,3,0.9981732368469238,0.5441681087963901,APPROVE,Lymphocytes
6,6,0.9999990463256836,0.545446175431522,APPROVE,Normal Colon Mucosa
6,6,0.9999982118606567,0.5454455913060031,APPROVE,Normal Colon Mucosa
1,1,0.9999769926071167,0.5454307378285251,APPROVE,Background
0,0,0.9999852180480957,0.5454364956372104,APPROVE,Adipose
0,0,0.9923158884048462,0.5400679648869358,APPROVE,Adipose
8,8,0.9980732202529907,0.544098097180637,APPROVE,Colorectal Adenocarcinoma
7,7,0.9999881982803345,0.5453541595606717,APPROVE,Cancer-Assoc. Stroma
6,6,0.8877971768379211,0.46682044455098237,BLOCK,Normal Colon Mucosa
1,1,0.999951958656311,0.5453287918238553,APPROVE,Background
7,7,0.9986812472343445,0.5444392938284787,APPROVE,Cancer-Assoc. Stroma
0,0,0.9999434947967529,0.5453228671221646,APPROVE,Adipose
3,3,0.999868631362915,0.545270462718478,APPROVE,Lymphocytes
6,6,0.9999986886978149,0.545361502852908,APPROVE,Normal Colon Mucosa
4,4,0.9967034459114075,0.5430548329024227,APPROVE,Mucus
3,3,0.9973993301391602,0.5435419518618496,APPROVE,Lymphocytes
2,2,0.9988781809806824,0.5445771474509152,APPROVE,Debris
2,2,0.9996020197868347,0.5450838346152218,APPROVE,Debris
5,5,0.9951207041740417,0.5419469136862668,APPROVE,Smooth Muscle
0,0,0.925844669342041,0.49345368930386624,BLOCK,Adipose
1,1,0.9999816417694092,0.545349570003024,APPROVE,Background
5,5,0.9986323714256287,0.5444050807623776,APPROVE,Smooth Muscle
5,5,0.9996987581253052,0.5451515514521511,APPROVE,Smooth Muscle
6,6,0.9985958933830261,0.5443795461325558,APPROVE,Normal Colon Mucosa
4,4,0.9999063014984131,0.5452968318133267,APPROVE,Mucus
5,5,0.9999912977218628,0.5453563291697415,APPROVE,Smooth Muscle
1,1,0.9999741315841675,0.5453443128733547,APPROVE,Background
4,4,0.9999749660491943,0.5453448969988736,APPROVE,Mucus
1,1,0.9999833106994629,0.5453507382540616,APPROVE,Background
0,0,0.999194324016571,0.5447984475760372,APPROVE,Adipose
4,4,0.9999963045120239,0.5453598339228543,APPROVE,Mucus
1,1,0.9999632835388184,0.5453367192416104,APPROVE,Background
6,6,0.9999927282333374,0.5453573305277737,APPROVE,Normal Colon Mucosa
1,1,0.9999065399169922,0.5452969987063321,APPROVE,Background
1,1,0.9999948740005493,0.5453588325648221,APPROVE,Background
0,0,0.9992651343345642,0.5448480147986324,APPROVE,Adipose
2,2,0.9991875290870667,0.5447936911253842,APPROVE,Debris
4,4,0.991915762424469,0.5397034544615659,APPROVE,Mucus
6,6,0.9981688261032104,0.5440805990366848,APPROVE,Normal Colon Mucosa
4,4,0.9992738366127014,0.5447295924624699,APPROVE,Mucus
3,3,0.9987449645996094,0.5443593820533055,APPROVE,Lymphocytes
7,7,0.9892760515213013,0.5377311428984898,APPROVE,Cancer-Assoc. Stroma
5,2,0.8897133469581604,0.46803724970429117,BLOCK,Debris
6,6,0.998954176902771,0.5445058306655186,APPROVE,Normal Colon Mucosa
1,1,0.9998701810836792,0.5451470335921543,APPROVE,Background
5,2,0.7198055386543274,0.34910178389160806,BLOCK,Debris
1,1,0.9999493360519409,0.5452024420699375,APPROVE,Background
3,3,1.0,0.5452379068335789,APPROVE,Lymphocytes
5,5,0.9998248219490051,0.5451152821978824,APPROVE,Smooth Muscle
0,0,0.9744892120361328,0.5273803552588718,APPROVE,Adipose
5,5,0.9999645948410034,0.5452131232222812,APPROVE,Smooth Muscle
6,6,0.9999954700469971,0.5452347358664769,APPROVE,Normal Colon Mucosa
6,6,0.9987743496894836,0.5443799516162174,APPROVE,Normal Colon Mucosa
3,3,0.9999747276306152,0.5452202161750095,APPROVE,Lymphocytes
6,6,0.9999982118606567,0.5452366551360386,APPROVE,Normal Colon Mucosa
4,4,0.999871015548706,0.5451476177176731,APPROVE,Mucus
8,8,0.9999157190322876,0.5451789101561801,APPROVE,Colorectal Adenocarcinoma
6,6,0.999388575553894,0.5448099097213047,APPROVE,Normal Colon Mucosa
3,3,0.9995396137237549,0.5449156364402072,APPROVE,Lymphocytes
0,0,0.9997226595878601,0.545043768545081,APPROVE,Adipose
0,0,0.9999774694442749,0.5452221354445713,APPROVE,Adipose
4,4,0.9999996423721313,0.5452376564940709,APPROVE,Mucus
8,8,0.9988658428192139,0.5444439968070286,APPROVE,Colorectal Adenocarcinoma
4,4,0.9984696507453918,0.5441666623553532,APPROVE,Mucus
5,0,0.9608348608016968,0.5178223093947666,APPROVE,Adipose
6,6,0.9999864101409912,0.5452283939322727,APPROVE,Normal Colon Mucosa
1,1,0.9999812841415405,0.5452248057326572,APPROVE,Background
5,5,0.9845481514930725,0.5344216128787296,APPROVE,Smooth Muscle
4,4,0.9860463738441467,0.5354703685244816,APPROVE,Mucus
5,5,0.9999758005142212,0.5452209671935337,APPROVE,Smooth Muscle
0,0,0.9757035374641418,0.5282303830584781,APPROVE,Adipose
5,5,0.9598870873451233,0.5172850017221733,APPROVE,Smooth Muscle
4,4,0.9978026747703552,0.5438259129198356,APPROVE,Mucus
1,5,0.8231472373008728,0.4215671066911979,BLOCK,Smooth Muscle
1,1,0.9997791647911072,0.545209455934362,APPROVE,Background
0,0,0.9935523271560669,0.5408506695898337,APPROVE,Adipose
0,0,0.9375003576278687,0.501614290920095,APPROVE,Adipose
3,3,0.9998774528503418,0.5452782575758263,APPROVE,Lymphocytes
1,1,0.9999548196792603,0.5453324143560692,APPROVE,Background
7,7,0.9829187393188477,0.5334071581037804,APPROVE,Cancer-Assoc. Stroma
5,2,0.7705429792404175,0.3847441260488792,BLOCK,Debris
4,4,0.9999204874038696,0.5453083817632957,APPROVE,Mucus
1,1,0.9999755620956421,0.5453469340475364,APPROVE,Background
4,4,0.9999881982803345,0.5453557793768211,APPROVE,Mucus
8,8,0.9999923706054688,0.5453587000044151,APPROVE,Colorectal Adenocarcinoma
3,3,0.999505877494812,0.5450181548269554,APPROVE,Lymphocytes
1,1,0.9999693632125854,0.5453425948293967,APPROVE,Background
8,8,0.9781859517097473,0.53009420677741,APPROVE,Colorectal Adenocarcinoma
5,5,0.9993650317192078,0.5449195627840324,APPROVE,Smooth Muscle
0,0,0.9218937158584595,0.49068964168150864,BLOCK,Adipose
8,8,0.9932001233100891,0.5406041268976494,APPROVE,Colorectal Adenocarcinoma
1,4,0.651197612285614,0.3012023691805168,BLOCK,Mucus
0,0,0.9253012537956238,0.4930749182375236,BLOCK,Adipose
0,0,0.9992120265960693,0.5448124591978355,APPROVE,Adipose
7,7,0.3914935886859894,0.11940955266077956,BLOCK,Cancer-Assoc. Stroma
1,1,0.9999630451202393,0.5453381721647544,APPROVE,Background
1,1,0.9999302625656128,0.5453152243765159,APPROVE,Background
6,6,0.9999024868011475,0.5452957813413902,APPROVE,Normal Colon Mucosa
5,5,0.9881706237792969,0.5370834772260947,APPROVE,Smooth Muscle
8,8,0.5733660459518433,0.24672027274687724,BLOCK,Colorectal Adenocarcinoma
1,1,0.9999575614929199,0.5453343336256309,APPROVE,Background
2,7,0.9268456101417542,0.49415596767981484,BLOCK,Cancer-Assoc. Stroma
4,4,0.9998096823692322,0.5452308182390495,APPROVE,Mucus
0,0,0.9042049646377563,0.47838430467034887,BLOCK,Adipose
0,0,0.8727763891220093,0.456384301809326,BLOCK,Adipose
6,6,0.9998823404312134,0.5453584677257688,APPROVE,Normal Colon Mucosa
8,8,0.9999202489852905,0.5453850037136229,APPROVE,Colorectal Adenocarcinoma
7,7,0.9444429278373718,0.5065508789100798,APPROVE,Cancer-Assoc. Stroma
2,2,0.9997408986091614,0.5452594584503324,APPROVE,Debris
8,8,0.999984860420227,0.5454302317180784,APPROVE,Colorectal Adenocarcinoma
6,6,0.9999825954437256,0.5454286462345274,APPROVE,Normal Colon Mucosa
8,8,0.9999773502349854,0.5454249745884092,APPROVE,Colorectal Adenocarcinoma
6,6,0.9991074204444885,0.5448160237350614,APPROVE,Normal Colon Mucosa
6,6,0.903567910194397,0.47793836655999733,BLOCK,Normal Colon Mucosa
6,6,0.9919731616973877,0.5398220426120909,APPROVE,Normal Colon Mucosa
0,0,0.9983965754508972,0.5443184322395476,APPROVE,Adipose
1,1,0.9999873638153076,0.5454319840946348,APPROVE,Background
3,3,0.9991642236709595,0.5448557859935911,APPROVE,Lymphocytes
4,4,0.9999936819076538,0.5454364067592772,APPROVE,Mucus
4,4,0.9965946078300476,0.5430570549049528,APPROVE,Mucus
6,6,0.999962568283081,0.5454146272220762,APPROVE,Normal Colon Mucosa
0,0,0.6165058016777039,0.27699489059831217,BLOCK,Adipose
1,1,0.9999700784683228,0.5454198843517454,APPROVE,Background
4,4,0.9998225569725037,0.545316619304672,APPROVE,Mucus
4,4,0.9999973773956299,0.5454389936008603,APPROVE,Mucus
4,4,0.933967649936676,0.49921818437959264,BLOCK,Mucus
8,8,0.9999333620071411,0.5453941828289183,APPROVE,Colorectal Adenocarcinoma
5,5,0.9973540306091309,0.543588650850311,APPROVE,Smooth Muscle
0,0,0.9998883008956909,0.5453626400509031,APPROVE,Adipose
6,6,0.9928427934646606,0.5404307848491819,APPROVE,Normal Colon Mucosa
8,8,0.9999758005142212,0.5454238897838743,APPROVE,Colorectal Adenocarcinoma
8,8,0.9996647834777832,0.5452061778583677,APPROVE,Colorectal Adenocarcinoma
6,6,0.9894222617149353,0.5380364126243742,APPROVE,Normal Colon Mucosa
0,0,0.9999884366989136,0.5454327351131589,APPROVE,Adipose
0,0,0.9983336329460144,0.5442743724861295,APPROVE,Adipose
1,1,0.9999915361404419,0.545398019028499,APPROVE,Background
1,1,0.9999704360961914,0.5453832489975238,APPROVE,Background
2,2,0.9996365308761597,0.5451495153435015,APPROVE,Debris
4,4,0.9999868869781494,0.5453947646148943,APPROVE,Mucus
5,5,0.99956876039505,0.5451020760067248,APPROVE,Smooth Muscle
4,4,0.9999978542327881,0.5454024416931414,APPROVE,Mucus
0,0,0.9997995495796204,0.545263628435924,APPROVE,Adipose
0,0,0.9590443968772888,0.516735021544292,APPROVE,Adipose
3,3,0.9999991655349731,0.5454033596046709,APPROVE,Lymphocytes
4,4,0.9999942779541016,0.5453999382980609,APPROVE,Mucus
3,3,0.6418920755386353,0.29472839660723443,BLOCK,Lymphocytes
0,0,0.9999504089355469,0.5453692299850725,APPROVE,Adipose
0,0,0.9976012110710144,0.5437247914798998,APPROVE,Adipose
6,6,0.9999833106994629,0.5453922612198138,APPROVE,Normal Colon Mucosa
8,8,0.9989206790924072,0.5446484190948748,APPROVE,Colorectal Adenocarcinoma
8,8,0.9997065663337708,0.5451985401638293,APPROVE,Colorectal Adenocarcinoma
8,8,0.999561607837677,0.5450970692165636,APPROVE,Colorectal Adenocarcinoma
6,6,0.9081347584724426,0.4810982746608996,BLOCK,Normal Colon Mucosa
4,4,0.9998942613601685,0.5453299266823076,APPROVE,Mucus
6,6,0.9794318079948425,0.5310062093265795,APPROVE,Normal Colon Mucosa
4,4,0.9999922513961792,0.5453985197075152,APPROVE,Mucus
8,8,0.9822815656661987,0.5330010396965289,APPROVE,Colorectal Adenocarcinoma
0,0,0.999606192111969,0.545128278208568,APPROVE,Adipose
0,0,0.996669590473175,0.5430726570614123,APPROVE,Adipose
0,0,0.9491806626319885,0.5098304075725817,APPROVE,Adipose
0,0,0.9736828804016113,0.5269819600113177,APPROVE,Adipose
8,8,0.9815888404846191,0.5325161320694232,APPROVE,Colorectal Adenocarcinoma
1,1,0.9999784231185913,0.5453888399132036,APPROVE,Background
2,2,0.9663309454917908,0.5218356055744433,APPROVE,Debris
4,4,0.9932336211204529,0.5406674785145068,APPROVE,Mucus
8,8,0.9999709129333496,0.5453835827835345,APPROVE,Colorectal Adenocarcinoma
1,1,0.9998795986175537,0.5453196627624773,APPROVE,Background
4,4,0.9432487487792969,0.5057117278910004,APPROVE,Mucus
6,6,0.9995742440223694,0.5451395745611511,APPROVE,Normal Colon Mucosa
3,3,0.9999992847442627,0.5454371030664764,APPROVE,Lymphocytes
5,5,0.9999830722808838,0.5454257543421112,APPROVE,Smooth Muscle
1,1,0.9999313354492188,0.5453895385599457,APPROVE,Background
5,5,0.9999053478240967,0.5453713472223602,APPROVE,Smooth Muscle
3,3,0.9999943971633911,0.5454336817598663,APPROVE,Lymphocytes
8,8,0.9999961853027344,0.5454349334574066,APPROVE,Colorectal Adenocarcinoma
0,0,0.9997370839118958,0.5452535624838196,APPROVE,Adipose
6,6,0.9984923601150513,0.5443822558260284,APPROVE,Normal Colon Mucosa
6,6,0.9997676014900208,0.545274924788507,APPROVE,Normal Colon Mucosa
4,4,0.9999949932098389,0.5454340989923797,APPROVE,Mucus
1,1,0.9999819993972778,0.545425003323587,APPROVE,Background
1,1,0.9999423027038574,0.5453972156381928,APPROVE,Background
6,6,0.99993896484375,0.5453948791361175,APPROVE,Normal Colon Mucosa
1,1,0.9999775886535645,0.5454219158029877,APPROVE,Background
5,7,0.49988803267478943,0.19535922661784513,BLOCK,Cancer-Assoc. Stroma
5,2,0.6653723120689392,0.31119822219375,BLOCK,Debris
6,6,0.9765698313713074,0.5290364857054077,APPROVE,Normal Colon Mucosa
8,8,0.9999713897705078,0.545417576584848,APPROVE,Colorectal Adenocarcinoma
1,1,0.9999858140945435,0.545427673611673,APPROVE,Background
0,0,0.998595654964447,0.5444545622206055,APPROVE,Adipose
4,4,0.9873558878898621,0.536586725268396,APPROVE,Mucus
2,2,0.9997509121894836,0.545263242278131,APPROVE,Debris
5,5,0.999933123588562,0.5453907902574859,APPROVE,Smooth Muscle
0,0,0.9996927976608276,0.5452225621080719,APPROVE,Adipose
2,2,0.9996869564056396,0.5452184732294403,APPROVE,Debris
4,4,0.999901294708252,0.545368510041269,APPROVE,Mucus
0,0,0.9995904564857483,0.5451509232855164,APPROVE,Adipose
1,1,0.9999727010726929,0.5454184944963776,APPROVE,Background
7,7,0.9231215715408325,0.49162270382407536,BLOCK,Cancer-Assoc. Stroma
3,3,0.9998244643211365,0.5453147287702881,APPROVE,Lymphocytes
1,1,0.9999579191207886,0.5453834472362554,APPROVE,Background
4,4,0.9999849796295166,0.545402389592365,APPROVE,Mucus
2,2,0.981139600276947,0.5322106240455663,APPROVE,Debris
1,1,0.9999966621398926,0.5454105673496282,APPROVE,Background
4,4,0.9940449595451355,0.5412443755332982,APPROVE,Mucus
8,8,0.9999368190765381,0.54536867720528,APPROVE,Colorectal Adenocarcinoma
8,8,0.6297855973243713,0.2862628219787634,BLOCK,Colorectal Adenocarcinoma
4,4,0.9999982118606567,0.5454116521541631,APPROVE,Mucus
0,0,0.995895504951477,0.5425397573177373,APPROVE,Adipose
0,0,0.9998879432678223,0.545334464139179,APPROVE,Adipose
5,7,0.9993582367897034,0.5449636696044957,APPROVE,Cancer-Assoc. Stroma
8,8,0.9999567270278931,0.5453826127712286,APPROVE,Colorectal Adenocarcinoma
3,3,0.9999854564666748,0.5454027233783757,APPROVE,Lymphocytes
4,4,0.9999622106552124,0.545386451310352,APPROVE,Mucus
0,0,0.956439197063446,0.5149203417961156,APPROVE,Adipose
4,4,0.9998639822006226,0.5453176913921391,APPROVE,Mucus
5,5,0.9999790191650391,0.5453982172672307,APPROVE,Smooth Muscle
8,8,0.9958055019378662,0.5424767552082097,APPROVE,Colorectal Adenocarcinoma
0,0,0.9990003705024719,0.5447131632034338,APPROVE,Adipose
2,2,0.99997878074646,0.5453980503742254,APPROVE,Debris
3,3,0.9995359182357788,0.5450880466167486,APPROVE,Lymphocytes
3,3,0.9998795986175537,0.545328622883991,APPROVE,Lymphocytes
7,7,0.9835491180419922,0.5338972864810979,APPROVE,Cancer-Assoc. Stroma
0,0,0.9939306974411011,0.5411643920604742,APPROVE,Adipose
8,8,0.9993482232093811,0.5449566600982702,APPROVE,Colorectal Adenocarcinoma
1,1,0.9999884366989136,0.5454048095409428,APPROVE,Background
7,7,0.9889103174209595,0.537650126046375,APPROVE,Cancer-Assoc. Stroma
5,5,0.9947146773338318,0.5417131779853857,APPROVE,Smooth Muscle
8,8,0.9999988079071045,0.5454120693866765,APPROVE,Colorectal Adenocarcinoma
0,0,0.9156971573829651,0.486400914019779,BLOCK,Adipose
6,6,0.9972105622291565,0.5434602974121129,APPROVE,Normal Colon Mucosa
7,7,0.9920216202735901,0.5398280380432164,APPROVE,Cancer-Assoc. Stroma
0,4,0.5588037967681885,0.2365648541089349,BLOCK,Mucus
4,4,0.9999986886978149,0.5454012784596735,APPROVE,Mucus
6,6,0.9999994039535522,0.5454017791386896,APPROVE,Normal Colon Mucosa
2,2,0.9892571568489075,0.5378822061654382,APPROVE,Debris
5,5,0.9893375635147095,0.5379384908314997,APPROVE,Smooth Muscle
6,6,0.9999604225158691,0.5453744921323114,APPROVE,Normal Colon Mucosa
8,8,0.9999961853027344,0.545399526083117,APPROVE,Colorectal Adenocarcinoma
0,0,0.9999839067459106,0.5453909310933405,APPROVE,Adipose
3,3,0.9999778270721436,0.5453866753217035,APPROVE,Lymphocytes
8,8,0.9866377115249634,0.5360485944386774,APPROVE,Colorectal Adenocarcinoma
6,6,0.9999048709869385,0.54533560606206,APPROVE,Normal Colon Mucosa
0,0,0.9434723258018494,0.5058328244324976,APPROVE,Adipose
5,2,0.8238269686698914,0.42208107444012694,BLOCK,Debris
0,0,0.9966011047363281,0.5430229696866327,APPROVE,Adipose
5,5,0.9999637603759766,0.5453768286343866,APPROVE,Smooth Muscle
6,6,0.9999955892562866,0.5453991088506036,APPROVE,Normal Colon Mucosa
3,3,0.9998990297317505,0.5453315171834283,APPROVE,Lymphocytes
5,5,0.9957982897758484,0.5424609992142969,APPROVE,Smooth Muscle
4,4,0.999935507774353,0.5453570518132501,APPROVE,Mucus
1,1,0.9999709129333496,0.5453818354245478,APPROVE,Background
0,0,0.9800363183021545,0.5314276191827112,APPROVE,Adipose
0,0,0.9859776496887207,0.5355865511533076,APPROVE,Adipose
0,0,0.9999639987945557,0.5453769955273919,APPROVE,Adipose
8,8,0.9999940395355225,0.5453980240460687,APPROVE,Colorectal Adenocarcinoma
3,3,0.9999966621398926,0.5453998598691279,APPROVE,Lymphocytes
2,2,0.9994982481002808,0.5450509700413996,APPROVE,Debris
6,6,0.999992847442627,0.5453971895810419,APPROVE,Normal Colon Mucosa
1,1,0.999915361404419,0.5453429493542963,APPROVE,Background
8,8,0.9999271631240845,0.5453512105580621,APPROVE,Colorectal Adenocarcinoma
8,8,0.9935316443443298,0.540874347412234,APPROVE,Colorectal Adenocarcinoma
6,6,0.9999748468399048,0.5453845891591363,APPROVE,Normal Colon Mucosa
6,6,0.9999998807907104,0.5454021129247003,APPROVE,Normal Colon Mucosa
8,8,0.9999736547470093,0.5454104259508639,APPROVE,Colorectal Adenocarcinoma
8,8,0.9999725818634033,0.5454096749323397,APPROVE,Colorectal Adenocarcinoma
8,8,0.9999880790710449,0.5454205229776888,APPROVE,Colorectal Adenocarcinoma
0,0,0.9868022799491882,0.5361904635923892,APPROVE,Adipose
4,4,0.9999703168869019,0.5454080894487887,APPROVE,Mucus
4,4,0.9994066953659058,0.5450135543840914,APPROVE,Mucus
8,8,0.9984978437423706,0.5443773582476168,APPROVE,Colorectal Adenocarcinoma
1,1,0.999919056892395,0.5453722074526339,APPROVE,Background
8,8,0.9999349117279053,0.5453833058374911,APPROVE,Colorectal Adenocarcinoma
0,0,0.8730649352073669,0.4565743222731143,BLOCK,Adipose
4,4,1.0,0.5454288676279574,APPROVE,Mucus
0,0,0.7731397747993469,0.3866267099875003,BLOCK,Adipose
3,3,0.9984279870986938,0.544328458597043,APPROVE,Lymphocytes
8,8,0.9996191263198853,0.5451622560518771,APPROVE,Colorectal Adenocarcinoma
0,0,0.9999371767044067,0.5453848913210421,APPROVE,Adipose
0,0,0.8311581015586853,0.42723953871903714,BLOCK,Adipose
0,0,0.9999890327453613,0.5454211905497103,APPROVE,Adipose
6,6,0.979269802570343,0.5309177294271975,APPROVE,Normal Colon Mucosa
3,3,0.9044069647789001,0.47851374297318755,BLOCK,Lymphocytes
0,0,0.5416581034660339,0.22458954005418125,BLOCK,Adipose
6,6,0.9993811845779419,0.5449956968325167,APPROVE,Normal Colon Mucosa
1,1,0.9999725818634033,0.5454096749323397,APPROVE,Background
4,4,0.9999250173568726,0.5453763797777682,APPROVE,Mucus
0,0,0.9999662637710571,0.5454052522676974,APPROVE,Adipose
4,4,0.9999839067459106,0.5454176023500948,APPROVE,Mucus
6,8,0.9905683398246765,0.5388267055052309,APPROVE,Colorectal Adenocarcinoma
8,8,0.99991774559021,0.5453712895411044,APPROVE,Colorectal Adenocarcinoma
4,4,0.9988211989402771,0.5446037068861513,APPROVE,Mucus
8,8,0.9994275569915771,0.5450281575220614,APPROVE,Colorectal Adenocarcinoma
0,0,0.9813241362571716,0.5323557630079775,APPROVE,Adipose
0,0,0.766662061214447,0.3820923104780704,BLOCK,Adipose
3,3,0.9994077682495117,0.5450143054026156,APPROVE,Lymphocytes
1,1,0.999984860420227,0.5453305942736318,APPROVE,Background
1,1,0.9999364614486694,0.5452967149935416,APPROVE,Background
3,3,0.9999513626098633,0.5453071458063773,APPROVE,Lymphocytes
0,0,0.9828176498413086,0.5333135468683889,APPROVE,Adipose
0,0,0.9686166048049927,0.5233728153429679,APPROVE,Adipose
0,0,0.9996844530105591,0.5451203090868643,APPROVE,Adipose
8,8,0.9998722076416016,0.545251737328594,APPROVE,Colorectal Adenocarcinoma
1,1,0.9999825954437256,0.5453290087900808,APPROVE,Background
5,0,0.9682266116142273,0.523099820109432,APPROVE,Adipose
5,5,0.9963489770889282,0.5427854759417227,APPROVE,Smooth Muscle
5,2,0.9592176675796509,0.5167935592852285,APPROVE,Debris
6,6,0.9999996423721313,0.5453409416399649,APPROVE,Normal Colon Mucosa
8,8,0.9999996423721313,0.5453409416399649,APPROVE,Colorectal Adenocarcinoma
5,5,0.9998971223831177,0.5452691776476554,APPROVE,Smooth Muscle
7,7,0.6135553121566772,0.27482991048914707,BLOCK,Cancer-Assoc. Stroma
6,6,0.999680757522583,0.5451177222452811,APPROVE,Normal Colon Mucosa
4,4,0.9998730421066284,0.5452523214541128,APPROVE,Mucus
6,6,0.9999992847442627,0.5453406913004568,APPROVE,Normal Colon Mucosa
7,7,0.9994552731513977,0.5449598831854513,APPROVE,Cancer-Assoc. Stroma
8,7,0.47746503353118896,0.17956671545130523,BLOCK,Cancer-Assoc. Stroma
6,6,0.9999963045120239,0.5453386051378897,APPROVE,Normal Colon Mucosa
8,8,0.9996280670166016,0.545080838891094,APPROVE,Colorectal Adenocarcinoma
4,4,0.9999985694885254,0.5453401906214407,APPROVE,Mucus
6,6,1.0,0.545341191979473,APPROVE,Normal Colon Mucosa
6,6,0.9968419075012207,0.5431305272303274,APPROVE,Normal Colon Mucosa
5,5,0.9999829530715942,0.545329259129589,APPROVE,Smooth Muscle
7,7,0.9998390674591064,0.5452285392008475,APPROVE,Cancer-Assoc. Stroma
1,1,0.9999918937683105,0.5453355176172904,APPROVE,Background
8,8,0.999870777130127,0.5452507359705618,APPROVE,Colorectal Adenocarcinoma
1,1,0.999945878982544,0.5453033072672537,APPROVE,Background
0,0,0.9990455508232117,0.5446730775557211,APPROVE,Adipose
8,8,0.9994682669639587,0.5449689788542441,APPROVE,Colorectal Adenocarcinoma
1,1,0.9999837875366211,0.545422290205092,APPROVE,Background
5,5,0.9999980926513672,0.5454323037854143,APPROVE,Smooth Muscle
0,0,0.9763774275779724,0.528897838234038,APPROVE,Adipose
8,8,0.9998551607131958,0.5453322514286943,APPROVE,Colorectal Adenocarcinoma
2,2,0.9997910857200623,0.5452873989335009,APPROVE,Debris
8,8,0.9999109506607056,0.5453713043919511,APPROVE,Colorectal Adenocarcinoma
4,4,0.9557992815971375,0.5144931360474535,APPROVE,Mucus
8,8,0.9999042749404907,0.5453666313878008,APPROVE,Colorectal Adenocarcinoma
0,0,0.9997338652610779,0.5452473446122118,APPROVE,Adipose
5,0,0.6639314889907837,0.3101856812230059,BLOCK,Adipose
1,1,0.9999088048934937,0.5453698023549028,APPROVE,Background
8,8,0.9997711777687073,0.5452734633675523,APPROVE,Colorectal Adenocarcinoma
6,6,0.9999996423721313,0.5454333885899493,APPROVE,Normal Colon Mucosa
5,5,0.9869689345359802,0.5363118931046434,APPROVE,Smooth Muscle
4,4,0.9999961853027344,0.5454309686413713,APPROVE,Mucus
8,8,0.9999018907546997,0.5453649624577471,APPROVE,Colorectal Adenocarcinoma
0,0,0.9999562501907349,0.5454030140629716,APPROVE,Adipose
4,4,0.9992477893829346,0.5449070914975115,APPROVE,Mucus
4,4,0.998254120349884,0.5442115231743762,APPROVE,Mucus
4,4,0.9942600727081299,0.5414156898251482,APPROVE,Mucus
6,6,0.9999880790710449,0.5454252942791887,APPROVE,Normal Colon Mucosa
6,6,0.9977445602416992,0.5438548310986467,APPROVE,Normal Colon Mucosa
8,8,0.9532625079154968,0.5127173944703051,APPROVE,Colorectal Adenocarcinoma
1,1,0.9999802112579346,0.5454197868100115,APPROVE,Background
2,2,0.9989521503448486,0.5447001441708513,APPROVE,Debris
3,3,0.9999864101409912,0.5454241260281512,APPROVE,Lymphocytes
4,4,0.9996746778488159,0.5452059134236285,APPROVE,Mucus
4,4,0.9999969005584717,0.5454314693203874,APPROVE,Mucus
1,1,0.9998977184295654,0.5453620418301531,APPROVE,Background
6,6,0.9999932050704956,0.5454288824788042,APPROVE,Normal Colon Mucosa
8,8,0.9999455213546753,0.54539550387773,APPROVE,Colorectal Adenocarcinoma
4,4,0.9998785257339478,0.5453486069432207,APPROVE,Mucus
8,8,0.9988462924957275,0.5445761849910903,APPROVE,Colorectal Adenocarcinoma
6,6,0.996915340423584,0.5432245185405897,APPROVE,Normal Colon Mucosa
8,8,0.9999561309814453,0.5453530719310927,APPROVE,Colorectal Adenocarcinoma
6,6,0.9963716268539429,0.5428439190418409,APPROVE,Normal Colon Mucosa
0,0,0.9945799112319946,0.5415897181064772,APPROVE,Adipose
1,1,0.9999833106994629,0.545372097733705,APPROVE,Background
8,8,0.9614070057868958,0.518368684294908,APPROVE,Colorectal Adenocarcinoma
0,0,0.9993991851806641,0.5449632098705458,APPROVE,Adipose
8,8,0.9999585151672363,0.5453547408611464,APPROVE,Colorectal Adenocarcinoma
8,8,0.9999393224716187,0.545341305974214,APPROVE,Colorectal Adenocarcinoma
6,6,0.9991785883903503,0.5448087921173262,APPROVE,Normal Colon Mucosa
0,0,0.9987849593162537,0.5445332517654585,APPROVE,Adipose
4,4,0.9999949932098389,0.5453802754909681,APPROVE,Mucus
3,3,0.9922188520431519,0.5399369766742873,APPROVE,Lymphocytes
2,2,0.999845027923584,0.5452752997905898,APPROVE,Debris
6,6,0.9999891519546509,0.5453761866123366,APPROVE,Normal Colon Mucosa
2,2,0.9978958368301392,0.5439108660251784,APPROVE,Debris
8,8,0.9910548329353333,0.5391221632988142,APPROVE,Colorectal Adenocarcinoma
5,5,0.99534010887146,0.5421218564541029,APPROVE,Smooth Muscle
3,3,0.9985149502754211,0.5443442454368758,APPROVE,Lymphocytes
8,8,0.9998922348022461,0.5453083446056533,APPROVE,Colorectal Adenocarcinoma
4,4,0.9009460806846619,0.4760460367233443,BLOCK,Mucus
1,1,0.9999827146530151,0.5453716805011916,APPROVE,Background
8,8,0.9999829530715942,0.545371847394197,APPROVE,Colorectal Adenocarcinoma
8,8,0.9988571405410767,0.5445837786228346,APPROVE,Colorectal Adenocarcinoma
8,8,0.9999692440032959,0.5453622510463881,APPROVE,Colorectal Adenocarcinoma
1,1,0.9999163150787354,0.5453252007991957,APPROVE,Background
4,4,0.9999521970748901,0.545350318196504,APPROVE,Mucus
4,4,0.9901988506317139,0.5385229756862807,APPROVE,Mucus
3,3,0.9999885559082031,0.5453757693798231,APPROVE,Lymphocytes
6,6,0.4157464802265167,0.13640631640264272,BLOCK,Normal Colon Mucosa
4,4,0.9997578263282776,0.5452142586738753,APPROVE,Mucus
6,6,0.9999980926513672,0.545472936434782,APPROVE,Normal Colon Mucosa
3,3,0.998358428478241,0.5443251715135937,APPROVE,Lymphocytes
4,4,0.9999985694885254,0.5454732702207927,APPROVE,Mucus
8,8,0.9996351003646851,0.5452188418341045,APPROVE,Colorectal Adenocarcinoma
8,8,0.9895941019058228,0.5381901429129009,APPROVE,Colorectal Adenocarcinoma
1,1,0.9997383952140808,0.5452911482286815,APPROVE,Background
5,5,0.9999532699584961,0.5454415605497722,APPROVE,Smooth Muscle
4,4,0.9999972581863403,0.5454723523092633,APPROVE,Mucus
7,7,0.9969426989555359,0.5433341608477001,APPROVE,Cancer-Assoc. Stroma
6,6,0.9999431371688843,0.545434467597044,APPROVE,Normal Colon Mucosa
8,8,0.999997615814209,0.5454726026487713,APPROVE,Colorectal Adenocarcinoma
4,4,0.9999995231628418,0.5454739377928143,APPROVE,Mucus
2,2,0.9973363280296326,0.5436097011995678,APPROVE,Debris
1,1,0.9999892711639404,0.5454667613935833,APPROVE,Background
4,4,0.9999516010284424,0.5454403922987346,APPROVE,Mucus
5,5,0.999691367149353,0.5452582285833721,APPROVE,Smooth Muscle
1,1,0.9998894929885864,0.5453969166708355,APPROVE,Background
0,0,0.9999357461929321,0.5454292939138775,APPROVE,Adipose
4,4,0.679084300994873,0.3208332822752361,BLOCK,Mucus
4,0,0.6297342777252197,0.2862882659864788,BLOCK,Adipose
2,2,0.9999996423721313,0.545474021239317,APPROVE,Debris
4,4,0.9999395608901978,0.5454319642019634,APPROVE,Mucus
3,3,0.9999940395355225,0.5454700992536907,APPROVE,Lymphocytes
2,2,0.9993728995323181,0.5450353012514477,APPROVE,Debris
7,7,0.9999516010284424,0.5454403922987346,APPROVE,Cancer-Assoc. Stroma
0,4,0.9884558916091919,0.5373933957052593,APPROVE,Mucus
0,0,0.977051317691803,0.5294101939630871,APPROVE,Adipose
3,3,0.9999709129333496,0.5454539106321697,APPROVE,Lymphocytes
2,2,0.9999990463256836,0.5454736040068036,APPROVE,Debris
8,8,0.9996090531349182,0.5452006087732677,APPROVE,Colorectal Adenocarcinoma
1,1,0.9999654293060303,0.5454500720930462,APPROVE,Background
0,0,0.566608726978302,0.24210038046363638,BLOCK,Adipose
8,8,0.997405469417572,0.5435609250067823,APPROVE,Colorectal Adenocarcinoma
6,6,0.9999992847442627,0.5453765957354658,APPROVE,Normal Colon Mucosa
4,4,0.9996805191040039,0.5451534597872847,APPROVE,Mucus
8,8,0.6774821877479553,0.3196146278380506,BLOCK,Colorectal Adenocarcinoma
8,8,0.9999760389328003,0.5453603236674421,APPROVE,Colorectal Adenocarcinoma
5,7,0.8966974020004272,0.47306527781478097,BLOCK,Cancer-Assoc. Stroma
0,0,0.9977155923843384,0.5437780110835189,APPROVE,Adipose
8,8,0.9993031024932861,0.5448892681597822,APPROVE,Colorectal Adenocarcinoma
8,8,0.999971866607666,0.5453574030398481,APPROVE,Colorectal Adenocarcinoma
3,3,0.9950157999992371,0.5418881564139479,APPROVE,Lymphocytes
3,3,0.9999690055847168,0.5453554003237837,APPROVE,Lymphocytes
0,0,0.9999775886535645,0.5453614084719771,APPROVE,Adipose
6,6,0.9999985694885254,0.5453760950564497,APPROVE,Normal Colon Mucosa
8,8,0.999976634979248,0.5453607408999556,APPROVE,Colorectal Adenocarcinoma
1,1,0.9998990297317505,0.5453064172267073,APPROVE,Background
5,0,0.8510709404945374,0.44112675476065805,BLOCK,Adipose
6,6,0.9999992847442627,0.5453765957354658,APPROVE,Normal Colon Mucosa
0,0,0.9997285008430481,0.5451870470046156,APPROVE,Adipose
5,5,0.9999877214431763,0.5453685014247054,APPROVE,Smooth Muscle
1,1,0.9999614953994751,0.5453501431941146,APPROVE,Background
2,2,0.9998192191123962,0.5452505497931593,APPROVE,Debris
8,8,0.9999144077301025,0.5453171818255538,APPROVE,Colorectal Adenocarcinoma
4,4,0.7424196004867554,0.36507081675521064,BLOCK,Mucus
4,4,0.9941628575325012,0.5412910966872329,APPROVE,Mucus
4,4,0.9996784925460815,0.545152041196739,APPROVE,Mucus
1,1,0.9999910593032837,0.5453708379267805,APPROVE,Background
1,1,0.9999121427536011,0.5453155963420027,APPROVE,Background
8,8,0.994758665561676,0.5417081623076552,APPROVE,Colorectal Adenocarcinoma
1,1,0.9999905824661255,0.5453705041407698,APPROVE,Background
8,8,0.9988763928413391,0.5445905714034194,APPROVE,Colorectal Adenocarcinoma
3,3,0.9999293088912964,0.5453276126383895,APPROVE,Lymphocytes
6,6,0.9988827109336853,0.5445949940680617,APPROVE,Normal Colon Mucosa
3,3,0.9967036843299866,0.5431447909692787,APPROVE,Lymphocytes
8,8,0.9957736134529114,0.542493741355326,APPROVE,Colorectal Adenocarcinoma
1,1,0.9999547004699707,0.5454205022672676,APPROVE,Background
3,8,0.6590887904167175,0.30681436522999034,BLOCK,Colorectal Adenocarcinoma
8,8,0.9998950958251953,0.5453787790159248,APPROVE,Colorectal Adenocarcinoma
4,5,0.7056328058242798,0.33939517601528396,BLOCK,Smooth Muscle
4,4,0.9998494386672974,0.5453468190053963,APPROVE,Mucus
6,6,0.9999252557754517,0.5453998909811042,APPROVE,Normal Colon Mucosa
0,0,0.9885714650154114,0.537452237449076,APPROVE,Adipose
3,3,0.9932571649551392,0.5407322274068855,APPROVE,Lymphocytes
4,4,0.9999778270721436,0.5454366908887885,APPROVE,Mucus
0,0,0.9990266561508179,0.5447708712438606,APPROVE,Adipose
0,0,0.991815984249115,0.5397234009126686,APPROVE,Adipose
0,0,0.7981388568878174,0.40414941175976027,BLOCK,Adipose
7,7,0.9466560482978821,0.5081114457468056,APPROVE,Cancer-Assoc. Stroma
5,5,0.9999651908874512,0.5454278455595039,APPROVE,Smooth Muscle
0,0,0.9997896552085876,0.5453049705842994,APPROVE,Adipose
1,1,0.9999490976333618,0.5454165802816413,APPROVE,Background
0,0,0.9635041356086731,0.5199051068643592,APPROVE,Adipose
6,6,0.9999808073043823,0.5454387770513557,APPROVE,Normal Colon Mucosa
2,7,0.32103291153907776,0.07017525001564255,BLOCK,Cancer-Assoc. Stroma
4,4,0.9998717308044434,0.5453624235013984,APPROVE,Mucus
7,7,0.567760705947876,0.24288470610180132,BLOCK,Cancer-Assoc. Stroma
0,0,0.9999799728393555,0.545438192925837,APPROVE,Adipose
2,2,0.9962778687477112,0.5428467200616859,APPROVE,Debris
6,6,0.9984927177429199,0.544397114358332,APPROVE,Normal Colon Mucosa
5,7,0.8531773090362549,0.44267632826366654,BLOCK,Cancer-Assoc. Stroma
8,8,0.9999544620513916,0.5454203353742622,APPROVE,Colorectal Adenocarcinoma
4,4,0.9986650943756104,0.5445177780012154,APPROVE,Mucus
4,4,0.9999994039535522,0.5454517947057747,APPROVE,Mucus
6,4,0.3595373034477234,0.09712832435169451,BLOCK,Mucus
5,5,0.9999599456787109,0.5454241739133857,APPROVE,Smooth Muscle
0,0,0.9999959468841553,0.5454100667549151,APPROVE,Adipose
0,0,0.9999988079071045,0.5454120694709795,APPROVE,Adipose
1,4,0.7934268116950989,0.4008116721225756,BLOCK,Mucus
1,1,0.9999805688858032,0.5453993021560687,APPROVE,Background
0,4,0.9246537089347839,0.4926705001903552,BLOCK,Mucus
8,7,0.8445804715156555,0.43661923399696523,BLOCK,Cancer-Assoc. Stroma
7,7,0.49725303053855896,0.19349002531299767,BLOCK,Cancer-Assoc. Stroma
7,5,0.8494911789894104,0.4400567292285936,BLOCK,Smooth Muscle
8,8,0.9963561296463013,0.5428621946884172,APPROVE,Colorectal Adenocarcinoma
2,2,0.999127209186554,0.5448019503665942,APPROVE,Debris
8,8,0.9997550845146179,0.5452414630962389,APPROVE,Colorectal Adenocarcinoma
5,5,0.9997400641441345,0.5452309488369006,APPROVE,Smooth Muscle
5,5,0.9999867677688599,0.5454036413742083,APPROVE,Smooth Muscle
0,0,0.5417376160621643,0.2246292351795214,BLOCK,Adipose
5,5,0.9991156458854675,0.5447938560558336,APPROVE,Smooth Muscle
2,2,0.9994213581085205,0.5450078546119708,APPROVE,Debris
6,6,0.9998989105224609,0.5453421413017291,APPROVE,Normal Colon Mucosa
4,4,0.999994158744812,0.5454088150573748,APPROVE,Mucus
4,4,0.9999866485595703,0.5454035579277056,APPROVE,Mucus
8,8,0.9997063279151917,0.5452073334766405,APPROVE,Colorectal Adenocarcinoma
8,8,0.99997878074646,0.5453980504585284,APPROVE,Colorectal Adenocarcinoma
0,0,0.9998703002929688,0.5453221141410846,APPROVE,Adipose
5,7,0.5401273965835571,0.22350208154449638,BLOCK,Cancer-Assoc. Stroma
1,1,0.9999586343765259,0.5453839479995745,APPROVE,Background
8,8,0.965195894241333,0.5210500299049395,APPROVE,Colorectal Adenocarcinoma
7,7,0.9991230368614197,0.5447990297390002,APPROVE,Cancer-Assoc. Stroma
0,0,0.9975082874298096,0.543668705136873,APPROVE,Adipose
3,3,0.9999864101409912,0.5454033910347003,APPROVE,Lymphocytes
8,8,0.9999691247940063,0.5453912912918109,APPROVE,Colorectal Adenocarcinoma
3,3,0.9992311000823975,0.5448746739936846,APPROVE,Lymphocytes
6,6,0.9998258948326111,0.5452910303188342,APPROVE,Normal Colon Mucosa
6,6,0.9997609257698059,0.5452455519748706,APPROVE,Normal Colon Mucosa
4,4,0.9991865754127502,0.5448974473992951,APPROVE,Mucus
4,4,0.9999970197677612,0.5454647584478028,APPROVE,Mucus
6,8,0.9704535007476807,0.5247842951337465,APPROVE,Colorectal Adenocarcinoma
4,5,0.8020289540290833,0.4068871124307283,BLOCK,Smooth Muscle
5,5,0.9987766146659851,0.5446104748765596,APPROVE,Smooth Muscle
3,3,0.9993282556533813,0.5449966235677369,APPROVE,Lymphocytes
1,1,0.9999322891235352,0.5454194469968446,APPROVE,Background
4,4,0.9854474067687988,0.5352800293485291,APPROVE,Mucus
0,0,0.9971292614936829,0.543457327655948,APPROVE,Adipose
5,5,0.9999183416366577,0.5454096837560304,APPROVE,Smooth Muscle
0,0,0.9995341300964355,0.5451407356778749,APPROVE,Adipose
0,0,0.9984033703804016,0.5443492038766511,APPROVE,Adipose
6,6,0.9915278553962708,0.5395363433877595,APPROVE,Normal Colon Mucosa
4,4,0.9998757839202881,0.5453798933545716,APPROVE,Mucus
0,0,0.7457860708236694,0.36751709418693856,BLOCK,Adipose
8,8,0.9997546076774597,0.5452950699845918,APPROVE,Colorectal Adenocarcinoma
2,2,0.9995654225349426,0.5451626403848299,APPROVE,Debris
3,3,0.9999685287475586,0.545444814733661,APPROVE,Lymphocytes
3,3,0.9999444484710693,0.5454279585401185,APPROVE,Lymphocytes
5,5,0.9999701976776123,0.5454459829846986,APPROVE,Smooth Muscle
0,0,0.9999761581420898,0.5454501553098329,APPROVE,Adipose
5,5,0.9999886751174927,0.5454589171926149,APPROVE,Smooth Muscle
4,4,0.9996844530105591,0.5452459617177613,APPROVE,Mucus
0,0,0.99692302942276,0.543312965206302,APPROVE,Adipose
0,4,0.5425890684127808,0.22527919249931655,BLOCK,Mucus
0,0,0.8778598308563232,0.45996872620979623,BLOCK,Adipose
4,4,0.9999798536300659,0.5454527421514161,APPROVE,Mucus
3,3,0.999971866607666,0.5454471512357362,APPROVE,Lymphocytes
6,6,1.0,0.54546684461037,APPROVE,Normal Colon Mucosa
1,1,0.9999319314956665,0.5454191966573365,APPROVE,Background
1,1,0.9998797178268433,0.5453826470891603,APPROVE,Background
1,1,0.9999717473983765,0.5454470677892335,APPROVE,Background
4,4,0.8334028720855713,0.42873223453678805,BLOCK,Mucus
0,0,0.9985637068748474,0.5443448188892812,APPROVE,Adipose
3,3,0.9986429810523987,0.5444003108135671,APPROVE,Lymphocytes
1,1,0.9999499320983887,0.5453151765457601,APPROVE,Background
2,7,0.6599017977714539,0.3072814825169058,BLOCK,Cancer-Assoc. Stroma
1,1,0.9999738931655884,0.5453319492927999,APPROVE,Background
8,8,0.9999890327453613,0.5453425469986409,APPROVE,Colorectal Adenocarcinoma
6,6,0.999403715133667,0.5449328246704549,APPROVE,Normal Colon Mucosa
8,8,0.9999959468841553,0.5453473868957968,APPROVE,Colorectal Adenocarcinoma
5,0,0.847169816493988,0.4383690956226797,BLOCK,Adipose
4,4,0.9760117530822754,0.5285584512344809,APPROVE,Mucus
8,8,0.9997761845588684,0.5451935532680959,APPROVE,Colorectal Adenocarcinoma
4,4,0.9982905983924866,0.5441536429516286,APPROVE,Mucus
4,4,0.9999724626541138,0.5453309479347677,APPROVE,Mucus
4,4,0.9982503056526184,0.5441254380337209,APPROVE,Mucus
6,6,0.9999798536300659,0.5453361216179342,APPROVE,Normal Colon Mucosa
0,0,0.9980802536010742,0.54400640159764,APPROVE,Adipose
0,0,0.999086856842041,0.5447110238663168,APPROVE,Adipose
0,0,0.9883253574371338,0.5371779742828817,APPROVE,Adipose
6,8,0.735447883605957,0.36016374260105805,BLOCK,Colorectal Adenocarcinoma
0,0,0.9999984502792358,0.5453491392723532,APPROVE,Adipose
4,4,0.9998871088027954,0.5452712002388448,APPROVE,Mucus
4,4,0.999956488609314,0.5453197661034078,APPROVE,Mucus
8,8,0.9839745163917542,0.534132385551116,APPROVE,Colorectal Adenocarcinoma
7,7,0.992708146572113,0.5402459266773671,APPROVE,Cancer-Assoc. Stroma
1,1,0.999958872795105,0.5453214350334615,APPROVE,Background
0,0,0.9992432594299316,0.5448205056778402,APPROVE,Adipose
7,7,0.8563812375068665,0.44481709033169464,BLOCK,Cancer-Assoc. Stroma
2,2,0.9994446635246277,0.5449614885441274,APPROVE,Debris
3,3,0.9999979734420776,0.5453488054863423,APPROVE,Lymphocytes
8,8,0.9907425045967102,0.5388699772945852,APPROVE,Colorectal Adenocarcinoma
6,6,0.9999978542327881,0.5453487220398398,APPROVE,Normal Colon Mucosa
0,0,0.8732410073280334,0.4566308757479147,BLOCK,Adipose
0,0,0.9999932050704956,0.5453574141676382,APPROVE,Adipose
6,6,0.9999979734420776,0.5453607520277456,APPROVE,Normal Colon Mucosa
5,2,0.9660529494285583,0.5215992352182821,APPROVE,Debris
7,7,0.9999778270721436,0.5453466495687918,APPROVE,Cancer-Assoc. Stroma
0,0,0.9915326237678528,0.5394350072557882,APPROVE,Adipose
0,0,0.9968204498291016,0.5431364854986623,APPROVE,Adipose
1,1,0.9999817609786987,0.5453494033033804,APPROVE,Background
5,5,0.9968810081481934,0.5431788763220267,APPROVE,Smooth Muscle
4,4,0.9999717473983765,0.5453423937971548,APPROVE,Mucus
0,0,0.6872941255569458,0.32646805850815336,BLOCK,Adipose
3,3,0.9999998807907104,0.5453620871717886,APPROVE,Lymphocytes
1,1,0.9999688863754272,0.5453403910810903,APPROVE,Background
3,3,0.9999991655349731,0.5453615864927724,APPROVE,Lymphocytes
2,7,0.7927159070968628,0.40026330558609524,BLOCK,Cancer-Assoc. Stroma
8,8,0.9995761513710022,0.5450654765779929,APPROVE,Colorectal Adenocarcinoma
6,6,0.9999997615814209,0.5453620037252859,APPROVE,Normal Colon Mucosa
3,3,0.9993135929107666,0.544881685655828,APPROVE,Lymphocytes
1,1,0.9999762773513794,0.5453455647642569,APPROVE,Background
4,4,0.9997445940971375,0.5451833864862875,APPROVE,Mucus
8,8,0.9998742341995239,0.545274134557958,APPROVE,Colorectal Adenocarcinoma
0,0,0.8745365738868713,0.4575377723391012,BLOCK,Adipose
2,2,0.902945876121521,0.477424283903356,BLOCK,Debris
4,4,0.9969151020050049,0.5432027420217947,APPROVE,Mucus
0,0,0.9999330043792725,0.545315273683782,APPROVE,Adipose
0,0,0.9961978793144226,0.5427006861383871,APPROVE,Adipose
1,1,0.9999594688415527,0.5453337988073782,APPROVE,Background
1,1,0.9999586343765259,0.5453332146818594,APPROVE,Background
4,4,0.9999843835830688,0.5453512391264395,APPROVE,Mucus
1,1,0.9999585151672363,0.5453331312353568,APPROVE,Background
4,4,1.0,0.5453621706182913,APPROVE,Mucus
0,0,0.999990701675415,0.5453556617910819,APPROVE,Adipose
1,1,0.9999507665634155,0.5454161242819673,APPROVE,Background
1,1,0.9999345541000366,0.545404775557602,APPROVE,Background
5,7,0.9853785037994385,0.5352155403471833,APPROVE,Cancer-Assoc. Stroma
1,1,0.9999293088912964,0.5454011039114839,APPROVE,Background
2,2,0.999779999256134,0.5452965871668702,APPROVE,Debris
3,3,0.999543309211731,0.545130904135788,APPROVE,Lymphocytes
0,0,0.9999995231628418,0.5454502539015657,APPROVE,Adipose
4,4,0.9996185302734375,0.5451835588789826,APPROVE,Mucus
4,4,0.9999641180038452,0.545425470290268,APPROVE,Mucus
4,4,0.9995293617248535,0.5451211408949739,APPROVE,Mucus
8,8,0.9977545142173767,0.5438787476397401,APPROVE,Colorectal Adenocarcinoma
0,0,0.9970986843109131,0.5434196667052156,APPROVE,Adipose
4,4,0.9999980926513672,0.5454492525435334,APPROVE,Mucus
3,3,0.9997866749763489,0.5453012601710205,APPROVE,Lymphocytes
0,0,0.8637884259223938,0.45010248583325213,BLOCK,Adipose
5,2,0.9542334675788879,0.5134140149927979,APPROVE,Debris
1,1,0.9999723434448242,0.5454312280989533,APPROVE,Background
5,5,0.9952685236930847,0.5421385542727357,APPROVE,Smooth Muscle
4,4,0.9994538426399231,0.5450682775355226,APPROVE,Mucus
5,2,0.991795003414154,0.5397070900774842,APPROVE,Debris
1,1,0.9999672174453735,0.5454276398993378,APPROVE,Background
8,8,0.8363935351371765,0.43092606228360003,BLOCK,Colorectal Adenocarcinoma
6,6,0.9999995231628418,0.5454502539015657,APPROVE,Normal Colon Mucosa
1,1,0.9999446868896484,0.5454118685103303,APPROVE,Background
0,0,0.9998538494110107,0.5453482822752839,APPROVE,Adipose
4,4,1.0,0.5454505876875764,APPROVE,Mucus
6,7,0.6554190516471863,0.30424392384060683,BLOCK,Cancer-Assoc. Stroma
8,8,0.9971369504928589,0.5434464530325775,APPROVE,Colorectal Adenocarcinoma
1,1,0.9999856948852539,0.5454405741072541,APPROVE,Background
4,4,0.9994457364082336,0.5450626031733399,APPROVE,Mucus
2,2,0.9998043179512024,0.5453136102534181,APPROVE,Debris
3,3,0.9996227025985718,0.5451864795065766,APPROVE,Lymphocytes
8,8,0.9996687173843384,0.545178884386024,APPROVE,Colorectal Adenocarcinoma
1,1,0.9999909400939941,0.545404440282783,APPROVE,Background
0,0,0.9966408014297485,0.5430593432178111,APPROVE,Adipose
0,0,0.9999905824661255,0.545404189943275,APPROVE,Adipose
7,7,0.9059125781059265,0.47954958689113575,BLOCK,Cancer-Assoc. Stroma
7,7,0.9949102997779846,0.5418479920615764,APPROVE,Cancer-Assoc. Stroma
6,8,0.5110822916030884,0.20316838633914908,BLOCK,Colorectal Adenocarcinoma
7,7,0.7318735122680664,0.3577222408046337,BLOCK,Cancer-Assoc. Stroma
8,8,0.9999197721481323,0.5453546227206798,APPROVE,Colorectal Adenocarcinoma
6,6,1.0,0.5454107822169871,APPROVE,Normal Colon Mucosa
2,2,0.999588668346405,0.5451228500594707,APPROVE,Debris
7,7,0.8089061379432678,0.4116450787772747,BLOCK,Cancer-Assoc. Stroma
0,4,0.7706963419914246,0.38489822161098436,BLOCK,Mucus
6,0,0.4687633216381073,0.1735451073636623,BLOCK,Adipose
3,3,0.9999666213989258,0.5453874171962352,APPROVE,Lymphocytes
0,0,0.810745120048523,0.41293236625095325,BLOCK,Adipose
0,0,0.9999904632568359,0.5454041064967723,APPROVE,Adipose
4,4,0.9999492168426514,0.5453752340068431,APPROVE,Mucus
3,3,0.9999822378158569,0.545398348688087,APPROVE,Lymphocytes
3,3,0.9921219348907471,0.5398961366405101,APPROVE,Lymphocytes
4,4,0.9969735145568848,0.5432922424068065,APPROVE,Mucus
8,8,0.9997984766960144,0.5452697159041973,APPROVE,Colorectal Adenocarcinoma
0,0,0.7701931595802307,0.38454599392314864,BLOCK,Adipose
1,1,0.9999107122421265,0.5453482807864757,APPROVE,Background
8,8,0.999614953994751,0.5451412500133128,APPROVE,Colorectal Adenocarcinoma
1,1,0.9999524354934692,0.5453774870624156,APPROVE,Background
1,1,0.999994158744812,0.5454066933383556,APPROVE,Background
3,3,0.9997329115867615,0.5452238203277202,APPROVE,Lymphocytes
5,5,0.9996404647827148,0.5451591075648875,APPROVE,Smooth Muscle
1,1,0.9999877214431763,0.5454021872272106,APPROVE,Background
4,4,0.9997723698616028,0.545251441120109,APPROVE,Mucus
0,0,0.9999908208847046,0.5454043568362803,APPROVE,Adipose
4,4,0.9999905824661255,0.5454015720462179,APPROVE,Mucus
1,1,0.999943733215332,0.5453687775706624,APPROVE,Background
6,6,0.9999369382858276,0.5453640211200094,APPROVE,Normal Colon Mucosa
0,0,0.9990102052688599,0.544715308008132,APPROVE,Adipose
5,5,0.9998350143432617,0.5452926743602132,APPROVE,Smooth Muscle
8,8,0.9999494552612305,0.5453727830027914,APPROVE,Colorectal Adenocarcinoma
4,4,0.9995251893997192,0.5450757968997335,APPROVE,Mucus
1,1,0.999934196472168,0.5453621018504475,APPROVE,Background
6,6,0.9998289346694946,0.5452884185885762,APPROVE,Normal Colon Mucosa
1,1,0.9999401569366455,0.5453662741755818,APPROVE,Background
6,6,0.999997615814209,0.5454064953898763,APPROVE,Normal Colon Mucosa
6,6,0.9999895095825195,0.5454008210276937,APPROVE,Normal Colon Mucosa
0,0,0.9999595880508423,0.5453798759555196,APPROVE,Adipose
1,1,0.9998863935470581,0.5453286398028707,APPROVE,Background
6,6,0.9998893737792969,0.5453307259654379,APPROVE,Normal Colon Mucosa
4,4,0.9999991655349731,0.5454075801944112,APPROVE,Mucus
1,1,0.9999327659606934,0.5453611004924154,APPROVE,Background
4,4,0.9851346611976624,0.5350024271582936,APPROVE,Mucus
4,4,0.9996073842048645,0.5451333332633351,APPROVE,Mucus
3,3,0.9993195533752441,0.5449318516826009,APPROVE,Lymphocytes
3,3,0.9999635219573975,0.5453826296901082,APPROVE,Lymphocytes
3,3,0.9999039173126221,0.5453409064387654,APPROVE,Lymphocytes
0,0,0.8895144462585449,0.4680682767009115,BLOCK,Adipose
4,4,0.9999808073043823,0.5453947294329976,APPROVE,Mucus
3,3,0.9999998807907104,0.5454080808734273,APPROVE,Lymphocytes
3,3,0.9999904632568359,0.5454014885997152,APPROVE,Lymphocytes
6,6,0.9998979568481445,0.5453367341136311,APPROVE,Normal Colon Mucosa
8,8,0.999964714050293,0.5453834641551351,APPROVE,Colorectal Adenocarcinoma
4,4,0.9999741315841675,0.5453900564288472,APPROVE,Mucus
5,5,0.9991908669471741,0.5448417711829519,APPROVE,Smooth Muscle
3,3,0.999977707862854,0.5453925598239278,APPROVE,Lymphocytes
6,6,0.9625086188316345,0.5191641975020742,APPROVE,Normal Colon Mucosa
4,4,0.9996397495269775,0.5450599305261503,APPROVE,Mucus
5,5,0.9999842643737793,0.5453010909189115,APPROVE,Smooth Muscle
6,6,0.9999991655349731,0.5453115217317472,APPROVE,Normal Colon Mucosa
4,4,0.999610960483551,0.5450397781957518,APPROVE,Mucus
0,0,0.9937020540237427,0.5409035436738859,APPROVE,Adipose
6,6,0.9925523996353149,0.5400987856019865,APPROVE,Normal Colon Mucosa
6,6,0.999699592590332,0.5451018206704985,APPROVE,Normal Colon Mucosa
8,8,0.9964029788970947,0.5427941910852324,APPROVE,Colorectal Adenocarcinoma
7,7,0.9901533722877502,0.5384194664586912,APPROVE,Cancer-Assoc. Stroma
4,4,0.9999009370803833,0.5452427618135344,APPROVE,Mucus
8,8,0.9970331192016602,0.5432352892984282,APPROVE,Colorectal Adenocarcinoma
8,8,0.998134434223175,0.5440062098134886,APPROVE,Colorectal Adenocarcinoma
